timestamp, power.draw [W], temperature.gpu, utilization.gpu [%], memory.used [MiB]
2026/08/03 18:01:20.785, 10.30 W, 36, 0 %, 7 MiB
2026/08/03 18:01:21.797, 10.50 W, 36, 0 %, 7 MiB
2026/08/03 18:01:22.805, 10.46 W, 36, 0 %, 7 MiB
2026/08/03 18:01:23.812, 10.40 W, 36, 0 %, 7 MiB
2026/08/03 18:01:24.820, 24.97 W, 37, 0 %, 62 MiB
2026/08/03 18:01:25.824, 25.14 W, 37, 0 %, 102 MiB
2026/08/03 18:01:26.827, 24.99 W, 37, 0 %, 102 MiB
2026/08/03 18:01:27.830, 25.01 W, 37, 0 %, 102 MiB
2026/08/03 18:01:28.833, 25.06 W, 37, 0 %, 112 MiB
2026/08/03 18:01:29.837, 25.10 W, 38, 0 %, 388 MiB
2026/08/03 18:01:30.840, 25.10 W, 38, 7 %, 3708 MiB
2026/08/03 18:01:31.845, 25.17 W, 38, 7 %, 3708 MiB
2026/08/03 18:01:32.850, 30.75 W, 38, 0 %, 2396 MiB
2026/08/03 18:01:33.856, 40.51 W, 39, 16 %, 3040 MiB
2026/08/03 18:01:34.860, 69.94 W, 44, 27 %, 3514 MiB
2026/08/03 18:01:35.864, 71.98 W, 45, 61 %, 3520 MiB
2026/08/03 18:01:36.868, 66.43 W, 46, 94 %, 3520 MiB
2026/08/03 18:01:37.877, 73.00 W, 46, 92 %, 3520 MiB
2026/08/03 18:01:38.880, 65.71 W, 47, 94 %, 3520 MiB
2026/08/03 18:01:39.884, 73.08 W, 46, 92 %, 3520 MiB
2026/08/03 18:01:40.890, 70.29 W, 47, 94 %, 3524 MiB
2026/08/03 18:01:41.893, 72.32 W, 47, 92 %, 3524 MiB
2026/08/03 18:01:42.897, 77.01 W, 48, 94 %, 3524 MiB
2026/08/03 18:01:43.901, 74.57 W, 47, 93 %, 3524 MiB
2026/08/03 18:01:44.905, 76.32 W, 48, 93 %, 3524 MiB
2026/08/03 18:01:45.908, 72.47 W, 47, 94 %, 3524 MiB
2026/08/03 18:01:46.912, 66.10 W, 49, 93 %, 3524 MiB
2026/08/03 18:01:47.916, 72.59 W, 49, 94 %, 3524 MiB
2026/08/03 18:01:48.933, 75.71 W, 49, 93 %, 3524 MiB
2026/08/03 18:01:49.939, 75.64 W, 49, 94 %, 3524 MiB
2026/08/03 18:01:50.943, 75.78 W, 50, 93 %, 3524 MiB
2026/08/03 18:01:51.947, 68.14 W, 50, 94 %, 3524 MiB
2026/08/03 18:01:52.952, 75.73 W, 51, 93 %, 3524 MiB
2026/08/03 18:01:53.957, 34.35 W, 50, 93 %, 1206 MiB
2026/08/03 18:01:54.961, 50.04 W, 47, 72 %, 1774 MiB
2026/08/03 18:01:55.964, 67.71 W, 50, 47 %, 2994 MiB
2026/08/03 18:01:56.971, 72.88 W, 51, 78 %, 2994 MiB
2026/08/03 18:01:57.975, 64.54 W, 51, 93 %, 2994 MiB
2026/08/03 18:01:58.980, 73.41 W, 52, 94 %, 2994 MiB
2026/08/03 18:01:59.983, 75.00 W, 52, 93 %, 2994 MiB
2026/08/03 18:02:00.987, 74.71 W, 52, 94 %, 2996 MiB
2026/08/03 18:02:01.991, 75.91 W, 53, 93 %, 2996 MiB
2026/08/03 18:02:02.995, 72.94 W, 51, 94 %, 2996 MiB
2026/08/03 18:02:03.999, 67.91 W, 53, 93 %, 2996 MiB
2026/08/03 18:02:05.004, 73.92 W, 52, 93 %, 2996 MiB
2026/08/03 18:02:06.009, 68.06 W, 53, 94 %, 2996 MiB
2026/08/03 18:02:07.013, 73.29 W, 52, 93 %, 2996 MiB
2026/08/03 18:02:08.020, 77.67 W, 53, 94 %, 2996 MiB
2026/08/03 18:02:09.023, 75.44 W, 53, 93 %, 2996 MiB
2026/08/03 18:02:10.027, 76.43 W, 53, 94 %, 2996 MiB
2026/08/03 18:02:11.036, 69.77 W, 54, 93 %, 2996 MiB
2026/08/03 18:02:12.041, 76.34 W, 54, 94 %, 2996 MiB
2026/08/03 18:02:13.046, 67.36 W, 54, 92 %, 2996 MiB
2026/08/03 18:02:14.052, 74.63 W, 55, 94 %, 2996 MiB
2026/08/03 18:02:15.057, 68.60 W, 55, 93 %, 2996 MiB
2026/08/03 18:02:16.061, 60.72 W, 54, 78 %, 1808 MiB
2026/08/03 18:02:17.067, 77.52 W, 54, 55 %, 2992 MiB
2026/08/03 18:02:18.073, 68.65 W, 54, 69 %, 2996 MiB
2026/08/03 18:02:19.078, 76.46 W, 55, 94 %, 3000 MiB
2026/08/03 18:02:20.082, 73.56 W, 55, 93 %, 3000 MiB
2026/08/03 18:02:21.090, 66.67 W, 56, 94 %, 3000 MiB
2026/08/03 18:02:22.094, 73.94 W, 56, 93 %, 3000 MiB
2026/08/03 18:02:23.097, 72.69 W, 56, 94 %, 3000 MiB
2026/08/03 18:02:24.106, 74.14 W, 56, 92 %, 3000 MiB
2026/08/03 18:02:25.110, 77.66 W, 56, 93 %, 3000 MiB
2026/08/03 18:02:26.115, 71.94 W, 57, 94 %, 3000 MiB
2026/08/03 18:02:27.119, 76.30 W, 57, 93 %, 3000 MiB
2026/08/03 18:02:28.124, 67.29 W, 57, 94 %, 3000 MiB
2026/08/03 18:02:29.129, 75.18 W, 57, 92 %, 3000 MiB
2026/08/03 18:02:30.134, 68.50 W, 58, 94 %, 3000 MiB
2026/08/03 18:02:31.138, 72.77 W, 58, 93 %, 3000 MiB
2026/08/03 18:02:32.142, 68.53 W, 58, 94 %, 3000 MiB
2026/08/03 18:02:33.146, 73.32 W, 58, 93 %, 3000 MiB
2026/08/03 18:02:34.150, 65.29 W, 58, 94 %, 3000 MiB
2026/08/03 18:02:35.154, 77.11 W, 58, 92 %, 3000 MiB
2026/08/03 18:02:36.159, 70.36 W, 58, 94 %, 3000 MiB
2026/08/03 18:02:37.163, 72.93 W, 58, 80 %, 1808 MiB
2026/08/03 18:02:38.168, 32.65 W, 56, 64 %, 2424 MiB
2026/08/03 18:02:39.175, 70.64 W, 58, 62 %, 2996 MiB
2026/08/03 18:02:40.179, 76.18 W, 59, 93 %, 2996 MiB
2026/08/03 18:02:41.183, 69.55 W, 59, 93 %, 2996 MiB
2026/08/03 18:02:42.186, 75.16 W, 59, 93 %, 2996 MiB
2026/08/03 18:02:43.190, 66.15 W, 59, 93 %, 3000 MiB
2026/08/03 18:02:44.194, 74.34 W, 60, 94 %, 3000 MiB
2026/08/03 18:02:45.198, 65.95 W, 59, 93 %, 3000 MiB
2026/08/03 18:02:46.201, 72.53 W, 60, 94 %, 3000 MiB
2026/08/03 18:02:47.206, 67.19 W, 60, 92 %, 3000 MiB
2026/08/03 18:02:48.209, 72.75 W, 60, 94 %, 3000 MiB
2026/08/03 18:02:49.215, 75.15 W, 60, 93 %, 3000 MiB
2026/08/03 18:02:50.220, 75.84 W, 60, 94 %, 3000 MiB
2026/08/03 18:02:51.224, 71.67 W, 60, 93 %, 3000 MiB
2026/08/03 18:02:52.228, 77.35 W, 61, 94 %, 3000 MiB
2026/08/03 18:02:53.234, 68.25 W, 61, 93 %, 3000 MiB
2026/08/03 18:02:54.238, 76.32 W, 61, 95 %, 3000 MiB
2026/08/03 18:02:55.242, 67.17 W, 61, 93 %, 3000 MiB
2026/08/03 18:02:56.247, 74.51 W, 61, 94 %, 3000 MiB
2026/08/03 18:02:57.251, 65.73 W, 61, 93 %, 3000 MiB
2026/08/03 18:02:58.258, 70.09 W, 59, 79 %, 1814 MiB
2026/08/03 18:02:59.261, 34.49 W, 57, 75 %, 1814 MiB
2026/08/03 18:03:00.264, 69.11 W, 61, 49 %, 2996 MiB
2026/08/03 18:03:01.270, 75.90 W, 61, 94 %, 2998 MiB
2026/08/03 18:03:02.274, 65.98 W, 61, 93 %, 2998 MiB
2026/08/03 18:03:03.278, 75.30 W, 62, 94 %, 2998 MiB
2026/08/03 18:03:04.283, 67.99 W, 61, 93 %, 2998 MiB
2026/08/03 18:03:05.287, 68.21 W, 62, 94 %, 2998 MiB
2026/08/03 18:03:06.291, 73.47 W, 62, 93 %, 2998 MiB
2026/08/03 18:03:07.297, 69.23 W, 62, 94 %, 2998 MiB
2026/08/03 18:03:08.302, 72.87 W, 62, 93 %, 2998 MiB
2026/08/03 18:03:09.306, 75.24 W, 62, 93 %, 2998 MiB
2026/08/03 18:03:10.311, 74.64 W, 62, 94 %, 2998 MiB
2026/08/03 18:03:11.314, 77.82 W, 63, 93 %, 2998 MiB
2026/08/03 18:03:12.318, 74.69 W, 62, 94 %, 2998 MiB
2026/08/03 18:03:13.325, 76.92 W, 63, 93 %, 2998 MiB
2026/08/03 18:03:14.328, 69.25 W, 63, 95 %, 2998 MiB
2026/08/03 18:03:15.332, 76.69 W, 63, 93 %, 2998 MiB
2026/08/03 18:03:16.341, 68.64 W, 63, 94 %, 3000 MiB
2026/08/03 18:03:17.345, 74.23 W, 63, 94 %, 3000 MiB
2026/08/03 18:03:18.350, 65.47 W, 63, 95 %, 3000 MiB
2026/08/03 18:03:19.355, 37.46 W, 60, 93 %, 3000 MiB
2026/08/03 18:03:20.357, 55.54 W, 62, 64 %, 1788 MiB
2026/08/03 18:03:21.361, 74.65 W, 63, 46 %, 2994 MiB
2026/08/03 18:03:22.365, 77.82 W, 64, 92 %, 2994 MiB
2026/08/03 18:03:23.369, 74.04 W, 64, 95 %, 2994 MiB
2026/08/03 18:03:24.373, 76.53 W, 64, 93 %, 2994 MiB
2026/08/03 18:03:25.380, 70.27 W, 64, 94 %, 2994 MiB
2026/08/03 18:03:26.384, 75.85 W, 64, 93 %, 2994 MiB
2026/08/03 18:03:27.387, 68.96 W, 64, 93 %, 2994 MiB
2026/08/03 18:03:28.392, 74.71 W, 65, 94 %, 2994 MiB
2026/08/03 18:03:29.396, 66.75 W, 65, 92 %, 2994 MiB
2026/08/03 18:03:30.400, 73.84 W, 65, 95 %, 2994 MiB
2026/08/03 18:03:31.403, 66.37 W, 65, 93 %, 2994 MiB
2026/08/03 18:03:32.407, 72.41 W, 65, 94 %, 2994 MiB
2026/08/03 18:03:33.414, 67.72 W, 65, 93 %, 2994 MiB
2026/08/03 18:03:34.418, 73.00 W, 65, 94 %, 2994 MiB
2026/08/03 18:03:35.423, 74.28 W, 65, 93 %, 2994 MiB
2026/08/03 18:03:36.430, 78.12 W, 65, 95 %, 2994 MiB
2026/08/03 18:03:37.435, 75.87 W, 65, 95 %, 2994 MiB
2026/08/03 18:03:38.439, 78.11 W, 65, 93 %, 2994 MiB
2026/08/03 18:03:39.443, 72.13 W, 65, 94 %, 2994 MiB
2026/08/03 18:03:40.447, 76.96 W, 65, 93 %, 2994 MiB
2026/08/03 18:03:41.454, 55.41 W, 62, 94 %, 1806 MiB
2026/08/03 18:03:42.460, 66.14 W, 64, 63 %, 2998 MiB
2026/08/03 18:03:43.465, 74.81 W, 66, 44 %, 2998 MiB
2026/08/03 18:03:44.469, 68.77 W, 66, 94 %, 2998 MiB
2026/08/03 18:03:45.475, 74.81 W, 66, 93 %, 2998 MiB
2026/08/03 18:03:46.479, 66.69 W, 66, 94 %, 2998 MiB
2026/08/03 18:03:47.484, 73.65 W, 66, 92 %, 2998 MiB
2026/08/03 18:03:48.492, 68.27 W, 66, 94 %, 2998 MiB
2026/08/03 18:03:49.497, 73.38 W, 66, 93 %, 2998 MiB
2026/08/03 18:03:50.501, 65.44 W, 66, 94 %, 2998 MiB
2026/08/03 18:03:51.505, 74.82 W, 66, 93 %, 2998 MiB
2026/08/03 18:03:52.510, 73.05 W, 66, 93 %, 2998 MiB
2026/08/03 18:03:53.514, 71.02 W, 66, 93 %, 2998 MiB
2026/08/03 18:03:54.522, 73.44 W, 66, 93 %, 2998 MiB
2026/08/03 18:03:55.526, 71.34 W, 67, 93 %, 2998 MiB
2026/08/03 18:03:56.530, 73.95 W, 65, 93 %, 2998 MiB
2026/08/03 18:03:57.535, 69.77 W, 67, 92 %, 2998 MiB
2026/08/03 18:03:58.539, 73.66 W, 66, 94 %, 2998 MiB
2026/08/03 18:03:59.542, 74.62 W, 67, 94 %, 2998 MiB
2026/08/03 18:04:00.547, 73.63 W, 66, 93 %, 2998 MiB
2026/08/03 18:04:01.551, 76.71 W, 68, 94 %, 2998 MiB
2026/08/03 18:04:02.554, 54.77 W, 66, 93 %, 1806 MiB
2026/08/03 18:04:03.561, 34.81 W, 62, 74 %, 1820 MiB
2026/08/03 18:04:04.564, 66.22 W, 67, 44 %, 2994 MiB
2026/08/03 18:04:05.568, 72.82 W, 67, 88 %, 3000 MiB
2026/08/03 18:04:06.574, 66.26 W, 67, 92 %, 3000 MiB
2026/08/03 18:04:07.578, 76.74 W, 68, 94 %, 3000 MiB
2026/08/03 18:04:08.582, 76.02 W, 67, 93 %, 3000 MiB
2026/08/03 18:04:09.586, 76.59 W, 67, 94 %, 3000 MiB
2026/08/03 18:04:10.590, 73.54 W, 67, 92 %, 3000 MiB
2026/08/03 18:04:11.594, 76.00 W, 68, 94 %, 3000 MiB
2026/08/03 18:04:12.601, 72.86 W, 67, 92 %, 3000 MiB
2026/08/03 18:04:13.605, 78.06 W, 67, 94 %, 3000 MiB
2026/08/03 18:04:14.609, 71.29 W, 67, 93 %, 3000 MiB
2026/08/03 18:04:15.616, 77.04 W, 67, 93 %, 3000 MiB
2026/08/03 18:04:16.621, 68.80 W, 68, 94 %, 3000 MiB
2026/08/03 18:04:17.625, 76.16 W, 68, 93 %, 3000 MiB
2026/08/03 18:04:18.632, 67.16 W, 68, 94 %, 3000 MiB
2026/08/03 18:04:19.636, 74.65 W, 68, 93 %, 3000 MiB
2026/08/03 18:04:20.642, 67.81 W, 68, 94 %, 3000 MiB
2026/08/03 18:04:21.648, 74.31 W, 68, 93 %, 3000 MiB
2026/08/03 18:04:22.653, 73.45 W, 68, 94 %, 3000 MiB
2026/08/03 18:04:23.657, 78.98 W, 65, 92 %, 3000 MiB
2026/08/03 18:04:24.663, 73.20 W, 66, 81 %, 1810 MiB
2026/08/03 18:04:25.667, 68.97 W, 68, 52 %, 2994 MiB
2026/08/03 18:04:26.671, 75.49 W, 68, 73 %, 2994 MiB
2026/08/03 18:04:27.677, 68.00 W, 69, 94 %, 2994 MiB
2026/08/03 18:04:28.681, 76.15 W, 69, 93 %, 2998 MiB
2026/08/03 18:04:29.685, 69.00 W, 69, 94 %, 2998 MiB
2026/08/03 18:04:30.693, 75.01 W, 69, 92 %, 2998 MiB
2026/08/03 18:04:31.697, 68.81 W, 69, 95 %, 2998 MiB
2026/08/03 18:04:32.701, 74.48 W, 69, 93 %, 2998 MiB
2026/08/03 18:04:33.708, 68.57 W, 69, 94 %, 3000 MiB
2026/08/03 18:04:34.713, 74.34 W, 69, 93 %, 3002 MiB
2026/08/03 18:04:35.718, 66.85 W, 69, 94 %, 3002 MiB
2026/08/03 18:04:36.725, 74.30 W, 69, 92 %, 3002 MiB
2026/08/03 18:04:37.731, 67.24 W, 69, 94 %, 3002 MiB
2026/08/03 18:04:38.735, 67.65 W, 69, 92 %, 3002 MiB
2026/08/03 18:04:39.741, 72.74 W, 69, 94 %, 3002 MiB
2026/08/03 18:04:40.749, 70.03 W, 69, 93 %, 3002 MiB
2026/08/03 18:04:41.752, 72.67 W, 69, 93 %, 3002 MiB
2026/08/03 18:04:42.756, 74.07 W, 69, 94 %, 3002 MiB
2026/08/03 18:04:43.761, 73.58 W, 69, 93 %, 3002 MiB
2026/08/03 18:04:44.765, 77.66 W, 69, 95 %, 3002 MiB
2026/08/03 18:04:45.770, 66.58 W, 68, 79 %, 1808 MiB
2026/08/03 18:04:46.774, 52.06 W, 67, 72 %, 2442 MiB
2026/08/03 18:04:47.777, 68.23 W, 69, 51 %, 2994 MiB
2026/08/03 18:04:48.782, 73.22 W, 70, 94 %, 2994 MiB
2026/08/03 18:04:49.786, 66.28 W, 70, 92 %, 2996 MiB
2026/08/03 18:04:50.790, 73.90 W, 70, 94 %, 2996 MiB
2026/08/03 18:04:51.797, 68.07 W, 70, 93 %, 2996 MiB
2026/08/03 18:04:52.801, 72.69 W, 70, 95 %, 2996 MiB
2026/08/03 18:04:53.806, 67.57 W, 70, 92 %, 2996 MiB
2026/08/03 18:04:54.812, 76.77 W, 70, 94 %, 2996 MiB
2026/08/03 18:04:55.816, 74.11 W, 70, 92 %, 2996 MiB
2026/08/03 18:04:56.820, 78.30 W, 70, 94 %, 2996 MiB
2026/08/03 18:04:57.826, 73.40 W, 70, 92 %, 2996 MiB
2026/08/03 18:04:58.830, 76.26 W, 70, 94 %, 2998 MiB
2026/08/03 18:04:59.834, 73.41 W, 69, 92 %, 2998 MiB
2026/08/03 18:05:00.843, 71.82 W, 70, 94 %, 2998 MiB
2026/08/03 18:05:01.846, 72.54 W, 69, 92 %, 2998 MiB
2026/08/03 18:05:02.850, 75.94 W, 70, 94 %, 2998 MiB
2026/08/03 18:05:03.857, 73.88 W, 69, 93 %, 2998 MiB
2026/08/03 18:05:04.860, 75.59 W, 71, 94 %, 2998 MiB
2026/08/03 18:05:05.864, 72.85 W, 70, 93 %, 2998 MiB
2026/08/03 18:05:06.871, 80.14 W, 70, 94 %, 1228 MiB
2026/08/03 18:05:07.875, 39.43 W, 66, 64 %, 1796 MiB
2026/08/03 18:05:08.878, 72.81 W, 70, 45 %, 2998 MiB
2026/08/03 18:05:09.881, 71.76 W, 70, 94 %, 2998 MiB
2026/08/03 18:05:10.885, 76.24 W, 70, 92 %, 2998 MiB
2026/08/03 18:05:11.890, 75.00 W, 70, 94 %, 2998 MiB
2026/08/03 18:05:12.896, 78.11 W, 71, 92 %, 2998 MiB
2026/08/03 18:05:13.901, 74.65 W, 70, 94 %, 2998 MiB
2026/08/03 18:05:14.905, 75.33 W, 70, 92 %, 2998 MiB
2026/08/03 18:05:15.911, 72.65 W, 70, 94 %, 2998 MiB
2026/08/03 18:05:16.918, 75.26 W, 71, 93 %, 3000 MiB
2026/08/03 18:05:17.922, 73.50 W, 70, 95 %, 3000 MiB
2026/08/03 18:05:18.926, 76.35 W, 71, 93 %, 3000 MiB
2026/08/03 18:05:19.936, 73.99 W, 69, 94 %, 3000 MiB
2026/08/03 18:05:20.941, 76.42 W, 71, 93 %, 3000 MiB
2026/08/03 18:05:21.945, 72.64 W, 70, 94 %, 3000 MiB
2026/08/03 18:05:22.951, 74.49 W, 71, 93 %, 3000 MiB
2026/08/03 18:05:23.955, 73.79 W, 71, 94 %, 3000 MiB
2026/08/03 18:05:24.958, 75.75 W, 71, 93 %, 3000 MiB
2026/08/03 18:05:25.964, 74.82 W, 71, 95 %, 3000 MiB
2026/08/03 18:05:26.969, 67.05 W, 71, 93 %, 3000 MiB
2026/08/03 18:05:27.973, 75.80 W, 70, 94 %, 3002 MiB
2026/08/03 18:05:28.979, 44.23 W, 70, 73 %, 1808 MiB
2026/08/03 18:05:29.983, 67.94 W, 70, 43 %, 2972 MiB
2026/08/03 18:05:30.987, 73.94 W, 70, 89 %, 2978 MiB
2026/08/03 18:05:31.993, 66.74 W, 71, 93 %, 2982 MiB
2026/08/03 18:05:32.998, 73.55 W, 70, 94 %, 2982 MiB
2026/08/03 18:05:34.001, 69.94 W, 71, 93 %, 2982 MiB
2026/08/03 18:05:35.005, 73.79 W, 70, 93 %, 2984 MiB
2026/08/03 18:05:36.009, 73.12 W, 71, 94 %, 2984 MiB
2026/08/03 18:05:37.013, 73.32 W, 71, 93 %, 2984 MiB
2026/08/03 18:05:38.017, 73.62 W, 72, 94 %, 2984 MiB
2026/08/03 18:05:39.021, 72.93 W, 72, 92 %, 2984 MiB
2026/08/03 18:05:40.027, 74.51 W, 72, 95 %, 2984 MiB
2026/08/03 18:05:41.034, 73.19 W, 72, 92 %, 2984 MiB
2026/08/03 18:05:42.037, 73.51 W, 72, 94 %, 2984 MiB
2026/08/03 18:05:43.041, 76.82 W, 72, 92 %, 2984 MiB
2026/08/03 18:05:44.047, 70.58 W, 72, 94 %, 2984 MiB
2026/08/03 18:05:45.052, 76.98 W, 72, 93 %, 2984 MiB
2026/08/03 18:05:46.056, 70.02 W, 72, 95 %, 2984 MiB
2026/08/03 18:05:47.060, 76.80 W, 72, 93 %, 2984 MiB
2026/08/03 18:05:48.064, 70.92 W, 71, 94 %, 2984 MiB
2026/08/03 18:05:49.069, 76.62 W, 71, 93 %, 2984 MiB
2026/08/03 18:05:50.077, 44.04 W, 69, 81 %, 1806 MiB
2026/08/03 18:05:51.081, 34.55 W, 67, 51 %, 1822 MiB
2026/08/03 18:05:52.084, 73.35 W, 72, 71 %, 3000 MiB
2026/08/03 18:05:53.088, 68.45 W, 72, 94 %, 3000 MiB
2026/08/03 18:05:54.092, 73.15 W, 72, 92 %, 3000 MiB
2026/08/03 18:05:55.098, 68.85 W, 72, 94 %, 3000 MiB
2026/08/03 18:05:56.103, 72.87 W, 72, 93 %, 3000 MiB
2026/08/03 18:05:57.107, 65.30 W, 72, 95 %, 3000 MiB
2026/08/03 18:05:58.111, 74.91 W, 72, 91 %, 3000 MiB
2026/08/03 18:05:59.119, 73.75 W, 71, 94 %, 3000 MiB
2026/08/03 18:06:00.123, 76.43 W, 72, 93 %, 3000 MiB
2026/08/03 18:06:01.127, 73.86 W, 72, 94 %, 3000 MiB
2026/08/03 18:06:02.133, 76.57 W, 72, 93 %, 3000 MiB
2026/08/03 18:06:03.137, 73.73 W, 71, 94 %, 3000 MiB
2026/08/03 18:06:04.140, 74.97 W, 72, 93 %, 3000 MiB
2026/08/03 18:06:05.147, 73.71 W, 71, 95 %, 3000 MiB
2026/08/03 18:06:06.153, 77.97 W, 72, 92 %, 3000 MiB
2026/08/03 18:06:07.156, 73.54 W, 71, 94 %, 3000 MiB
2026/08/03 18:06:08.161, 74.99 W, 72, 92 %, 3000 MiB
2026/08/03 18:06:09.165, 73.42 W, 72, 94 %, 3000 MiB
2026/08/03 18:06:10.169, 73.02 W, 72, 93 %, 3000 MiB
2026/08/03 18:06:11.175, 33.62 W, 68, 86 %, 3000 MiB
2026/08/03 18:06:12.178, 41.84 W, 68, 67 %, 1782 MiB
2026/08/03 18:06:13.181, 77.39 W, 71, 50 %, 2990 MiB
2026/08/03 18:06:14.186, 72.49 W, 71, 94 %, 2992 MiB
2026/08/03 18:06:15.190, 67.76 W, 72, 92 %, 2992 MiB
2026/08/03 18:06:16.194, 73.63 W, 72, 94 %, 2992 MiB
2026/08/03 18:06:17.199, 68.81 W, 72, 93 %, 2992 MiB
2026/08/03 18:06:18.203, 74.00 W, 73, 94 %, 2992 MiB
2026/08/03 18:06:19.206, 68.43 W, 73, 92 %, 2992 MiB
2026/08/03 18:06:20.214, 75.29 W, 72, 93 %, 2992 MiB
2026/08/03 18:06:21.219, 67.55 W, 72, 93 %, 2992 MiB
2026/08/03 18:06:22.223, 74.10 W, 73, 93 %, 2992 MiB
2026/08/03 18:06:23.229, 66.40 W, 72, 94 %, 2992 MiB
2026/08/03 18:06:24.233, 74.91 W, 73, 92 %, 2992 MiB
2026/08/03 18:06:25.238, 67.83 W, 72, 94 %, 2992 MiB
2026/08/03 18:06:26.244, 74.20 W, 73, 92 %, 2992 MiB
2026/08/03 18:06:27.253, 68.39 W, 72, 94 %, 2992 MiB
2026/08/03 18:06:28.257, 74.64 W, 72, 93 %, 2992 MiB
2026/08/03 18:06:29.263, 67.43 W, 73, 94 %, 2992 MiB
2026/08/03 18:06:30.268, 75.82 W, 73, 93 %, 2992 MiB
2026/08/03 18:06:31.272, 72.20 W, 72, 94 %, 2994 MiB
2026/08/03 18:06:32.277, 67.88 W, 73, 93 %, 2994 MiB
2026/08/03 18:06:33.280, 72.59 W, 70, 94 %, 1808 MiB
2026/08/03 18:06:34.283, 71.97 W, 72, 64 %, 2994 MiB
2026/08/03 18:06:35.287, 77.74 W, 73, 46 %, 2998 MiB
2026/08/03 18:06:36.294, 69.06 W, 72, 93 %, 2998 MiB
2026/08/03 18:06:37.298, 77.02 W, 72, 95 %, 2998 MiB
2026/08/03 18:06:38.303, 70.96 W, 73, 93 %, 2998 MiB
2026/08/03 18:06:39.308, 77.01 W, 72, 94 %, 3000 MiB
2026/08/03 18:06:40.313, 71.96 W, 73, 93 %, 3000 MiB
2026/08/03 18:06:41.317, 77.42 W, 73, 94 %, 3000 MiB
2026/08/03 18:06:42.324, 70.72 W, 72, 92 %, 3000 MiB
2026/08/03 18:06:43.329, 78.14 W, 73, 94 %, 3000 MiB
2026/08/03 18:06:44.333, 68.09 W, 71, 93 %, 3000 MiB
2026/08/03 18:06:45.359, 77.00 W, 73, 94 %, 3000 MiB
2026/08/03 18:06:46.363, 74.49 W, 72, 93 %, 3000 MiB
2026/08/03 18:06:47.368, 77.19 W, 73, 94 %, 3000 MiB
2026/08/03 18:06:48.372, 75.32 W, 73, 93 %, 3000 MiB
2026/08/03 18:06:49.375, 66.67 W, 73, 93 %, 3000 MiB
2026/08/03 18:06:50.380, 75.04 W, 74, 94 %, 3000 MiB
2026/08/03 18:06:51.384, 67.15 W, 73, 93 %, 3000 MiB
2026/08/03 18:06:52.387, 74.71 W, 73, 93 %, 3000 MiB
2026/08/03 18:06:53.392, 66.03 W, 73, 94 %, 3000 MiB
2026/08/03 18:06:54.396, 74.19 W, 70, 93 %, 1812 MiB
2026/08/03 18:06:55.400, 34.95 W, 68, 73 %, 1822 MiB
2026/08/03 18:06:56.404, 76.69 W, 73, 39 %, 2994 MiB
2026/08/03 18:06:57.408, 74.27 W, 73, 92 %, 3000 MiB
2026/08/03 18:06:58.412, 77.24 W, 73, 95 %, 3000 MiB
2026/08/03 18:06:59.420, 73.02 W, 72, 93 %, 3000 MiB
2026/08/03 18:07:00.425, 77.72 W, 73, 94 %, 3000 MiB
2026/08/03 18:07:01.428, 71.74 W, 72, 93 %, 3000 MiB
2026/08/03 18:07:02.436, 77.58 W, 74, 95 %, 3000 MiB
2026/08/03 18:07:03.440, 73.37 W, 72, 93 %, 3000 MiB
2026/08/03 18:07:04.444, 69.36 W, 73, 94 %, 3000 MiB
2026/08/03 18:07:05.449, 75.50 W, 74, 93 %, 3000 MiB
2026/08/03 18:07:06.453, 68.98 W, 73, 94 %, 3000 MiB
2026/08/03 18:07:07.458, 75.20 W, 73, 93 %, 3000 MiB
2026/08/03 18:07:08.461, 65.99 W, 73, 94 %, 3000 MiB
2026/08/03 18:07:09.465, 75.18 W, 74, 92 %, 3000 MiB
2026/08/03 18:07:10.469, 67.22 W, 73, 95 %, 3000 MiB
2026/08/03 18:07:11.479, 74.73 W, 74, 93 %, 3000 MiB
2026/08/03 18:07:12.484, 69.02 W, 73, 94 %, 3000 MiB
2026/08/03 18:07:13.488, 75.46 W, 73, 93 %, 3000 MiB
2026/08/03 18:07:14.494, 68.52 W, 74, 94 %, 3000 MiB
2026/08/03 18:07:15.498, 52.60 W, 70, 93 %, 3000 MiB
2026/08/03 18:07:16.501, 56.52 W, 71, 78 %, 1806 MiB
2026/08/03 18:07:17.508, 66.12 W, 73, 52 %, 2994 MiB
2026/08/03 18:07:18.517, 73.32 W, 73, 74 %, 3000 MiB
2026/08/03 18:07:19.521, 65.39 W, 73, 94 %, 3000 MiB
2026/08/03 18:07:20.525, 72.76 W, 73, 92 %, 3000 MiB
2026/08/03 18:07:21.531, 74.08 W, 73, 94 %, 3000 MiB
2026/08/03 18:07:22.535, 75.35 W, 73, 93 %, 3000 MiB
2026/08/03 18:07:23.539, 73.90 W, 73, 94 %, 3000 MiB
2026/08/03 18:07:24.546, 72.32 W, 74, 92 %, 3000 MiB
2026/08/03 18:07:25.550, 73.91 W, 73, 94 %, 3000 MiB
2026/08/03 18:07:26.556, 71.23 W, 73, 92 %, 3000 MiB
2026/08/03 18:07:27.564, 74.01 W, 72, 94 %, 3000 MiB
2026/08/03 18:07:28.568, 71.15 W, 74, 93 %, 3000 MiB
2026/08/03 18:07:29.571, 74.38 W, 73, 94 %, 3000 MiB
2026/08/03 18:07:30.578, 71.76 W, 74, 93 %, 3000 MiB
2026/08/03 18:07:31.582, 73.43 W, 74, 94 %, 3000 MiB
2026/08/03 18:07:32.586, 69.12 W, 74, 92 %, 3000 MiB
2026/08/03 18:07:33.591, 73.29 W, 74, 94 %, 3000 MiB
2026/08/03 18:07:34.595, 68.88 W, 74, 93 %, 3000 MiB
2026/08/03 18:07:35.599, 73.31 W, 74, 94 %, 3000 MiB
2026/08/03 18:07:36.605, 67.96 W, 74, 93 %, 3000 MiB
2026/08/03 18:07:37.608, 72.59 W, 72, 82 %, 1806 MiB
2026/08/03 18:07:38.612, 43.67 W, 71, 67 %, 2466 MiB
2026/08/03 18:07:39.617, 67.15 W, 74, 56 %, 2996 MiB
2026/08/03 18:07:40.621, 72.72 W, 73, 93 %, 3000 MiB
2026/08/03 18:07:41.624, 67.60 W, 74, 94 %, 3000 MiB
2026/08/03 18:07:42.631, 72.46 W, 74, 92 %, 3000 MiB
2026/08/03 18:07:43.635, 66.68 W, 74, 95 %, 3000 MiB
2026/08/03 18:07:44.640, 73.12 W, 74, 92 %, 3000 MiB
2026/08/03 18:07:45.644, 67.53 W, 74, 94 %, 3000 MiB
2026/08/03 18:07:46.648, 72.41 W, 74, 93 %, 3000 MiB
2026/08/03 18:07:47.652, 66.88 W, 74, 95 %, 3000 MiB
2026/08/03 18:07:48.660, 73.35 W, 74, 93 %, 3000 MiB
2026/08/03 18:07:49.664, 67.50 W, 74, 94 %, 3000 MiB
2026/08/03 18:07:50.668, 72.65 W, 74, 93 %, 3000 MiB
2026/08/03 18:07:51.675, 67.45 W, 73, 94 %, 3000 MiB
2026/08/03 18:07:52.679, 73.23 W, 74, 92 %, 3000 MiB
2026/08/03 18:07:53.684, 73.72 W, 73, 94 %, 3000 MiB
2026/08/03 18:07:54.690, 68.76 W, 74, 93 %, 3000 MiB
2026/08/03 18:07:55.694, 74.24 W, 74, 95 %, 3000 MiB
2026/08/03 18:07:56.698, 70.17 W, 73, 93 %, 3000 MiB
2026/08/03 18:07:57.703, 74.25 W, 73, 94 %, 3000 MiB
2026/08/03 18:07:58.708, 75.85 W, 74, 93 %, 1798 MiB
2026/08/03 18:07:59.711, 37.23 W, 69, 66 %, 1798 MiB
2026/08/03 18:08:00.714, 70.29 W, 73, 46 %, 3012 MiB
2026/08/03 18:08:01.718, 77.23 W, 73, 92 %, 3016 MiB
2026/08/03 18:08:02.723, 70.43 W, 74, 94 %, 3016 MiB
2026/08/03 18:08:03.727, 76.96 W, 74, 93 %, 3016 MiB
2026/08/03 18:08:04.732, 70.91 W, 73, 94 %, 3016 MiB
2026/08/03 18:08:05.737, 77.14 W, 74, 93 %, 3016 MiB
2026/08/03 18:08:06.742, 72.96 W, 73, 94 %, 3016 MiB
2026/08/03 18:08:07.745, 78.70 W, 74, 92 %, 3016 MiB
2026/08/03 18:08:08.749, 74.80 W, 75, 94 %, 3016 MiB
2026/08/03 18:08:09.755, 66.29 W, 74, 92 %, 3016 MiB
2026/08/03 18:08:10.759, 76.80 W, 74, 93 %, 3016 MiB
2026/08/03 18:08:11.764, 69.63 W, 74, 93 %, 3016 MiB
2026/08/03 18:08:12.768, 76.04 W, 74, 93 %, 3016 MiB
2026/08/03 18:08:13.772, 73.17 W, 74, 92 %, 3016 MiB
2026/08/03 18:08:14.778, 77.78 W, 74, 94 %, 3016 MiB
2026/08/03 18:08:15.782, 73.13 W, 74, 93 %, 3016 MiB
2026/08/03 18:08:16.786, 76.27 W, 74, 95 %, 3016 MiB
2026/08/03 18:08:17.794, 70.72 W, 74, 93 %, 3016 MiB
2026/08/03 18:08:18.798, 76.12 W, 74, 94 %, 3016 MiB
2026/08/03 18:08:19.802, 67.89 W, 74, 93 %, 3016 MiB
2026/08/03 18:08:20.809, 74.49 W, 73, 74 %, 1822 MiB
2026/08/03 18:08:21.814, 73.68 W, 74, 37 %, 2992 MiB
2026/08/03 18:08:22.817, 72.67 W, 74, 92 %, 2996 MiB
2026/08/03 18:08:23.821, 73.80 W, 74, 94 %, 2996 MiB
2026/08/03 18:08:24.825, 73.30 W, 74, 93 %, 2996 MiB
2026/08/03 18:08:25.829, 77.34 W, 74, 94 %, 2996 MiB
2026/08/03 18:08:26.834, 75.19 W, 74, 92 %, 2998 MiB
2026/08/03 18:08:27.839, 76.76 W, 74, 94 %, 2998 MiB
2026/08/03 18:08:28.844, 75.90 W, 74, 93 %, 2998 MiB
2026/08/03 18:08:29.849, 78.58 W, 74, 95 %, 2998 MiB
2026/08/03 18:08:30.853, 75.55 W, 74, 93 %, 2998 MiB
2026/08/03 18:08:31.857, 79.18 W, 74, 94 %, 2998 MiB
2026/08/03 18:08:32.862, 75.56 W, 73, 92 %, 2998 MiB
2026/08/03 18:08:33.867, 76.89 W, 74, 94 %, 2998 MiB
2026/08/03 18:08:34.870, 74.54 W, 73, 93 %, 2998 MiB
2026/08/03 18:08:35.876, 76.50 W, 74, 94 %, 2998 MiB
2026/08/03 18:08:36.880, 73.97 W, 74, 92 %, 2998 MiB
2026/08/03 18:08:37.883, 76.57 W, 74, 94 %, 2998 MiB
2026/08/03 18:08:38.889, 73.48 W, 74, 93 %, 2998 MiB
2026/08/03 18:08:39.892, 68.37 W, 74, 94 %, 2998 MiB
2026/08/03 18:08:40.896, 75.72 W, 74, 93 %, 2998 MiB
2026/08/03 18:08:41.904, 40.35 W, 73, 78 %, 1814 MiB
2026/08/03 18:08:42.908, 34.82 W, 69, 45 %, 1830 MiB
2026/08/03 18:08:43.911, 74.22 W, 73, 79 %, 2994 MiB
2026/08/03 18:08:44.917, 71.88 W, 74, 93 %, 2994 MiB
2026/08/03 18:08:45.921, 73.71 W, 73, 94 %, 2994 MiB
2026/08/03 18:08:46.925, 69.46 W, 74, 93 %, 2996 MiB
2026/08/03 18:08:47.928, 73.44 W, 74, 93 %, 2996 MiB
2026/08/03 18:08:48.934, 69.03 W, 75, 93 %, 2996 MiB
2026/08/03 18:08:49.938, 73.90 W, 74, 94 %, 2996 MiB
2026/08/03 18:08:50.942, 66.43 W, 74, 92 %, 2996 MiB
2026/08/03 18:08:51.946, 73.82 W, 74, 94 %, 2996 MiB
2026/08/03 18:08:52.950, 66.35 W, 74, 93 %, 2996 MiB
2026/08/03 18:08:53.957, 72.77 W, 74, 94 %, 2996 MiB
2026/08/03 18:08:54.961, 74.72 W, 74, 93 %, 2996 MiB
2026/08/03 18:08:55.965, 77.65 W, 74, 94 %, 2996 MiB
2026/08/03 18:08:56.974, 74.45 W, 74, 93 %, 2998 MiB
2026/08/03 18:08:57.978, 77.71 W, 74, 94 %, 2998 MiB
2026/08/03 18:08:58.983, 74.82 W, 74, 93 %, 2998 MiB
2026/08/03 18:08:59.992, 75.41 W, 74, 94 %, 2998 MiB
2026/08/03 18:09:01.000, 74.01 W, 74, 94 %, 2998 MiB
2026/08/03 18:09:02.004, 74.59 W, 74, 93 %, 2998 MiB
2026/08/03 18:09:03.008, 34.20 W, 72, 80 %, 1214 MiB
2026/08/03 18:09:04.015, 39.05 W, 70, 64 %, 1790 MiB
2026/08/03 18:09:05.018, 73.23 W, 74, 60 %, 2986 MiB
2026/08/03 18:09:06.022, 65.79 W, 74, 93 %, 2990 MiB
2026/08/03 18:09:07.027, 72.79 W, 74, 95 %, 2990 MiB
2026/08/03 18:09:08.032, 67.04 W, 74, 95 %, 2990 MiB
2026/08/03 18:09:09.037, 72.17 W, 74, 93 %, 2990 MiB
2026/08/03 18:09:10.043, 66.57 W, 74, 94 %, 2990 MiB
2026/08/03 18:09:11.047, 73.46 W, 74, 92 %, 2990 MiB
2026/08/03 18:09:12.051, 73.88 W, 74, 95 %, 2990 MiB
2026/08/03 18:09:13.057, 66.84 W, 74, 91 %, 2990 MiB
2026/08/03 18:09:14.062, 73.21 W, 74, 94 %, 2990 MiB
2026/08/03 18:09:15.066, 67.00 W, 74, 93 %, 2992 MiB
2026/08/03 18:09:16.072, 72.85 W, 73, 94 %, 2998 MiB
2026/08/03 18:09:17.076, 68.59 W, 75, 92 %, 2998 MiB
2026/08/03 18:09:18.080, 72.86 W, 74, 94 %, 2998 MiB
2026/08/03 18:09:19.083, 67.52 W, 75, 93 %, 2998 MiB
2026/08/03 18:09:20.087, 73.10 W, 75, 95 %, 2998 MiB
2026/08/03 18:09:21.090, 65.71 W, 74, 93 %, 2998 MiB
2026/08/03 18:09:22.095, 73.35 W, 75, 94 %, 2998 MiB
2026/08/03 18:09:23.098, 67.51 W, 75, 93 %, 2998 MiB
2026/08/03 18:09:24.102, 73.88 W, 75, 95 %, 2998 MiB
2026/08/03 18:09:25.105, 48.74 W, 73, 92 %, 1826 MiB
2026/08/03 18:09:26.109, 72.62 W, 73, 65 %, 2996 MiB
2026/08/03 18:09:27.115, 74.31 W, 74, 46 %, 2998 MiB
2026/08/03 18:09:28.119, 71.26 W, 74, 94 %, 2998 MiB
2026/08/03 18:09:29.123, 72.83 W, 74, 93 %, 2998 MiB
2026/08/03 18:09:30.129, 70.09 W, 74, 95 %, 2998 MiB
2026/08/03 18:09:31.133, 74.02 W, 73, 93 %, 2998 MiB
2026/08/03 18:09:32.138, 70.00 W, 74, 94 %, 2998 MiB
2026/08/03 18:09:33.142, 73.80 W, 73, 93 %, 2998 MiB
2026/08/03 18:09:34.146, 66.36 W, 74, 94 %, 2998 MiB
2026/08/03 18:09:35.151, 73.19 W, 75, 93 %, 2998 MiB
2026/08/03 18:09:36.157, 67.78 W, 75, 94 %, 2998 MiB
2026/08/03 18:09:37.161, 72.92 W, 75, 93 %, 2998 MiB
2026/08/03 18:09:38.164, 65.15 W, 75, 95 %, 2998 MiB
2026/08/03 18:09:39.169, 73.29 W, 75, 92 %, 2998 MiB
2026/08/03 18:09:40.173, 66.67 W, 75, 94 %, 2998 MiB
2026/08/03 18:09:41.177, 73.32 W, 75, 93 %, 2998 MiB
2026/08/03 18:09:42.181, 73.10 W, 75, 94 %, 2998 MiB
2026/08/03 18:09:43.185, 76.11 W, 74, 93 %, 2998 MiB
2026/08/03 18:09:44.193, 72.98 W, 74, 94 %, 2998 MiB
2026/08/03 18:09:45.197, 74.11 W, 75, 93 %, 2998 MiB
2026/08/03 18:09:46.201, 55.07 W, 71, 94 %, 1820 MiB
2026/08/03 18:09:47.208, 34.81 W, 70, 68 %, 1826 MiB
2026/08/03 18:09:48.211, 72.80 W, 74, 41 %, 2992 MiB
2026/08/03 18:09:49.215, 65.34 W, 74, 95 %, 2998 MiB
2026/08/03 18:09:50.219, 73.99 W, 75, 93 %, 2998 MiB
2026/08/03 18:09:51.224, 68.34 W, 74, 93 %, 2998 MiB
2026/08/03 18:09:52.228, 75.09 W, 75, 92 %, 2998 MiB
2026/08/03 18:09:53.233, 65.92 W, 74, 94 %, 2998 MiB
2026/08/03 18:09:54.237, 76.29 W, 74, 92 %, 2998 MiB
2026/08/03 18:09:55.243, 67.97 W, 74, 93 %, 2998 MiB
2026/08/03 18:09:56.249, 75.22 W, 75, 93 %, 2998 MiB
2026/08/03 18:09:57.253, 72.90 W, 74, 94 %, 2998 MiB
2026/08/03 18:09:58.257, 67.39 W, 75, 92 %, 2998 MiB
2026/08/03 18:09:59.262, 74.45 W, 75, 94 %, 2998 MiB
2026/08/03 18:10:00.266, 68.43 W, 75, 92 %, 2998 MiB
2026/08/03 18:10:01.269, 75.28 W, 75, 94 %, 2998 MiB
2026/08/03 18:10:02.274, 69.07 W, 75, 92 %, 2998 MiB
2026/08/03 18:10:03.279, 76.17 W, 75, 95 %, 2998 MiB
2026/08/03 18:10:04.284, 66.44 W, 74, 93 %, 2998 MiB
2026/08/03 18:10:05.292, 76.36 W, 74, 94 %, 2998 MiB
2026/08/03 18:10:06.297, 72.15 W, 75, 93 %, 2998 MiB
2026/08/03 18:10:07.301, 68.58 W, 72, 93 %, 2998 MiB
2026/08/03 18:10:08.306, 54.75 W, 72, 76 %, 1824 MiB
2026/08/03 18:10:09.309, 67.45 W, 74, 43 %, 2994 MiB
2026/08/03 18:10:10.313, 74.94 W, 75, 84 %, 2996 MiB
2026/08/03 18:10:11.318, 72.42 W, 75, 93 %, 2998 MiB
2026/08/03 18:10:12.322, 77.39 W, 75, 95 %, 2998 MiB
2026/08/03 18:10:13.327, 71.16 W, 75, 93 %, 2998 MiB
2026/08/03 18:10:14.336, 77.30 W, 75, 94 %, 2998 MiB
2026/08/03 18:10:15.341, 73.33 W, 75, 93 %, 3000 MiB
2026/08/03 18:10:16.344, 76.55 W, 75, 94 %, 3000 MiB
2026/08/03 18:10:17.353, 74.33 W, 74, 92 %, 3000 MiB
2026/08/03 18:10:18.357, 78.60 W, 75, 94 %, 3000 MiB
2026/08/03 18:10:19.361, 73.71 W, 74, 92 %, 3000 MiB
2026/08/03 18:10:20.370, 75.28 W, 75, 94 %, 3000 MiB
2026/08/03 18:10:21.375, 73.51 W, 74, 92 %, 3000 MiB
2026/08/03 18:10:22.378, 72.16 W, 75, 94 %, 3000 MiB
2026/08/03 18:10:23.383, 74.39 W, 75, 93 %, 3000 MiB
2026/08/03 18:10:24.387, 68.82 W, 75, 94 %, 3000 MiB
2026/08/03 18:10:25.390, 73.51 W, 75, 92 %, 3000 MiB
2026/08/03 18:10:26.396, 64.31 W, 75, 94 %, 3000 MiB
2026/08/03 18:10:27.400, 73.90 W, 75, 92 %, 3000 MiB
2026/08/03 18:10:28.406, 73.59 W, 74, 94 %, 3000 MiB
2026/08/03 18:10:29.412, 68.41 W, 74, 79 %, 1812 MiB
2026/08/03 18:10:30.416, 35.68 W, 72, 62 %, 2442 MiB
2026/08/03 18:10:31.420, 67.39 W, 74, 59 %, 2996 MiB
2026/08/03 18:10:32.423, 74.22 W, 75, 93 %, 2996 MiB
2026/08/03 18:10:33.427, 67.02 W, 75, 94 %, 2996 MiB
2026/08/03 18:10:34.436, 75.29 W, 75, 93 %, 2996 MiB
2026/08/03 18:10:35.441, 68.42 W, 75, 94 %, 2996 MiB
2026/08/03 18:10:36.444, 74.86 W, 75, 93 %, 2996 MiB
2026/08/03 18:10:37.450, 65.87 W, 74, 93 %, 2996 MiB
2026/08/03 18:10:38.454, 75.94 W, 74, 93 %, 2996 MiB
2026/08/03 18:10:39.458, 70.18 W, 74, 94 %, 2996 MiB
2026/08/03 18:10:40.464, 77.87 W, 75, 92 %, 2996 MiB
2026/08/03 18:10:41.469, 72.04 W, 74, 94 %, 2996 MiB
2026/08/03 18:10:42.472, 75.87 W, 75, 93 %, 3000 MiB
2026/08/03 18:10:43.476, 75.51 W, 75, 94 %, 3000 MiB
2026/08/03 18:10:44.480, 68.54 W, 75, 93 %, 3000 MiB
2026/08/03 18:10:45.485, 75.47 W, 75, 94 %, 3000 MiB
2026/08/03 18:10:46.492, 68.21 W, 75, 92 %, 3000 MiB
2026/08/03 18:10:47.496, 75.33 W, 75, 95 %, 3000 MiB
2026/08/03 18:10:48.500, 65.63 W, 75, 94 %, 3000 MiB
2026/08/03 18:10:49.508, 75.35 W, 75, 94 %, 3000 MiB
2026/08/03 18:10:50.512, 37.39 W, 74, 92 %, 1232 MiB
2026/08/03 18:10:51.516, 38.32 W, 70, 65 %, 1808 MiB
2026/08/03 18:10:52.519, 75.93 W, 73, 47 %, 2998 MiB
2026/08/03 18:10:53.524, 79.05 W, 75, 93 %, 2998 MiB
2026/08/03 18:10:54.527, 74.11 W, 73, 94 %, 2998 MiB
2026/08/03 18:10:55.534, 76.47 W, 75, 92 %, 2998 MiB
2026/08/03 18:10:56.538, 73.60 W, 74, 94 %, 2998 MiB
2026/08/03 18:10:57.541, 74.88 W, 75, 93 %, 2998 MiB
2026/08/03 18:10:58.547, 74.04 W, 75, 94 %, 2998 MiB
2026/08/03 18:10:59.552, 72.32 W, 75, 92 %, 2998 MiB
2026/08/03 18:11:00.556, 75.58 W, 75, 95 %, 2998 MiB
2026/08/03 18:11:01.565, 72.99 W, 75, 93 %, 2998 MiB
2026/08/03 18:11:02.569, 76.74 W, 75, 94 %, 2998 MiB
2026/08/03 18:11:03.574, 74.40 W, 74, 92 %, 2998 MiB
2026/08/03 18:11:04.580, 76.32 W, 74, 95 %, 2998 MiB
2026/08/03 18:11:05.586, 74.14 W, 74, 93 %, 2998 MiB
2026/08/03 18:11:06.589, 76.38 W, 74, 94 %, 2998 MiB
2026/08/03 18:11:07.596, 74.42 W, 74, 92 %, 2998 MiB
2026/08/03 18:11:08.604, 74.90 W, 75, 94 %, 2998 MiB
2026/08/03 18:11:09.608, 73.19 W, 74, 92 %, 2998 MiB
2026/08/03 18:11:10.612, 72.95 W, 75, 94 %, 2998 MiB
2026/08/03 18:11:11.617, 73.45 W, 74, 93 %, 2998 MiB
2026/08/03 18:11:12.620, 55.17 W, 74, 74 %, 1808 MiB
2026/08/03 18:11:13.626, 73.65 W, 74, 38 %, 2994 MiB
2026/08/03 18:11:14.634, 66.40 W, 74, 94 %, 2994 MiB
2026/08/03 18:11:15.638, 74.78 W, 74, 93 %, 2994 MiB
2026/08/03 18:11:16.642, 72.75 W, 75, 93 %, 3000 MiB
2026/08/03 18:11:17.646, 67.44 W, 75, 94 %, 3000 MiB
2026/08/03 18:11:18.651, 72.69 W, 74, 92 %, 3000 MiB
2026/08/03 18:11:19.654, 66.60 W, 75, 94 %, 3000 MiB
2026/08/03 18:11:20.660, 72.64 W, 75, 92 %, 3000 MiB
2026/08/03 18:11:21.663, 66.38 W, 75, 94 %, 3000 MiB
2026/08/03 18:11:22.667, 73.52 W, 75, 93 %, 3000 MiB
2026/08/03 18:11:23.674, 66.80 W, 75, 94 %, 3000 MiB
2026/08/03 18:11:24.679, 74.54 W, 75, 92 %, 3000 MiB
2026/08/03 18:11:25.683, 66.50 W, 75, 94 %, 3000 MiB
2026/08/03 18:11:26.688, 75.71 W, 75, 92 %, 3000 MiB
2026/08/03 18:11:27.692, 67.97 W, 75, 94 %, 3000 MiB
2026/08/03 18:11:28.697, 76.81 W, 75, 93 %, 3000 MiB
2026/08/03 18:11:29.703, 67.54 W, 75, 95 %, 3000 MiB
2026/08/03 18:11:30.707, 76.19 W, 75, 93 %, 3000 MiB
2026/08/03 18:11:31.711, 66.79 W, 74, 95 %, 3000 MiB
2026/08/03 18:11:32.717, 67.29 W, 75, 93 %, 3000 MiB
2026/08/03 18:11:33.721, 68.78 W, 72, 80 %, 1818 MiB
2026/08/03 18:11:34.724, 35.04 W, 70, 44 %, 1822 MiB
2026/08/03 18:11:35.727, 76.09 W, 75, 79 %, 2994 MiB
2026/08/03 18:11:36.731, 68.59 W, 75, 93 %, 2998 MiB
2026/08/03 18:11:37.736, 77.56 W, 75, 94 %, 2998 MiB
2026/08/03 18:11:38.741, 70.93 W, 74, 93 %, 2998 MiB
2026/08/03 18:11:39.745, 77.43 W, 75, 95 %, 2998 MiB
2026/08/03 18:11:40.750, 69.71 W, 75, 93 %, 2998 MiB
2026/08/03 18:11:41.757, 76.05 W, 75, 94 %, 2998 MiB
2026/08/03 18:11:42.761, 70.77 W, 74, 93 %, 2998 MiB
2026/08/03 18:11:43.766, 75.94 W, 75, 94 %, 2998 MiB
2026/08/03 18:11:44.772, 73.76 W, 74, 93 %, 2998 MiB
2026/08/03 18:11:45.779, 77.69 W, 75, 93 %, 2998 MiB
2026/08/03 18:11:46.782, 76.14 W, 75, 94 %, 2998 MiB
2026/08/03 18:11:47.787, 77.23 W, 75, 94 %, 2998 MiB
2026/08/03 18:11:48.790, 76.80 W, 75, 92 %, 2998 MiB
2026/08/03 18:11:49.795, 67.94 W, 75, 94 %, 2998 MiB
2026/08/03 18:11:50.798, 77.24 W, 75, 93 %, 2998 MiB
2026/08/03 18:11:51.803, 69.40 W, 75, 94 %, 2998 MiB
2026/08/03 18:11:52.807, 76.43 W, 75, 93 %, 2998 MiB
2026/08/03 18:11:53.812, 71.56 W, 75, 94 %, 2998 MiB
2026/08/03 18:11:54.817, 68.20 W, 72, 93 %, 2998 MiB
2026/08/03 18:11:55.819, 54.50 W, 72, 83 %, 1798 MiB
2026/08/03 18:11:56.825, 68.24 W, 75, 65 %, 2990 MiB
2026/08/03 18:11:57.829, 72.83 W, 76, 56 %, 2990 MiB
2026/08/03 18:11:58.833, 66.00 W, 75, 93 %, 2994 MiB
2026/08/03 18:11:59.838, 72.77 W, 75, 94 %, 2994 MiB
2026/08/03 18:12:00.843, 65.77 W, 75, 93 %, 2994 MiB
2026/08/03 18:12:01.847, 73.91 W, 75, 94 %, 2994 MiB
2026/08/03 18:12:02.854, 67.48 W, 75, 92 %, 2994 MiB
2026/08/03 18:12:03.858, 75.31 W, 75, 94 %, 2996 MiB
2026/08/03 18:12:04.863, 73.11 W, 75, 92 %, 2996 MiB
2026/08/03 18:12:05.869, 74.26 W, 75, 94 %, 2996 MiB
2026/08/03 18:12:06.872, 74.45 W, 74, 93 %, 2996 MiB
2026/08/03 18:12:07.877, 67.84 W, 75, 94 %, 2996 MiB
2026/08/03 18:12:08.881, 73.88 W, 74, 93 %, 2996 MiB
2026/08/03 18:12:09.884, 69.20 W, 75, 94 %, 2996 MiB
2026/08/03 18:12:10.889, 73.40 W, 75, 94 %, 2996 MiB
2026/08/03 18:12:11.898, 68.91 W, 76, 94 %, 2996 MiB
2026/08/03 18:12:12.902, 73.59 W, 75, 94 %, 2996 MiB
2026/08/03 18:12:13.905, 70.51 W, 75, 94 %, 2996 MiB
2026/08/03 18:12:14.911, 72.91 W, 76, 94 %, 2996 MiB
2026/08/03 18:12:15.918, 71.88 W, 76, 95 %, 2996 MiB
2026/08/03 18:12:16.921, 58.11 W, 73, 93 %, 1820 MiB
2026/08/03 18:12:17.926, 67.00 W, 74, 65 %, 2992 MiB
2026/08/03 18:12:18.930, 73.10 W, 75, 47 %, 2996 MiB
2026/08/03 18:12:19.935, 74.23 W, 75, 93 %, 2996 MiB
2026/08/03 18:12:20.939, 67.19 W, 75, 94 %, 2996 MiB
2026/08/03 18:12:21.946, 73.50 W, 74, 93 %, 2996 MiB
2026/08/03 18:12:22.951, 68.20 W, 75, 94 %, 2996 MiB
2026/08/03 18:12:23.955, 73.33 W, 74, 93 %, 2996 MiB
2026/08/03 18:12:24.961, 66.93 W, 75, 94 %, 2996 MiB
2026/08/03 18:12:25.965, 73.43 W, 74, 93 %, 2996 MiB
2026/08/03 18:12:26.969, 67.38 W, 75, 94 %, 2998 MiB
2026/08/03 18:12:27.974, 72.40 W, 75, 93 %, 2998 MiB
2026/08/03 18:12:28.980, 66.19 W, 75, 95 %, 2998 MiB
2026/08/03 18:12:29.984, 72.85 W, 75, 92 %, 2998 MiB
2026/08/03 18:12:30.991, 66.69 W, 75, 94 %, 2998 MiB
2026/08/03 18:12:31.996, 73.69 W, 75, 93 %, 2998 MiB
2026/08/03 18:12:33.000, 67.13 W, 75, 94 %, 2998 MiB
2026/08/03 18:12:34.004, 72.81 W, 76, 92 %, 2998 MiB
2026/08/03 18:12:35.008, 68.02 W, 75, 95 %, 2998 MiB
2026/08/03 18:12:36.014, 74.55 W, 75, 94 %, 2998 MiB
2026/08/03 18:12:37.023, 73.66 W, 75, 95 %, 2998 MiB
2026/08/03 18:12:38.027, 79.64 W, 74, 93 %, 1812 MiB
2026/08/03 18:12:39.033, 34.97 W, 70, 73 %, 1828 MiB
2026/08/03 18:12:40.036, 67.54 W, 75, 36 %, 2980 MiB
2026/08/03 18:12:41.040, 72.51 W, 76, 94 %, 2980 MiB
2026/08/03 18:12:42.044, 66.87 W, 75, 92 %, 2980 MiB
2026/08/03 18:12:43.047, 73.22 W, 75, 94 %, 2980 MiB
2026/08/03 18:12:44.052, 67.54 W, 75, 93 %, 2980 MiB
2026/08/03 18:12:45.058, 73.19 W, 75, 94 %, 2980 MiB
2026/08/03 18:12:46.062, 66.88 W, 75, 93 %, 2980 MiB
2026/08/03 18:12:47.066, 73.19 W, 76, 94 %, 2980 MiB
2026/08/03 18:12:48.070, 68.06 W, 75, 93 %, 2980 MiB
2026/08/03 18:12:49.074, 73.21 W, 76, 95 %, 2980 MiB
2026/08/03 18:12:50.079, 67.25 W, 75, 93 %, 2980 MiB
2026/08/03 18:12:51.085, 70.72 W, 76, 94 %, 2980 MiB
2026/08/03 18:12:52.089, 73.40 W, 75, 93 %, 2980 MiB
2026/08/03 18:12:53.093, 65.34 W, 75, 94 %, 2982 MiB
2026/08/03 18:12:54.098, 73.52 W, 74, 93 %, 2982 MiB
2026/08/03 18:12:55.102, 69.10 W, 76, 93 %, 2982 MiB
2026/08/03 18:12:56.105, 73.24 W, 75, 94 %, 2982 MiB
2026/08/03 18:12:57.111, 67.65 W, 76, 94 %, 2982 MiB
2026/08/03 18:12:58.115, 72.69 W, 75, 94 %, 2982 MiB
2026/08/03 18:12:59.118, 75.14 W, 75, 94 %, 2982 MiB
2026/08/03 18:13:00.123, 73.16 W, 73, 75 %, 1816 MiB
2026/08/03 18:13:01.126, 68.97 W, 75, 42 %, 2976 MiB
2026/08/03 18:13:02.130, 74.90 W, 75, 86 %, 2976 MiB
2026/08/03 18:13:03.136, 66.77 W, 75, 93 %, 2976 MiB
2026/08/03 18:13:04.140, 74.77 W, 75, 95 %, 2976 MiB
2026/08/03 18:13:05.145, 68.61 W, 75, 93 %, 2978 MiB
2026/08/03 18:13:06.151, 74.81 W, 75, 94 %, 2978 MiB
2026/08/03 18:13:07.159, 66.26 W, 75, 92 %, 2982 MiB
2026/08/03 18:13:08.164, 67.61 W, 75, 94 %, 2982 MiB
2026/08/03 18:13:09.168, 73.70 W, 74, 92 %, 2982 MiB
2026/08/03 18:13:10.174, 68.05 W, 76, 94 %, 2982 MiB
2026/08/03 18:13:11.182, 73.03 W, 75, 93 %, 2982 MiB
2026/08/03 18:13:12.186, 68.07 W, 76, 94 %, 2982 MiB
2026/08/03 18:13:13.190, 74.41 W, 76, 93 %, 2982 MiB
2026/08/03 18:13:14.195, 67.75 W, 76, 94 %, 2982 MiB
2026/08/03 18:13:15.199, 74.60 W, 76, 93 %, 2982 MiB
2026/08/03 18:13:16.203, 68.47 W, 75, 94 %, 2982 MiB
2026/08/03 18:13:17.209, 75.75 W, 75, 93 %, 2982 MiB
2026/08/03 18:13:18.213, 66.70 W, 75, 94 %, 2982 MiB
2026/08/03 18:13:19.217, 76.06 W, 75, 93 %, 2982 MiB
2026/08/03 18:13:20.226, 67.97 W, 75, 94 %, 2982 MiB
2026/08/03 18:13:21.230, 75.30 W, 75, 79 %, 1824 MiB
2026/08/03 18:13:22.234, 69.66 W, 73, 60 %, 2472 MiB
2026/08/03 18:13:23.240, 78.54 W, 75, 63 %, 2980 MiB
2026/08/03 18:13:24.246, 74.71 W, 76, 93 %, 2980 MiB
2026/08/03 18:13:25.249, 68.65 W, 76, 94 %, 2980 MiB
2026/08/03 18:13:26.254, 76.29 W, 76, 93 %, 2980 MiB
2026/08/03 18:13:27.263, 70.99 W, 76, 94 %, 2980 MiB
2026/08/03 18:13:28.268, 78.05 W, 76, 93 %, 2980 MiB
2026/08/03 18:13:29.272, 73.96 W, 75, 94 %, 2980 MiB
2026/08/03 18:13:30.277, 77.53 W, 75, 93 %, 2980 MiB
2026/08/03 18:13:31.282, 74.33 W, 75, 94 %, 2980 MiB
2026/08/03 18:13:32.286, 75.90 W, 75, 92 %, 2980 MiB
2026/08/03 18:13:33.292, 75.13 W, 75, 94 %, 2980 MiB
2026/08/03 18:13:34.296, 77.48 W, 75, 93 %, 2980 MiB
2026/08/03 18:13:35.300, 74.83 W, 75, 94 %, 2980 MiB
2026/08/03 18:13:36.307, 77.46 W, 76, 92 %, 2980 MiB
2026/08/03 18:13:37.313, 73.45 W, 75, 94 %, 2980 MiB
2026/08/03 18:13:38.317, 77.39 W, 76, 93 %, 2980 MiB
2026/08/03 18:13:39.320, 73.72 W, 76, 94 %, 2980 MiB
2026/08/03 18:13:40.324, 72.83 W, 76, 92 %, 2980 MiB
2026/08/03 18:13:41.328, 76.84 W, 76, 94 %, 2980 MiB
2026/08/03 18:13:42.334, 34.85 W, 75, 93 %, 1234 MiB
2026/08/03 18:13:43.338, 38.47 W, 71, 65 %, 1822 MiB
2026/08/03 18:13:44.341, 73.65 W, 74, 44 %, 2994 MiB
2026/08/03 18:13:45.345, 68.87 W, 75, 95 %, 2994 MiB
2026/08/03 18:13:46.350, 73.39 W, 74, 92 %, 2994 MiB
2026/08/03 18:13:47.353, 68.39 W, 76, 95 %, 2994 MiB
2026/08/03 18:13:48.358, 74.05 W, 75, 93 %, 2994 MiB
2026/08/03 18:13:49.362, 66.54 W, 76, 94 %, 2994 MiB
2026/08/03 18:13:50.366, 72.96 W, 76, 93 %, 2994 MiB
2026/08/03 18:13:51.370, 68.61 W, 76, 93 %, 2994 MiB
2026/08/03 18:13:52.374, 73.57 W, 76, 94 %, 2994 MiB
2026/08/03 18:13:53.380, 65.96 W, 75, 93 %, 2994 MiB
2026/08/03 18:13:54.387, 73.49 W, 76, 94 %, 2994 MiB
2026/08/03 18:13:55.391, 67.56 W, 75, 93 %, 2994 MiB
2026/08/03 18:13:56.395, 73.41 W, 75, 94 %, 2994 MiB
2026/08/03 18:13:57.404, 73.91 W, 75, 92 %, 2994 MiB
2026/08/03 18:13:58.407, 70.97 W, 76, 95 %, 2994 MiB
2026/08/03 18:13:59.412, 73.78 W, 75, 93 %, 2994 MiB
2026/08/03 18:14:00.418, 67.95 W, 75, 94 %, 2994 MiB
2026/08/03 18:14:01.423, 73.47 W, 74, 93 %, 2994 MiB
2026/08/03 18:14:02.427, 68.90 W, 76, 95 %, 2994 MiB
2026/08/03 18:14:03.432, 73.77 W, 75, 93 %, 2994 MiB
2026/08/03 18:14:04.436, 47.48 W, 74, 71 %, 1820 MiB
2026/08/03 18:14:05.441, 73.17 W, 75, 40 %, 2992 MiB
2026/08/03 18:14:06.446, 67.57 W, 75, 94 %, 2996 MiB
2026/08/03 18:14:07.450, 74.14 W, 76, 93 %, 2996 MiB
2026/08/03 18:14:08.454, 66.50 W, 75, 94 %, 2996 MiB
2026/08/03 18:14:09.460, 75.83 W, 75, 92 %, 2998 MiB
2026/08/03 18:14:10.465, 67.12 W, 75, 94 %, 2998 MiB
2026/08/03 18:14:11.469, 76.05 W, 75, 92 %, 3002 MiB
2026/08/03 18:14:12.475, 66.88 W, 75, 94 %, 3002 MiB
2026/08/03 18:14:13.482, 67.07 W, 75, 93 %, 3002 MiB
2026/08/03 18:14:14.485, 72.60 W, 74, 94 %, 3002 MiB
2026/08/03 18:14:15.490, 67.87 W, 76, 92 %, 3002 MiB
2026/08/03 18:14:16.494, 74.23 W, 76, 95 %, 3002 MiB
2026/08/03 18:14:17.498, 67.32 W, 76, 93 %, 3002 MiB
2026/08/03 18:14:18.504, 74.65 W, 76, 94 %, 3002 MiB
2026/08/03 18:14:19.509, 68.20 W, 76, 93 %, 3002 MiB
2026/08/03 18:14:20.513, 74.91 W, 76, 94 %, 3002 MiB
2026/08/03 18:14:21.519, 68.57 W, 75, 93 %, 3002 MiB
2026/08/03 18:14:22.523, 75.41 W, 76, 94 %, 3002 MiB
2026/08/03 18:14:23.528, 66.28 W, 75, 93 %, 3002 MiB
2026/08/03 18:14:24.534, 75.35 W, 75, 94 %, 3002 MiB
2026/08/03 18:14:25.545, 38.76 W, 73, 75 %, 1816 MiB
2026/08/03 18:14:26.553, 34.76 W, 70, 43 %, 1822 MiB
2026/08/03 18:14:27.556, 75.38 W, 74, 86 %, 3000 MiB
2026/08/03 18:14:28.560, 76.95 W, 76, 94 %, 3000 MiB
2026/08/03 18:14:29.564, 75.46 W, 75, 94 %, 3000 MiB
2026/08/03 18:14:30.568, 68.19 W, 76, 93 %, 3000 MiB
2026/08/03 18:14:31.571, 76.31 W, 76, 94 %, 3000 MiB
2026/08/03 18:14:32.577, 67.22 W, 76, 93 %, 3000 MiB
2026/08/03 18:14:33.581, 76.86 W, 76, 95 %, 3000 MiB
2026/08/03 18:14:34.586, 68.10 W, 76, 93 %, 3000 MiB
2026/08/03 18:14:35.592, 76.18 W, 76, 93 %, 3000 MiB
2026/08/03 18:14:36.597, 68.13 W, 76, 94 %, 3000 MiB
2026/08/03 18:14:37.601, 76.43 W, 76, 93 %, 3000 MiB
2026/08/03 18:14:38.607, 68.30 W, 75, 95 %, 3000 MiB
2026/08/03 18:14:39.611, 76.45 W, 75, 93 %, 3000 MiB
2026/08/03 18:14:40.615, 67.51 W, 75, 95 %, 3000 MiB
2026/08/03 18:14:41.623, 76.41 W, 75, 92 %, 3000 MiB
2026/08/03 18:14:42.627, 69.97 W, 75, 94 %, 3000 MiB
2026/08/03 18:14:43.631, 77.24 W, 75, 93 %, 3000 MiB
2026/08/03 18:14:44.636, 66.50 W, 74, 95 %, 3000 MiB
2026/08/03 18:14:45.641, 76.59 W, 76, 93 %, 3000 MiB
2026/08/03 18:14:46.645, 41.05 W, 72, 95 %, 1068 MiB
2026/08/03 18:14:47.651, 40.25 W, 72, 80 %, 1796 MiB
2026/08/03 18:14:48.653, 76.13 W, 75, 58 %, 2988 MiB
2026/08/03 18:14:49.658, 71.54 W, 75, 66 %, 2988 MiB
2026/08/03 18:14:50.664, 75.93 W, 75, 95 %, 2990 MiB
2026/08/03 18:14:51.667, 70.12 W, 75, 93 %, 2990 MiB
2026/08/03 18:14:52.672, 76.08 W, 75, 94 %, 2992 MiB
2026/08/03 18:14:53.676, 70.98 W, 75, 92 %, 2992 MiB
2026/08/03 18:14:54.681, 76.19 W, 75, 94 %, 2992 MiB
2026/08/03 18:14:55.685, 70.42 W, 75, 93 %, 2992 MiB
2026/08/03 18:14:56.689, 75.91 W, 75, 95 %, 2992 MiB
2026/08/03 18:14:57.693, 70.32 W, 75, 93 %, 2994 MiB
2026/08/03 18:14:58.703, 76.66 W, 75, 95 %, 2994 MiB
2026/08/03 18:14:59.708, 71.61 W, 74, 93 %, 2994 MiB
2026/08/03 18:15:00.712, 67.62 W, 76, 94 %, 2994 MiB
2026/08/03 18:15:01.716, 74.43 W, 75, 92 %, 2994 MiB
2026/08/03 18:15:02.719, 69.60 W, 76, 95 %, 2994 MiB
2026/08/03 18:15:03.724, 74.15 W, 76, 93 %, 2994 MiB
2026/08/03 18:15:04.728, 67.25 W, 76, 95 %, 2994 MiB
2026/08/03 18:15:05.732, 73.50 W, 76, 93 %, 2994 MiB
2026/08/03 18:15:06.737, 67.01 W, 76, 95 %, 2994 MiB
2026/08/03 18:15:07.741, 73.82 W, 76, 92 %, 2994 MiB
2026/08/03 18:15:08.746, 38.37 W, 75, 90 %, 1826 MiB
2026/08/03 18:15:09.752, 76.83 W, 74, 64 %, 2996 MiB
2026/08/03 18:15:10.760, 69.12 W, 75, 52 %, 2996 MiB
2026/08/03 18:15:11.764, 75.36 W, 75, 94 %, 2998 MiB
2026/08/03 18:15:12.770, 68.93 W, 75, 94 %, 2998 MiB
2026/08/03 18:15:13.778, 76.82 W, 75, 94 %, 2998 MiB
2026/08/03 18:15:14.782, 67.78 W, 75, 94 %, 3002 MiB
2026/08/03 18:15:15.788, 77.19 W, 76, 94 %, 3002 MiB
2026/08/03 18:15:16.792, 68.06 W, 74, 93 %, 3002 MiB
2026/08/03 18:15:17.796, 67.51 W, 76, 94 %, 3002 MiB
2026/08/03 18:15:18.800, 73.45 W, 75, 93 %, 3002 MiB
2026/08/03 18:15:19.804, 67.52 W, 76, 95 %, 3002 MiB
2026/08/03 18:15:20.808, 74.21 W, 76, 93 %, 3002 MiB
2026/08/03 18:15:21.811, 67.90 W, 76, 94 %, 3002 MiB
2026/08/03 18:15:22.817, 76.48 W, 76, 92 %, 3002 MiB
2026/08/03 18:15:23.821, 66.95 W, 75, 94 %, 3002 MiB
2026/08/03 18:15:24.825, 76.75 W, 75, 92 %, 3002 MiB
2026/08/03 18:15:25.835, 69.67 W, 75, 94 %, 3002 MiB
2026/08/03 18:15:26.839, 77.96 W, 75, 93 %, 3002 MiB
2026/08/03 18:15:27.844, 69.77 W, 75, 95 %, 3002 MiB
2026/08/03 18:15:28.849, 77.36 W, 75, 92 %, 3002 MiB
2026/08/03 18:15:29.853, 43.88 W, 72, 95 %, 1808 MiB
2026/08/03 18:15:30.856, 34.78 W, 70, 63 %, 1822 MiB
2026/08/03 18:15:31.859, 73.04 W, 75, 46 %, 2996 MiB
2026/08/03 18:15:32.863, 73.93 W, 75, 93 %, 3000 MiB
2026/08/03 18:15:33.867, 79.56 W, 75, 94 %, 3000 MiB
2026/08/03 18:15:34.875, 74.61 W, 75, 93 %, 3000 MiB
2026/08/03 18:15:35.879, 74.63 W, 75, 93 %, 3000 MiB
2026/08/03 18:15:36.883, 72.87 W, 74, 93 %, 3000 MiB
2026/08/03 18:15:37.890, 67.90 W, 75, 93 %, 3000 MiB
2026/08/03 18:15:38.894, 73.95 W, 74, 94 %, 3000 MiB
2026/08/03 18:15:39.897, 69.29 W, 75, 92 %, 3000 MiB
2026/08/03 18:15:40.904, 74.23 W, 76, 94 %, 3000 MiB
2026/08/03 18:15:41.909, 66.76 W, 75, 92 %, 3000 MiB
2026/08/03 18:15:42.913, 72.97 W, 76, 94 %, 3000 MiB
2026/08/03 18:15:43.922, 67.93 W, 76, 92 %, 3000 MiB
2026/08/03 18:15:44.926, 72.64 W, 75, 95 %, 3000 MiB
2026/08/03 18:15:45.930, 67.05 W, 75, 92 %, 3000 MiB
2026/08/03 18:15:46.934, 72.51 W, 75, 94 %, 3000 MiB
2026/08/03 18:15:47.939, 73.94 W, 75, 93 %, 3000 MiB
2026/08/03 18:15:48.943, 68.64 W, 75, 94 %, 3000 MiB
2026/08/03 18:15:49.952, 73.26 W, 75, 92 %, 3000 MiB
2026/08/03 18:15:50.956, 76.71 W, 73, 95 %, 3000 MiB
2026/08/03 18:15:51.958, 70.70 W, 72, 72 %, 1824 MiB
2026/08/03 18:15:52.963, 66.54 W, 75, 39 %, 2994 MiB
2026/08/03 18:15:53.967, 76.29 W, 75, 90 %, 2994 MiB
2026/08/03 18:15:54.972, 67.00 W, 75, 94 %, 2996 MiB
2026/08/03 18:15:55.975, 77.00 W, 75, 93 %, 2996 MiB
2026/08/03 18:15:56.980, 69.14 W, 75, 94 %, 2996 MiB
2026/08/03 18:15:57.984, 76.04 W, 75, 94 %, 2996 MiB
2026/08/03 18:15:58.990, 71.32 W, 74, 92 %, 2996 MiB
2026/08/03 18:15:59.995, 77.11 W, 75, 94 %, 2996 MiB
2026/08/03 18:16:00.999, 74.72 W, 75, 92 %, 2996 MiB
2026/08/03 18:16:02.007, 78.04 W, 76, 94 %, 2996 MiB
2026/08/03 18:16:03.012, 73.81 W, 76, 92 %, 2998 MiB
2026/08/03 18:16:04.015, 72.85 W, 75, 94 %, 2998 MiB
2026/08/03 18:16:05.019, 75.89 W, 75, 92 %, 2998 MiB
2026/08/03 18:16:06.023, 72.34 W, 75, 94 %, 2998 MiB
2026/08/03 18:16:07.027, 78.45 W, 76, 93 %, 2998 MiB
2026/08/03 18:16:08.033, 76.12 W, 75, 94 %, 2998 MiB
2026/08/03 18:16:09.037, 77.87 W, 75, 93 %, 2998 MiB
2026/08/03 18:16:10.043, 75.97 W, 75, 95 %, 2998 MiB
2026/08/03 18:16:11.051, 77.00 W, 75, 93 %, 3000 MiB
2026/08/03 18:16:12.055, 76.17 W, 75, 94 %, 3000 MiB
2026/08/03 18:16:13.059, 77.81 W, 75, 79 %, 1822 MiB
2026/08/03 18:16:14.066, 50.96 W, 73, 57 %, 2424 MiB
2026/08/03 18:16:15.069, 69.57 W, 75, 64 %, 2994 MiB
2026/08/03 18:16:16.073, 73.23 W, 75, 94 %, 2996 MiB
2026/08/03 18:16:17.079, 67.26 W, 75, 93 %, 2998 MiB
2026/08/03 18:16:18.082, 73.77 W, 75, 93 %, 2998 MiB
2026/08/03 18:16:19.087, 67.98 W, 75, 94 %, 3002 MiB
2026/08/03 18:16:20.092, 69.53 W, 75, 94 %, 3002 MiB
2026/08/03 18:16:21.097, 74.61 W, 75, 94 %, 3002 MiB
2026/08/03 18:16:22.101, 69.37 W, 75, 93 %, 3002 MiB
2026/08/03 18:16:23.108, 73.06 W, 74, 94 %, 3002 MiB
2026/08/03 18:16:24.111, 67.07 W, 75, 92 %, 3002 MiB
2026/08/03 18:16:25.115, 72.77 W, 75, 94 %, 3002 MiB
2026/08/03 18:16:26.121, 66.75 W, 76, 93 %, 3002 MiB
2026/08/03 18:16:27.126, 72.59 W, 75, 94 %, 3002 MiB
2026/08/03 18:16:28.129, 66.93 W, 75, 92 %, 3002 MiB
2026/08/03 18:16:29.133, 72.82 W, 75, 94 %, 3002 MiB
2026/08/03 18:16:30.138, 67.41 W, 75, 93 %, 3002 MiB
2026/08/03 18:16:31.142, 73.79 W, 76, 95 %, 3002 MiB
2026/08/03 18:16:32.145, 66.95 W, 75, 93 %, 3002 MiB
2026/08/03 18:16:33.149, 73.60 W, 75, 94 %, 3002 MiB
2026/08/03 18:16:34.157, 52.53 W, 74, 93 %, 1228 MiB
2026/08/03 18:16:35.161, 37.12 W, 71, 64 %, 1806 MiB
2026/08/03 18:16:36.164, 74.15 W, 74, 44 %, 3000 MiB
2026/08/03 18:16:37.168, 66.56 W, 75, 94 %, 3000 MiB
2026/08/03 18:16:38.172, 74.60 W, 75, 93 %, 3000 MiB
2026/08/03 18:16:39.175, 66.76 W, 75, 94 %, 3000 MiB
2026/08/03 18:16:40.179, 75.34 W, 75, 93 %, 3000 MiB
2026/08/03 18:16:41.183, 66.45 W, 75, 94 %, 3000 MiB
2026/08/03 18:16:42.187, 76.17 W, 75, 92 %, 3000 MiB
2026/08/03 18:16:43.193, 67.38 W, 75, 94 %, 3000 MiB
2026/08/03 18:16:44.197, 76.06 W, 75, 93 %, 3000 MiB
2026/08/03 18:16:45.203, 70.90 W, 75, 94 %, 3000 MiB
2026/08/03 18:16:46.208, 76.34 W, 75, 94 %, 3000 MiB
2026/08/03 18:16:47.213, 71.36 W, 74, 93 %, 3000 MiB
2026/08/03 18:16:48.218, 77.36 W, 75, 94 %, 3000 MiB
2026/08/03 18:16:49.222, 71.94 W, 74, 93 %, 3000 MiB
2026/08/03 18:16:50.226, 77.79 W, 76, 94 %, 3000 MiB
2026/08/03 18:16:51.230, 74.66 W, 75, 93 %, 3000 MiB
2026/08/03 18:16:52.234, 67.59 W, 76, 95 %, 3000 MiB
2026/08/03 18:16:53.238, 74.66 W, 76, 92 %, 3000 MiB
2026/08/03 18:16:54.241, 68.19 W, 75, 94 %, 3000 MiB
2026/08/03 18:16:55.246, 74.08 W, 75, 93 %, 3000 MiB
2026/08/03 18:16:56.249, 37.71 W, 74, 70 %, 1824 MiB
2026/08/03 18:16:57.254, 77.55 W, 74, 39 %, 2994 MiB
2026/08/03 18:16:58.260, 74.10 W, 74, 94 %, 3000 MiB
2026/08/03 18:16:59.266, 78.54 W, 75, 93 %, 3000 MiB
2026/08/03 18:17:00.270, 73.66 W, 74, 95 %, 3000 MiB
2026/08/03 18:17:01.276, 76.76 W, 75, 93 %, 3000 MiB
2026/08/03 18:17:02.279, 75.77 W, 74, 94 %, 3000 MiB
2026/08/03 18:17:03.283, 76.86 W, 75, 93 %, 3000 MiB
2026/08/03 18:17:04.287, 75.60 W, 75, 94 %, 3000 MiB
2026/08/03 18:17:05.290, 78.39 W, 75, 92 %, 3000 MiB
2026/08/03 18:17:06.296, 77.00 W, 75, 94 %, 3000 MiB
2026/08/03 18:17:07.302, 71.07 W, 75, 93 %, 3000 MiB
2026/08/03 18:17:08.306, 75.94 W, 75, 94 %, 3000 MiB
2026/08/03 18:17:09.311, 71.52 W, 75, 93 %, 3000 MiB
2026/08/03 18:17:10.318, 76.90 W, 75, 94 %, 3000 MiB
2026/08/03 18:17:11.323, 72.34 W, 75, 93 %, 3000 MiB
2026/08/03 18:17:12.326, 77.47 W, 75, 94 %, 3000 MiB
2026/08/03 18:17:13.332, 71.69 W, 75, 93 %, 3000 MiB
2026/08/03 18:17:14.336, 77.24 W, 75, 93 %, 3000 MiB
2026/08/03 18:17:15.342, 76.08 W, 74, 94 %, 3000 MiB
2026/08/03 18:17:16.346, 77.88 W, 75, 92 %, 3000 MiB
2026/08/03 18:17:17.351, 48.44 W, 72, 94 %, 1816 MiB
2026/08/03 18:17:18.355, 34.74 W, 70, 72 %, 1822 MiB
2026/08/03 18:17:19.358, 72.96 W, 75, 42 %, 2996 MiB
2026/08/03 18:17:20.362, 68.15 W, 75, 87 %, 2998 MiB
2026/08/03 18:17:21.366, 77.54 W, 75, 93 %, 2998 MiB
2026/08/03 18:17:22.370, 72.97 W, 75, 94 %, 2998 MiB
2026/08/03 18:17:23.376, 74.95 W, 75, 93 %, 2998 MiB
2026/08/03 18:17:24.385, 73.57 W, 75, 94 %, 2998 MiB
2026/08/03 18:17:25.389, 71.12 W, 75, 93 %, 2998 MiB
2026/08/03 18:17:26.393, 73.93 W, 74, 94 %, 2998 MiB
2026/08/03 18:17:27.399, 68.17 W, 75, 92 %, 2998 MiB
2026/08/03 18:17:28.403, 72.85 W, 75, 94 %, 2998 MiB
2026/08/03 18:17:29.406, 65.97 W, 76, 93 %, 2998 MiB
2026/08/03 18:17:30.415, 72.87 W, 75, 94 %, 2998 MiB
2026/08/03 18:17:31.419, 67.94 W, 75, 92 %, 2998 MiB
2026/08/03 18:17:32.423, 73.18 W, 75, 94 %, 2998 MiB
2026/08/03 18:17:33.430, 66.57 W, 75, 92 %, 2998 MiB
2026/08/03 18:17:34.433, 72.69 W, 75, 94 %, 2998 MiB
2026/08/03 18:17:35.438, 68.00 W, 75, 93 %, 2998 MiB
2026/08/03 18:17:36.443, 73.35 W, 75, 94 %, 2998 MiB
2026/08/03 18:17:37.449, 73.92 W, 75, 92 %, 2998 MiB
2026/08/03 18:17:38.453, 77.02 W, 72, 95 %, 2998 MiB
2026/08/03 18:17:39.457, 68.27 W, 72, 79 %, 1794 MiB
2026/08/03 18:17:40.461, 66.94 W, 75, 59 %, 2986 MiB
2026/08/03 18:17:41.464, 72.96 W, 75, 64 %, 2990 MiB
2026/08/03 18:17:42.468, 66.86 W, 75, 94 %, 2992 MiB
2026/08/03 18:17:43.471, 74.37 W, 75, 94 %, 2992 MiB
2026/08/03 18:17:44.477, 68.20 W, 75, 93 %, 2992 MiB
2026/08/03 18:17:45.481, 74.68 W, 75, 94 %, 2992 MiB
2026/08/03 18:17:46.485, 68.25 W, 74, 93 %, 2996 MiB
2026/08/03 18:17:47.493, 75.37 W, 75, 94 %, 2996 MiB
2026/08/03 18:17:48.497, 65.21 W, 75, 93 %, 2996 MiB
2026/08/03 18:17:49.501, 76.40 W, 75, 94 %, 2996 MiB
2026/08/03 18:17:50.508, 68.91 W, 74, 92 %, 2996 MiB
2026/08/03 18:17:51.513, 76.49 W, 75, 95 %, 2996 MiB
2026/08/03 18:17:52.517, 72.86 W, 74, 92 %, 2996 MiB
2026/08/03 18:17:53.522, 67.35 W, 75, 95 %, 2996 MiB
2026/08/03 18:17:54.526, 73.29 W, 75, 92 %, 2996 MiB
2026/08/03 18:17:55.529, 67.52 W, 75, 94 %, 2996 MiB
2026/08/03 18:17:56.533, 73.72 W, 75, 93 %, 2996 MiB
2026/08/03 18:17:57.537, 66.47 W, 75, 94 %, 2996 MiB
2026/08/03 18:17:58.542, 72.68 W, 75, 93 %, 2996 MiB
2026/08/03 18:17:59.546, 66.75 W, 75, 94 %, 2996 MiB
2026/08/03 18:18:00.550, 73.47 W, 73, 93 %, 1816 MiB
2026/08/03 18:18:01.555, 67.15 W, 73, 63 %, 2992 MiB
2026/08/03 18:18:02.559, 76.46 W, 75, 47 %, 2994 MiB
2026/08/03 18:18:03.563, 69.94 W, 73, 94 %, 2996 MiB
2026/08/03 18:18:04.570, 77.22 W, 75, 92 %, 2996 MiB
2026/08/03 18:18:05.574, 74.56 W, 75, 94 %, 2996 MiB
2026/08/03 18:18:06.577, 65.86 W, 75, 93 %, 2996 MiB
2026/08/03 18:18:07.585, 75.86 W, 75, 93 %, 2996 MiB
2026/08/03 18:18:08.589, 65.98 W, 75, 92 %, 2996 MiB
2026/08/03 18:18:09.593, 76.86 W, 75, 94 %, 2996 MiB
2026/08/03 18:18:10.602, 70.99 W, 75, 93 %, 2996 MiB
2026/08/03 18:18:11.606, 76.54 W, 75, 94 %, 2996 MiB
2026/08/03 18:18:12.610, 71.41 W, 75, 93 %, 2996 MiB
2026/08/03 18:18:13.617, 76.52 W, 75, 93 %, 2998 MiB
2026/08/03 18:18:14.622, 73.74 W, 74, 93 %, 2998 MiB
2026/08/03 18:18:15.626, 75.33 W, 75, 92 %, 2998 MiB
2026/08/03 18:18:16.631, 73.37 W, 74, 94 %, 2998 MiB
2026/08/03 18:18:17.635, 72.74 W, 75, 93 %, 2998 MiB
2026/08/03 18:18:18.639, 73.52 W, 76, 95 %, 2998 MiB
2026/08/03 18:18:19.642, 73.50 W, 75, 93 %, 2998 MiB
2026/08/03 18:18:20.646, 73.81 W, 75, 95 %, 2998 MiB
2026/08/03 18:18:21.652, 36.31 W, 74, 93 %, 1238 MiB
2026/08/03 18:18:22.656, 38.25 W, 70, 70 %, 1822 MiB
2026/08/03 18:18:23.659, 73.40 W, 74, 39 %, 2996 MiB
2026/08/03 18:18:24.664, 77.13 W, 74, 94 %, 2996 MiB
2026/08/03 18:18:25.669, 73.92 W, 75, 93 %, 2996 MiB
2026/08/03 18:18:26.673, 75.54 W, 75, 94 %, 2996 MiB
2026/08/03 18:18:27.678, 74.41 W, 74, 92 %, 2996 MiB
2026/08/03 18:18:28.681, 70.09 W, 75, 94 %, 2996 MiB
2026/08/03 18:18:29.684, 73.85 W, 75, 93 %, 2996 MiB
2026/08/03 18:18:30.688, 70.63 W, 75, 94 %, 2996 MiB
2026/08/03 18:18:31.692, 73.13 W, 75, 92 %, 2998 MiB
2026/08/03 18:18:32.697, 65.25 W, 75, 94 %, 2998 MiB
2026/08/03 18:18:33.701, 74.07 W, 75, 92 %, 2998 MiB
2026/08/03 18:18:34.705, 67.05 W, 75, 94 %, 2998 MiB
2026/08/03 18:18:35.710, 77.15 W, 75, 93 %, 2998 MiB
2026/08/03 18:18:36.715, 73.64 W, 75, 94 %, 3000 MiB
2026/08/03 18:18:37.719, 72.77 W, 75, 92 %, 3000 MiB
2026/08/03 18:18:38.724, 73.65 W, 75, 94 %, 3000 MiB
2026/08/03 18:18:39.728, 72.16 W, 75, 93 %, 3000 MiB
2026/08/03 18:18:40.732, 73.61 W, 74, 95 %, 3000 MiB
2026/08/03 18:18:41.738, 70.45 W, 75, 93 %, 3000 MiB
2026/08/03 18:18:42.742, 73.60 W, 75, 94 %, 3000 MiB
2026/08/03 18:18:43.747, 58.07 W, 74, 73 %, 1818 MiB
2026/08/03 18:18:44.751, 72.60 W, 74, 42 %, 2996 MiB
2026/08/03 18:18:45.755, 66.82 W, 75, 89 %, 2996 MiB
2026/08/03 18:18:46.762, 73.58 W, 75, 92 %, 2998 MiB
2026/08/03 18:18:47.766, 68.36 W, 75, 94 %, 2998 MiB
2026/08/03 18:18:48.770, 72.85 W, 75, 93 %, 2998 MiB
2026/08/03 18:18:49.776, 64.98 W, 75, 94 %, 2998 MiB
2026/08/03 18:18:50.780, 69.17 W, 75, 92 %, 2998 MiB
2026/08/03 18:18:51.786, 72.93 W, 74, 94 %, 2998 MiB
2026/08/03 18:18:52.792, 65.99 W, 75, 93 %, 2998 MiB
2026/08/03 18:18:53.797, 73.47 W, 74, 94 %, 2998 MiB
2026/08/03 18:18:54.800, 67.07 W, 75, 93 %, 2998 MiB
2026/08/03 18:18:55.804, 73.11 W, 75, 94 %, 2998 MiB
2026/08/03 18:18:56.810, 67.52 W, 75, 92 %, 2998 MiB
2026/08/03 18:18:57.814, 72.66 W, 75, 94 %, 2998 MiB
2026/08/03 18:18:58.818, 67.12 W, 75, 93 %, 2998 MiB
2026/08/03 18:18:59.822, 74.45 W, 75, 94 %, 2998 MiB
2026/08/03 18:19:00.827, 67.15 W, 75, 93 %, 2998 MiB
2026/08/03 18:19:01.831, 74.82 W, 75, 94 %, 2998 MiB
2026/08/03 18:19:02.835, 65.35 W, 75, 93 %, 2998 MiB
2026/08/03 18:19:03.839, 76.74 W, 75, 94 %, 2998 MiB
2026/08/03 18:19:04.848, 36.79 W, 71, 80 %, 1812 MiB
2026/08/03 18:19:05.851, 35.07 W, 70, 60 %, 1822 MiB
2026/08/03 18:19:06.872, 75.42 W, 74, 63 %, 2996 MiB
2026/08/03 18:19:07.875, 77.69 W, 75, 93 %, 2996 MiB
2026/08/03 18:19:08.879, 75.67 W, 75, 94 %, 2998 MiB
2026/08/03 18:19:09.884, 66.94 W, 75, 93 %, 2998 MiB
2026/08/03 18:19:10.889, 76.25 W, 75, 94 %, 2998 MiB
2026/08/03 18:19:11.893, 70.95 W, 75, 92 %, 2998 MiB
2026/08/03 18:19:12.899, 76.85 W, 75, 94 %, 2998 MiB
2026/08/03 18:19:13.903, 70.92 W, 75, 92 %, 3000 MiB
2026/08/03 18:19:14.907, 76.79 W, 75, 94 %, 3000 MiB
2026/08/03 18:19:15.916, 76.18 W, 75, 93 %, 3000 MiB
2026/08/03 18:19:16.920, 77.32 W, 75, 94 %, 3000 MiB
2026/08/03 18:19:17.924, 75.78 W, 74, 93 %, 3000 MiB
2026/08/03 18:19:18.929, 79.06 W, 75, 94 %, 3000 MiB
2026/08/03 18:19:19.934, 74.19 W, 74, 93 %, 3000 MiB
2026/08/03 18:19:20.938, 78.49 W, 75, 94 %, 3002 MiB
2026/08/03 18:19:21.942, 74.31 W, 76, 92 %, 3002 MiB
2026/08/03 18:19:22.946, 75.96 W, 75, 94 %, 3002 MiB
2026/08/03 18:19:23.950, 76.61 W, 75, 93 %, 3002 MiB
2026/08/03 18:19:24.955, 70.34 W, 75, 94 %, 3002 MiB
2026/08/03 18:19:25.959, 68.54 W, 72, 92 %, 3002 MiB
2026/08/03 18:19:26.962, 52.47 W, 71, 64 %, 1810 MiB
2026/08/03 18:19:27.965, 72.41 W, 74, 44 %, 2994 MiB
2026/08/03 18:19:28.970, 74.30 W, 74, 95 %, 2994 MiB
2026/08/03 18:19:29.975, 71.61 W, 75, 93 %, 2994 MiB
2026/08/03 18:19:30.980, 74.00 W, 74, 94 %, 2994 MiB
2026/08/03 18:19:31.984, 68.70 W, 75, 93 %, 2994 MiB
2026/08/03 18:19:32.992, 74.08 W, 75, 94 %, 2994 MiB
2026/08/03 18:19:33.998, 67.89 W, 75, 93 %, 2994 MiB
2026/08/03 18:19:35.001, 73.86 W, 75, 93 %, 2994 MiB
2026/08/03 18:19:36.008, 69.14 W, 75, 94 %, 2994 MiB
2026/08/03 18:19:37.012, 72.55 W, 75, 92 %, 2994 MiB
2026/08/03 18:19:38.017, 66.15 W, 75, 95 %, 2994 MiB
2026/08/03 18:19:39.022, 71.70 W, 75, 93 %, 2994 MiB
2026/08/03 18:19:40.026, 74.61 W, 75, 94 %, 2994 MiB
2026/08/03 18:19:41.030, 70.05 W, 75, 93 %, 2994 MiB
2026/08/03 18:19:42.037, 73.50 W, 74, 94 %, 2994 MiB
2026/08/03 18:19:43.042, 67.17 W, 75, 93 %, 2994 MiB
2026/08/03 18:19:44.046, 73.22 W, 74, 94 %, 2996 MiB
2026/08/03 18:19:45.051, 66.97 W, 75, 93 %, 2996 MiB
2026/08/03 18:19:46.055, 73.36 W, 75, 94 %, 2996 MiB
2026/08/03 18:19:47.060, 68.09 W, 75, 93 %, 2996 MiB
2026/08/03 18:19:48.064, 64.28 W, 72, 72 %, 1816 MiB
2026/08/03 18:19:49.067, 59.53 W, 73, 37 %, 2994 MiB
2026/08/03 18:19:50.071, 75.67 W, 74, 94 %, 2998 MiB
2026/08/03 18:19:51.078, 66.38 W, 75, 92 %, 2998 MiB
2026/08/03 18:19:52.085, 75.70 W, 75, 95 %, 2998 MiB
2026/08/03 18:19:53.089, 69.01 W, 74, 92 %, 2998 MiB
2026/08/03 18:19:54.093, 78.21 W, 75, 92 %, 2998 MiB
2026/08/03 18:19:55.099, 72.27 W, 74, 94 %, 2998 MiB
2026/08/03 18:19:56.102, 67.81 W, 75, 92 %, 2998 MiB
2026/08/03 18:19:57.106, 74.76 W, 75, 95 %, 2998 MiB
2026/08/03 18:19:58.115, 68.98 W, 75, 93 %, 2998 MiB
2026/08/03 18:19:59.119, 75.25 W, 75, 94 %, 2998 MiB
2026/08/03 18:20:00.122, 66.13 W, 75, 93 %, 2998 MiB
2026/08/03 18:20:01.126, 75.02 W, 75, 93 %, 2998 MiB
2026/08/03 18:20:02.130, 68.73 W, 75, 93 %, 2998 MiB
2026/08/03 18:20:03.133, 76.59 W, 75, 94 %, 2998 MiB
2026/08/03 18:20:04.138, 66.55 W, 75, 94 %, 2998 MiB
2026/08/03 18:20:05.142, 76.39 W, 75, 93 %, 2998 MiB
2026/08/03 18:20:06.148, 68.46 W, 75, 95 %, 2998 MiB
2026/08/03 18:20:07.151, 76.17 W, 75, 93 %, 2998 MiB
2026/08/03 18:20:08.156, 69.98 W, 74, 94 %, 2998 MiB
2026/08/03 18:20:09.163, 75.64 W, 75, 93 %, 1808 MiB
2026/08/03 18:20:10.167, 32.52 W, 70, 76 %, 1822 MiB
2026/08/03 18:20:11.170, 69.22 W, 75, 42 %, 2994 MiB
2026/08/03 18:20:12.176, 76.17 W, 75, 84 %, 2994 MiB
2026/08/03 18:20:13.180, 69.81 W, 75, 93 %, 2994 MiB
2026/08/03 18:20:14.186, 77.22 W, 75, 94 %, 2994 MiB
2026/08/03 18:20:15.191, 72.57 W, 75, 92 %, 2994 MiB
2026/08/03 18:20:16.195, 77.40 W, 75, 94 %, 2994 MiB
2026/08/03 18:20:17.201, 74.93 W, 74, 93 %, 2996 MiB
2026/08/03 18:20:18.205, 79.14 W, 75, 94 %, 2996 MiB
2026/08/03 18:20:19.210, 73.94 W, 74, 92 %, 2996 MiB
2026/08/03 18:20:20.215, 74.20 W, 75, 94 %, 2996 MiB
2026/08/03 18:20:21.219, 73.50 W, 75, 92 %, 2996 MiB
2026/08/03 18:20:22.224, 75.12 W, 75, 94 %, 2996 MiB
2026/08/03 18:20:23.229, 73.76 W, 75, 93 %, 2996 MiB
2026/08/03 18:20:24.232, 73.88 W, 75, 94 %, 2996 MiB
2026/08/03 18:20:25.236, 76.63 W, 75, 92 %, 2998 MiB
2026/08/03 18:20:26.244, 71.15 W, 75, 94 %, 2998 MiB
2026/08/03 18:20:27.248, 75.99 W, 75, 93 %, 2998 MiB
2026/08/03 18:20:28.253, 74.29 W, 75, 94 %, 2998 MiB
2026/08/03 18:20:29.260, 77.61 W, 75, 92 %, 2998 MiB
2026/08/03 18:20:30.265, 68.81 W, 75, 95 %, 2998 MiB
2026/08/03 18:20:31.269, 72.84 W, 75, 80 %, 1786 MiB
2026/08/03 18:20:32.273, 73.47 W, 73, 61 %, 2992 MiB
2026/08/03 18:20:33.280, 77.28 W, 75, 63 %, 2996 MiB
2026/08/03 18:20:34.283, 73.35 W, 73, 93 %, 2996 MiB
2026/08/03 18:20:35.289, 73.83 W, 75, 94 %, 2996 MiB
2026/08/03 18:20:36.293, 73.97 W, 75, 93 %, 2996 MiB
2026/08/03 18:20:37.296, 72.61 W, 75, 95 %, 2996 MiB
2026/08/03 18:20:38.304, 73.58 W, 75, 92 %, 2996 MiB
2026/08/03 18:20:39.308, 71.34 W, 75, 95 %, 2996 MiB
2026/08/03 18:20:40.312, 75.94 W, 75, 93 %, 2996 MiB
2026/08/03 18:20:41.321, 72.54 W, 75, 94 %, 2996 MiB
2026/08/03 18:20:42.325, 77.68 W, 75, 93 %, 2996 MiB
2026/08/03 18:20:43.329, 76.17 W, 75, 94 %, 2996 MiB
2026/08/03 18:20:44.337, 76.24 W, 75, 92 %, 2996 MiB
2026/08/03 18:20:45.343, 73.36 W, 75, 94 %, 2996 MiB
2026/08/03 18:20:46.347, 77.17 W, 75, 93 %, 2996 MiB
2026/08/03 18:20:47.353, 72.91 W, 74, 94 %, 2996 MiB
2026/08/03 18:20:48.360, 76.63 W, 75, 93 %, 2996 MiB
2026/08/03 18:20:49.364, 73.58 W, 74, 94 %, 2996 MiB
2026/08/03 18:20:50.369, 71.35 W, 75, 92 %, 2996 MiB
2026/08/03 18:20:51.373, 73.77 W, 75, 94 %, 2996 MiB
2026/08/03 18:20:52.376, 68.54 W, 74, 93 %, 1818 MiB
2026/08/03 18:20:53.382, 41.41 W, 73, 64 %, 2424 MiB
2026/08/03 18:20:54.389, 67.44 W, 75, 44 %, 2976 MiB
2026/08/03 18:20:55.393, 73.31 W, 75, 95 %, 2978 MiB
2026/08/03 18:20:56.398, 65.67 W, 74, 92 %, 2978 MiB
2026/08/03 18:20:57.402, 69.57 W, 75, 94 %, 2978 MiB
2026/08/03 18:20:58.406, 73.24 W, 74, 93 %, 2978 MiB
2026/08/03 18:20:59.413, 64.71 W, 75, 94 %, 2978 MiB
2026/08/03 18:21:00.417, 73.82 W, 74, 92 %, 2982 MiB
2026/08/03 18:21:01.421, 67.30 W, 75, 93 %, 2982 MiB
2026/08/03 18:21:02.427, 72.71 W, 76, 93 %, 2982 MiB
2026/08/03 18:21:03.430, 67.36 W, 75, 94 %, 2982 MiB
2026/08/03 18:21:04.434, 73.49 W, 75, 94 %, 2982 MiB
2026/08/03 18:21:05.441, 67.80 W, 75, 92 %, 2982 MiB
2026/08/03 18:21:06.446, 74.31 W, 75, 94 %, 2982 MiB
2026/08/03 18:21:07.450, 68.51 W, 75, 93 %, 2982 MiB
2026/08/03 18:21:08.456, 74.38 W, 75, 94 %, 2982 MiB
2026/08/03 18:21:09.462, 68.33 W, 75, 92 %, 2982 MiB
2026/08/03 18:21:10.466, 75.68 W, 75, 95 %, 2982 MiB
2026/08/03 18:21:11.470, 67.70 W, 75, 92 %, 2982 MiB
2026/08/03 18:21:12.476, 75.70 W, 75, 95 %, 2982 MiB
2026/08/03 18:21:13.480, 39.27 W, 72, 93 %, 1240 MiB
2026/08/03 18:21:14.485, 37.12 W, 71, 71 %, 1822 MiB
2026/08/03 18:21:15.488, 76.78 W, 74, 37 %, 2996 MiB
2026/08/03 18:21:16.493, 66.17 W, 75, 94 %, 2998 MiB
2026/08/03 18:21:17.497, 76.68 W, 75, 93 %, 2998 MiB
2026/08/03 18:21:18.505, 69.97 W, 75, 94 %, 2998 MiB
2026/08/03 18:21:19.509, 77.25 W, 75, 92 %, 2998 MiB
2026/08/03 18:21:20.514, 70.24 W, 74, 95 %, 2998 MiB
2026/08/03 18:21:21.519, 77.88 W, 75, 92 %, 2998 MiB
2026/08/03 18:21:22.523, 74.09 W, 74, 94 %, 2998 MiB
2026/08/03 18:21:23.526, 75.88 W, 75, 93 %, 2998 MiB
2026/08/03 18:21:24.535, 72.96 W, 74, 95 %, 2998 MiB
2026/08/03 18:21:25.540, 77.09 W, 75, 93 %, 2998 MiB
2026/08/03 18:21:26.544, 72.72 W, 74, 94 %, 2998 MiB
2026/08/03 18:21:27.549, 76.79 W, 75, 93 %, 2998 MiB
2026/08/03 18:21:28.553, 74.87 W, 75, 94 %, 2998 MiB
2026/08/03 18:21:29.556, 66.92 W, 75, 92 %, 2998 MiB
2026/08/03 18:21:30.563, 76.71 W, 75, 93 %, 2998 MiB
2026/08/03 18:21:31.569, 68.75 W, 75, 94 %, 2998 MiB
2026/08/03 18:21:32.573, 76.52 W, 75, 94 %, 2998 MiB
2026/08/03 18:21:33.579, 70.17 W, 75, 94 %, 2998 MiB
2026/08/03 18:21:34.583, 76.32 W, 75, 93 %, 2998 MiB
2026/08/03 18:21:35.587, 41.69 W, 72, 76 %, 1820 MiB
2026/08/03 18:21:36.594, 76.30 W, 73, 43 %, 2994 MiB
2026/08/03 18:21:37.598, 73.93 W, 73, 85 %, 2996 MiB
2026/08/03 18:21:38.603, 74.03 W, 75, 93 %, 2998 MiB
2026/08/03 18:21:39.607, 73.04 W, 74, 94 %, 2998 MiB
2026/08/03 18:21:40.611, 72.39 W, 75, 93 %, 2998 MiB
2026/08/03 18:21:41.616, 73.43 W, 75, 94 %, 2998 MiB
2026/08/03 18:21:42.619, 71.48 W, 75, 92 %, 2998 MiB
2026/08/03 18:21:43.623, 77.59 W, 75, 93 %, 2998 MiB
2026/08/03 18:21:44.630, 73.90 W, 75, 92 %, 2998 MiB
2026/08/03 18:21:45.634, 73.99 W, 75, 94 %, 2998 MiB
2026/08/03 18:21:46.640, 73.81 W, 75, 92 %, 2998 MiB
2026/08/03 18:21:47.645, 71.96 W, 75, 94 %, 2998 MiB
2026/08/03 18:21:48.650, 73.43 W, 74, 92 %, 2998 MiB
2026/08/03 18:21:49.653, 67.09 W, 75, 94 %, 2998 MiB
2026/08/03 18:21:50.658, 74.09 W, 74, 93 %, 2998 MiB
2026/08/03 18:21:51.661, 66.10 W, 75, 93 %, 2998 MiB
2026/08/03 18:21:52.665, 73.61 W, 75, 93 %, 2998 MiB
2026/08/03 18:21:53.669, 68.36 W, 75, 94 %, 2998 MiB
2026/08/03 18:21:54.672, 73.80 W, 75, 93 %, 2998 MiB
2026/08/03 18:21:55.679, 66.39 W, 75, 94 %, 2998 MiB
2026/08/03 18:21:56.683, 67.37 W, 73, 80 %, 1810 MiB
2026/08/03 18:21:57.686, 34.96 W, 70, 62 %, 1822 MiB
2026/08/03 18:21:58.689, 67.81 W, 74, 62 %, 2998 MiB
2026/08/03 18:21:59.693, 73.17 W, 74, 92 %, 2998 MiB
2026/08/03 18:22:00.697, 67.18 W, 75, 95 %, 2998 MiB
2026/08/03 18:22:01.702, 72.63 W, 74, 92 %, 2998 MiB
2026/08/03 18:22:02.706, 68.35 W, 75, 94 %, 2998 MiB
2026/08/03 18:22:03.709, 72.83 W, 75, 93 %, 2998 MiB
2026/08/03 18:22:04.715, 66.79 W, 75, 94 %, 2998 MiB
2026/08/03 18:22:05.719, 72.62 W, 75, 92 %, 2998 MiB
2026/08/03 18:22:06.724, 67.32 W, 75, 94 %, 3000 MiB
2026/08/03 18:22:07.729, 73.73 W, 75, 93 %, 3000 MiB
2026/08/03 18:22:08.734, 66.85 W, 74, 94 %, 3000 MiB
2026/08/03 18:22:09.740, 75.11 W, 74, 93 %, 3000 MiB
2026/08/03 18:22:10.745, 68.92 W, 74, 94 %, 3000 MiB
2026/08/03 18:22:11.749, 75.25 W, 75, 93 %, 3000 MiB
2026/08/03 18:22:12.754, 66.76 W, 74, 94 %, 3000 MiB
2026/08/03 18:22:13.758, 67.51 W, 75, 93 %, 3000 MiB
2026/08/03 18:22:14.762, 72.86 W, 74, 94 %, 3000 MiB
2026/08/03 18:22:15.767, 67.26 W, 75, 93 %, 3000 MiB
2026/08/03 18:22:16.771, 73.32 W, 75, 94 %, 3000 MiB
2026/08/03 18:22:17.774, 69.21 W, 75, 93 %, 3000 MiB
2026/08/03 18:22:18.783, 74.03 W, 72, 64 %, 1810 MiB
2026/08/03 18:22:19.787, 68.51 W, 74, 45 %, 2994 MiB
2026/08/03 18:22:20.791, 75.58 W, 74, 94 %, 2994 MiB
2026/08/03 18:22:21.799, 69.54 W, 74, 93 %, 2994 MiB
2026/08/03 18:22:22.803, 76.85 W, 74, 94 %, 2994 MiB
2026/08/03 18:22:23.807, 69.32 W, 74, 93 %, 2994 MiB
2026/08/03 18:22:24.815, 77.12 W, 75, 93 %, 2994 MiB
2026/08/03 18:22:25.819, 71.24 W, 74, 94 %, 2994 MiB
2026/08/03 18:22:26.823, 76.73 W, 75, 93 %, 2994 MiB
2026/08/03 18:22:27.828, 71.97 W, 74, 95 %, 2994 MiB
2026/08/03 18:22:28.832, 67.48 W, 75, 93 %, 2994 MiB
2026/08/03 18:22:29.836, 74.80 W, 75, 94 %, 2994 MiB
2026/08/03 18:22:30.842, 67.44 W, 75, 92 %, 2994 MiB
2026/08/03 18:22:31.847, 76.25 W, 75, 92 %, 2994 MiB
2026/08/03 18:22:32.852, 66.72 W, 75, 94 %, 2994 MiB
2026/08/03 18:22:33.857, 76.81 W, 75, 93 %, 2994 MiB
2026/08/03 18:22:34.862, 68.54 W, 75, 94 %, 2994 MiB
2026/08/03 18:22:35.866, 77.04 W, 75, 93 %, 2994 MiB
2026/08/03 18:22:36.872, 68.12 W, 75, 94 %, 2994 MiB
2026/08/03 18:22:37.876, 76.48 W, 74, 93 %, 2994 MiB
2026/08/03 18:22:38.881, 70.79 W, 75, 94 %, 2994 MiB
2026/08/03 18:22:39.886, 75.84 W, 74, 93 %, 1808 MiB
2026/08/03 18:22:40.892, 71.49 W, 72, 70 %, 2452 MiB
2026/08/03 18:22:41.895, 77.59 W, 75, 38 %, 2998 MiB
2026/08/03 18:22:42.899, 70.07 W, 74, 95 %, 2998 MiB
2026/08/03 18:22:43.928, 76.96 W, 75, 93 %, 2998 MiB
2026/08/03 18:22:44.932, 73.84 W, 73, 95 %, 2998 MiB
2026/08/03 18:22:45.937, 77.31 W, 75, 93 %, 2998 MiB
2026/08/03 18:22:46.942, 75.80 W, 74, 95 %, 2998 MiB
2026/08/03 18:22:47.945, 68.24 W, 75, 92 %, 2998 MiB
2026/08/03 18:22:48.951, 74.94 W, 76, 94 %, 2998 MiB
2026/08/03 18:22:49.956, 68.41 W, 75, 93 %, 2998 MiB
2026/08/03 18:22:50.959, 75.19 W, 75, 94 %, 2998 MiB
2026/08/03 18:22:51.965, 66.58 W, 75, 93 %, 2998 MiB
2026/08/03 18:22:52.968, 75.13 W, 75, 94 %, 2998 MiB
2026/08/03 18:22:53.972, 65.21 W, 75, 93 %, 2998 MiB
2026/08/03 18:22:54.978, 76.41 W, 75, 94 %, 2998 MiB
2026/08/03 18:22:55.982, 68.06 W, 75, 93 %, 2998 MiB
2026/08/03 18:22:56.986, 75.08 W, 75, 95 %, 2998 MiB
2026/08/03 18:22:57.992, 67.90 W, 75, 93 %, 2998 MiB
2026/08/03 18:22:58.997, 76.54 W, 75, 94 %, 2998 MiB
2026/08/03 18:23:00.001, 71.83 W, 74, 92 %, 3000 MiB
2026/08/03 18:23:01.011, 76.88 W, 75, 94 %, 1806 MiB
2026/08/03 18:23:02.014, 34.96 W, 70, 71 %, 1822 MiB
2026/08/03 18:23:03.017, 71.09 W, 75, 40 %, 3000 MiB
2026/08/03 18:23:04.022, 78.61 W, 75, 89 %, 3000 MiB
2026/08/03 18:23:05.027, 78.44 W, 75, 92 %, 3000 MiB
2026/08/03 18:23:06.031, 78.33 W, 75, 94 %, 3000 MiB
2026/08/03 18:23:07.041, 74.26 W, 74, 92 %, 3000 MiB
2026/08/03 18:23:08.045, 77.13 W, 74, 94 %, 3000 MiB
2026/08/03 18:23:09.049, 72.62 W, 74, 92 %, 3000 MiB
2026/08/03 18:23:10.055, 74.06 W, 75, 94 %, 3000 MiB
2026/08/03 18:23:11.059, 74.19 W, 74, 93 %, 3000 MiB
2026/08/03 18:23:12.062, 70.89 W, 75, 94 %, 3000 MiB
2026/08/03 18:23:13.069, 73.31 W, 75, 93 %, 3000 MiB
2026/08/03 18:23:14.072, 68.21 W, 75, 94 %, 3000 MiB
2026/08/03 18:23:15.077, 73.48 W, 75, 92 %, 3000 MiB
2026/08/03 18:23:16.082, 68.15 W, 75, 94 %, 3000 MiB
2026/08/03 18:23:17.085, 73.72 W, 75, 92 %, 3000 MiB
2026/08/03 18:23:18.091, 68.00 W, 75, 95 %, 3000 MiB
2026/08/03 18:23:19.095, 73.26 W, 75, 92 %, 3000 MiB
2026/08/03 18:23:20.100, 74.35 W, 75, 94 %, 3000 MiB
2026/08/03 18:23:21.105, 71.90 W, 75, 93 %, 3000 MiB
2026/08/03 18:23:22.113, 74.09 W, 75, 94 %, 3000 MiB
2026/08/03 18:23:23.117, 56.22 W, 74, 79 %, 1784 MiB
2026/08/03 18:23:24.121, 73.03 W, 74, 58 %, 2986 MiB
2026/08/03 18:23:25.125, 65.91 W, 75, 64 %, 2988 MiB
2026/08/03 18:23:26.129, 72.48 W, 75, 94 %, 2990 MiB
2026/08/03 18:23:27.135, 65.85 W, 75, 93 %, 2990 MiB
2026/08/03 18:23:28.140, 73.69 W, 75, 94 %, 2990 MiB
2026/08/03 18:23:29.145, 68.27 W, 75, 94 %, 2990 MiB
2026/08/03 18:23:30.149, 74.31 W, 75, 94 %, 2990 MiB
2026/08/03 18:23:31.154, 65.89 W, 74, 94 %, 2990 MiB
2026/08/03 18:23:32.158, 75.62 W, 74, 92 %, 2990 MiB
2026/08/03 18:23:33.161, 66.13 W, 74, 94 %, 2990 MiB
2026/08/03 18:23:34.167, 76.68 W, 75, 93 %, 2990 MiB
2026/08/03 18:23:35.172, 70.42 W, 74, 93 %, 2990 MiB
2026/08/03 18:23:36.175, 67.53 W, 75, 92 %, 2990 MiB
2026/08/03 18:23:37.181, 74.71 W, 75, 94 %, 2990 MiB
2026/08/03 18:23:38.185, 68.56 W, 75, 92 %, 2990 MiB
2026/08/03 18:23:39.189, 74.58 W, 75, 95 %, 2990 MiB
2026/08/03 18:23:40.192, 68.58 W, 75, 93 %, 2990 MiB
2026/08/03 18:23:41.197, 74.63 W, 75, 95 %, 2990 MiB
2026/08/03 18:23:42.201, 68.71 W, 75, 93 %, 2990 MiB
2026/08/03 18:23:43.205, 73.50 W, 75, 95 %, 2990 MiB
2026/08/03 18:23:44.209, 46.13 W, 74, 94 %, 1820 MiB
2026/08/03 18:23:45.213, 34.69 W, 70, 63 %, 1822 MiB
2026/08/03 18:23:46.220, 66.80 W, 74, 46 %, 2994 MiB
2026/08/03 18:23:47.225, 76.42 W, 74, 95 %, 2994 MiB
2026/08/03 18:23:48.228, 67.80 W, 74, 93 %, 2994 MiB
2026/08/03 18:23:49.232, 74.78 W, 75, 95 %, 2994 MiB
2026/08/03 18:23:50.236, 72.58 W, 74, 93 %, 2996 MiB
2026/08/03 18:23:51.243, 66.12 W, 75, 95 %, 2996 MiB
2026/08/03 18:23:52.246, 73.34 W, 74, 92 %, 3000 MiB
2026/08/03 18:23:53.250, 66.19 W, 75, 94 %, 3000 MiB
2026/08/03 18:23:54.254, 72.94 W, 75, 93 %, 3000 MiB
2026/08/03 18:23:55.257, 69.13 W, 75, 94 %, 3000 MiB
2026/08/03 18:23:56.263, 73.08 W, 75, 93 %, 3000 MiB
2026/08/03 18:23:57.269, 68.01 W, 75, 95 %, 3000 MiB
2026/08/03 18:23:58.273, 73.10 W, 75, 93 %, 3000 MiB
2026/08/03 18:23:59.278, 68.19 W, 75, 94 %, 3000 MiB
2026/08/03 18:24:00.283, 72.85 W, 75, 93 %, 3000 MiB
2026/08/03 18:24:01.287, 67.25 W, 75, 95 %, 3000 MiB
2026/08/03 18:24:02.292, 73.97 W, 74, 93 %, 3000 MiB
2026/08/03 18:24:03.297, 69.06 W, 75, 94 %, 3000 MiB
2026/08/03 18:24:04.301, 75.18 W, 75, 93 %, 3000 MiB
2026/08/03 18:24:05.307, 33.26 W, 73, 94 %, 1244 MiB
2026/08/03 18:24:06.312, 37.88 W, 70, 65 %, 1832 MiB
2026/08/03 18:24:07.315, 75.36 W, 75, 44 %, 2992 MiB
2026/08/03 18:24:08.319, 67.28 W, 75, 94 %, 2994 MiB
2026/08/03 18:24:09.323, 75.15 W, 75, 93 %, 2996 MiB
2026/08/03 18:24:10.327, 66.02 W, 75, 94 %, 2996 MiB
2026/08/03 18:24:11.337, 75.80 W, 75, 93 %, 2996 MiB
2026/08/03 18:24:12.342, 66.22 W, 75, 94 %, 3002 MiB
2026/08/03 18:24:13.345, 75.06 W, 75, 93 %, 3002 MiB
2026/08/03 18:24:14.351, 68.55 W, 74, 94 %, 3002 MiB
2026/08/03 18:24:15.356, 76.55 W, 75, 93 %, 3002 MiB
2026/08/03 18:24:16.360, 69.17 W, 75, 94 %, 3002 MiB
2026/08/03 18:24:17.364, 78.00 W, 75, 92 %, 3002 MiB
2026/08/03 18:24:18.368, 71.16 W, 74, 94 %, 3002 MiB
2026/08/03 18:24:19.371, 77.48 W, 75, 92 %, 3002 MiB
2026/08/03 18:24:20.377, 74.11 W, 74, 95 %, 3002 MiB
2026/08/03 18:24:21.380, 68.56 W, 75, 93 %, 3002 MiB
2026/08/03 18:24:22.384, 73.83 W, 75, 94 %, 3002 MiB
2026/08/03 18:24:23.388, 68.33 W, 75, 94 %, 3002 MiB
2026/08/03 18:24:24.392, 73.27 W, 75, 95 %, 3002 MiB
2026/08/03 18:24:25.397, 67.31 W, 75, 93 %, 3002 MiB
2026/08/03 18:24:26.405, 72.84 W, 74, 94 %, 3002 MiB
2026/08/03 18:24:27.409, 40.67 W, 74, 72 %, 1814 MiB
2026/08/03 18:24:28.413, 75.01 W, 74, 37 %, 2994 MiB
2026/08/03 18:24:29.419, 68.27 W, 75, 92 %, 3000 MiB
2026/08/03 18:24:30.423, 75.20 W, 75, 95 %, 3000 MiB
2026/08/03 18:24:31.427, 68.84 W, 75, 93 %, 3000 MiB
2026/08/03 18:24:32.433, 75.46 W, 75, 95 %, 3000 MiB
2026/08/03 18:24:33.439, 66.07 W, 75, 92 %, 3002 MiB
2026/08/03 18:24:34.443, 76.55 W, 75, 94 %, 3002 MiB
2026/08/03 18:24:35.448, 66.92 W, 75, 93 %, 3002 MiB
2026/08/03 18:24:36.458, 75.80 W, 75, 95 %, 3002 MiB
2026/08/03 18:24:37.463, 68.84 W, 75, 94 %, 3002 MiB
2026/08/03 18:24:38.467, 66.69 W, 75, 95 %, 3002 MiB
2026/08/03 18:24:39.474, 73.09 W, 74, 93 %, 3002 MiB
2026/08/03 18:24:40.478, 66.52 W, 75, 95 %, 3002 MiB
2026/08/03 18:24:41.482, 74.00 W, 74, 92 %, 3002 MiB
2026/08/03 18:24:42.487, 66.02 W, 75, 94 %, 3002 MiB
2026/08/03 18:24:43.491, 73.27 W, 75, 92 %, 3002 MiB
2026/08/03 18:24:44.494, 66.83 W, 75, 94 %, 3002 MiB
2026/08/03 18:24:45.502, 73.26 W, 75, 92 %, 3002 MiB
2026/08/03 18:24:46.506, 67.46 W, 75, 94 %, 3002 MiB
2026/08/03 18:24:47.510, 74.29 W, 75, 93 %, 3002 MiB
2026/08/03 18:24:48.518, 46.73 W, 74, 81 %, 1814 MiB
2026/08/03 18:24:49.522, 34.67 W, 70, 44 %, 1822 MiB
2026/08/03 18:24:50.527, 68.79 W, 74, 79 %, 2998 MiB
2026/08/03 18:24:51.531, 76.86 W, 75, 92 %, 2998 MiB
2026/08/03 18:24:52.541, 68.23 W, 74, 94 %, 2998 MiB
2026/08/03 18:24:53.547, 77.26 W, 75, 93 %, 2998 MiB
2026/08/03 18:24:54.550, 73.39 W, 74, 94 %, 2998 MiB
2026/08/03 18:24:55.555, 68.03 W, 75, 93 %, 2998 MiB
2026/08/03 18:24:56.559, 74.75 W, 75, 94 %, 2998 MiB
2026/08/03 18:24:57.562, 66.68 W, 75, 93 %, 2998 MiB
2026/08/03 18:24:58.567, 74.61 W, 75, 94 %, 2998 MiB
2026/08/03 18:24:59.571, 66.47 W, 75, 94 %, 2998 MiB
2026/08/03 18:25:00.575, 75.22 W, 75, 93 %, 2998 MiB
2026/08/03 18:25:01.581, 65.58 W, 75, 94 %, 2998 MiB
2026/08/03 18:25:02.585, 76.01 W, 75, 93 %, 2998 MiB
2026/08/03 18:25:03.589, 68.98 W, 75, 95 %, 2998 MiB
2026/08/03 18:25:04.597, 74.90 W, 75, 93 %, 2998 MiB
2026/08/03 18:25:05.603, 68.25 W, 75, 94 %, 2998 MiB
2026/08/03 18:25:06.607, 75.55 W, 75, 93 %, 2998 MiB
2026/08/03 18:25:07.612, 66.62 W, 74, 95 %, 2998 MiB
2026/08/03 18:25:08.615, 76.17 W, 75, 93 %, 2998 MiB
2026/08/03 18:25:09.620, 40.21 W, 72, 81 %, 1086 MiB
2026/08/03 18:25:10.626, 35.79 W, 71, 62 %, 1800 MiB
2026/08/03 18:25:11.629, 74.93 W, 75, 60 %, 3018 MiB
2026/08/03 18:25:12.633, 67.15 W, 75, 93 %, 3018 MiB
2026/08/03 18:25:13.641, 75.06 W, 75, 94 %, 3018 MiB
2026/08/03 18:25:14.645, 64.72 W, 75, 92 %, 3018 MiB
2026/08/03 18:25:15.649, 75.06 W, 75, 94 %, 3018 MiB
2026/08/03 18:25:16.658, 66.97 W, 75, 93 %, 3018 MiB
2026/08/03 18:25:17.663, 75.12 W, 75, 93 %, 3018 MiB
2026/08/03 18:25:18.667, 66.75 W, 75, 95 %, 3018 MiB
2026/08/03 18:25:19.672, 76.44 W, 75, 93 %, 3018 MiB
2026/08/03 18:25:20.677, 71.27 W, 75, 94 %, 3018 MiB
2026/08/03 18:25:21.682, 75.61 W, 75, 92 %, 3018 MiB
2026/08/03 18:25:22.687, 74.25 W, 74, 94 %, 3018 MiB
2026/08/03 18:25:23.691, 78.30 W, 75, 93 %, 3018 MiB
2026/08/03 18:25:24.694, 74.79 W, 75, 94 %, 3018 MiB
2026/08/03 18:25:25.700, 66.79 W, 75, 93 %, 3018 MiB
2026/08/03 18:25:26.704, 75.07 W, 75, 94 %, 3018 MiB
2026/08/03 18:25:27.707, 68.81 W, 76, 93 %, 3018 MiB
2026/08/03 18:25:28.711, 75.31 W, 75, 95 %, 3018 MiB
2026/08/03 18:25:29.716, 67.25 W, 75, 93 %, 3018 MiB
2026/08/03 18:25:30.723, 76.21 W, 76, 94 %, 3018 MiB
2026/08/03 18:25:31.727, 41.05 W, 73, 93 %, 1808 MiB
2026/08/03 18:25:32.731, 76.75 W, 74, 66 %, 2996 MiB
2026/08/03 18:25:33.735, 74.18 W, 74, 47 %, 3000 MiB
2026/08/03 18:25:34.744, 76.22 W, 75, 93 %, 3000 MiB
2026/08/03 18:25:35.748, 73.54 W, 74, 94 %, 3000 MiB
2026/08/03 18:25:36.751, 76.32 W, 75, 93 %, 3000 MiB
2026/08/03 18:25:37.756, 72.88 W, 76, 95 %, 3000 MiB
2026/08/03 18:25:38.760, 67.08 W, 75, 92 %, 3000 MiB
2026/08/03 18:25:39.764, 73.28 W, 75, 94 %, 3000 MiB
2026/08/03 18:25:40.767, 74.76 W, 75, 93 %, 3000 MiB
2026/08/03 18:25:41.771, 74.65 W, 75, 93 %, 3000 MiB
2026/08/03 18:25:42.777, 74.44 W, 75, 92 %, 3000 MiB
2026/08/03 18:25:43.781, 67.94 W, 75, 94 %, 3000 MiB
2026/08/03 18:25:44.785, 72.47 W, 74, 92 %, 3000 MiB
2026/08/03 18:25:45.791, 66.35 W, 75, 94 %, 3000 MiB
2026/08/03 18:25:46.795, 73.40 W, 74, 93 %, 3000 MiB
2026/08/03 18:25:47.799, 64.10 W, 75, 95 %, 3000 MiB
2026/08/03 18:25:48.806, 73.30 W, 76, 92 %, 3000 MiB
2026/08/03 18:25:49.811, 68.23 W, 75, 94 %, 3000 MiB
2026/08/03 18:25:50.814, 73.15 W, 75, 93 %, 3000 MiB
2026/08/03 18:25:51.821, 66.33 W, 75, 94 %, 3000 MiB
2026/08/03 18:25:52.826, 64.53 W, 72, 93 %, 1808 MiB
2026/08/03 18:25:53.829, 34.95 W, 70, 73 %, 1822 MiB
2026/08/03 18:25:54.831, 74.64 W, 75, 36 %, 2996 MiB
2026/08/03 18:25:55.836, 67.17 W, 74, 94 %, 2996 MiB
2026/08/03 18:25:56.840, 66.35 W, 75, 94 %, 2996 MiB
2026/08/03 18:25:57.846, 72.12 W, 74, 93 %, 2996 MiB
2026/08/03 18:25:58.850, 64.34 W, 75, 94 %, 2996 MiB
2026/08/03 18:25:59.854, 72.77 W, 74, 93 %, 2996 MiB
2026/08/03 18:26:00.859, 68.59 W, 76, 94 %, 2998 MiB
2026/08/03 18:26:01.863, 73.38 W, 76, 93 %, 2998 MiB
2026/08/03 18:26:02.867, 66.54 W, 75, 94 %, 2998 MiB
2026/08/03 18:26:03.872, 75.55 W, 75, 92 %, 2998 MiB
2026/08/03 18:26:04.877, 66.56 W, 75, 94 %, 2998 MiB
2026/08/03 18:26:05.881, 75.88 W, 75, 92 %, 2998 MiB
2026/08/03 18:26:06.887, 65.58 W, 75, 94 %, 2998 MiB
2026/08/03 18:26:07.891, 76.54 W, 75, 92 %, 2998 MiB
2026/08/03 18:26:08.897, 70.22 W, 74, 94 %, 2998 MiB
2026/08/03 18:26:09.903, 76.47 W, 75, 92 %, 2998 MiB
2026/08/03 18:26:10.907, 70.91 W, 74, 94 %, 2998 MiB
2026/08/03 18:26:11.911, 66.18 W, 75, 92 %, 2998 MiB
2026/08/03 18:26:12.915, 75.12 W, 76, 94 %, 2998 MiB
2026/08/03 18:26:13.919, 66.36 W, 75, 93 %, 2998 MiB
2026/08/03 18:26:14.928, 75.08 W, 73, 80 %, 1802 MiB
2026/08/03 18:26:15.931, 73.34 W, 74, 46 %, 2992 MiB
2026/08/03 18:26:16.935, 78.30 W, 74, 77 %, 2992 MiB
2026/08/03 18:26:17.941, 75.53 W, 74, 93 %, 2992 MiB
2026/08/03 18:26:18.950, 77.46 W, 75, 93 %, 2992 MiB
2026/08/03 18:26:19.955, 75.44 W, 74, 93 %, 2992 MiB
2026/08/03 18:26:20.960, 77.19 W, 75, 93 %, 2992 MiB
2026/08/03 18:26:21.964, 73.85 W, 74, 94 %, 2992 MiB
2026/08/03 18:26:22.968, 72.26 W, 75, 92 %, 2992 MiB
2026/08/03 18:26:23.972, 73.37 W, 75, 94 %, 2992 MiB
2026/08/03 18:26:24.979, 71.16 W, 75, 93 %, 2992 MiB
2026/08/03 18:26:25.983, 73.17 W, 75, 94 %, 2992 MiB
2026/08/03 18:26:26.987, 70.06 W, 75, 93 %, 2992 MiB
2026/08/03 18:26:27.991, 75.66 W, 76, 94 %, 2992 MiB
2026/08/03 18:26:28.995, 71.44 W, 75, 93 %, 2994 MiB
2026/08/03 18:26:30.000, 76.59 W, 75, 94 %, 2994 MiB
2026/08/03 18:26:31.005, 75.30 W, 75, 92 %, 2994 MiB
2026/08/03 18:26:32.009, 78.41 W, 75, 94 %, 2994 MiB
2026/08/03 18:26:33.014, 75.92 W, 75, 93 %, 2994 MiB
2026/08/03 18:26:34.019, 79.14 W, 75, 95 %, 2994 MiB
2026/08/03 18:26:35.023, 74.94 W, 74, 93 %, 2994 MiB
2026/08/03 18:26:36.029, 77.26 W, 75, 83 %, 1822 MiB
2026/08/03 18:26:37.032, 56.24 W, 73, 63 %, 2440 MiB
2026/08/03 18:26:38.035, 68.78 W, 75, 57 %, 2996 MiB
2026/08/03 18:26:39.040, 74.20 W, 75, 93 %, 2996 MiB
2026/08/03 18:26:40.044, 68.01 W, 75, 95 %, 2998 MiB
2026/08/03 18:26:41.047, 73.58 W, 75, 93 %, 2998 MiB
2026/08/03 18:26:42.053, 69.21 W, 75, 95 %, 2998 MiB
2026/08/03 18:26:43.059, 76.47 W, 75, 93 %, 2998 MiB
2026/08/03 18:26:44.064, 75.17 W, 75, 94 %, 2998 MiB
2026/08/03 18:26:45.067, 76.89 W, 75, 92 %, 2998 MiB
2026/08/03 18:26:46.073, 74.59 W, 75, 95 %, 2998 MiB
2026/08/03 18:26:47.077, 78.76 W, 75, 93 %, 3002 MiB
2026/08/03 18:26:48.082, 74.46 W, 75, 94 %, 3002 MiB
2026/08/03 18:26:49.086, 76.34 W, 75, 92 %, 3002 MiB
2026/08/03 18:26:50.090, 74.16 W, 74, 94 %, 3002 MiB
2026/08/03 18:26:51.096, 74.43 W, 75, 92 %, 3002 MiB
2026/08/03 18:26:52.100, 73.08 W, 74, 94 %, 3002 MiB
2026/08/03 18:26:53.104, 73.97 W, 75, 93 %, 3002 MiB
2026/08/03 18:26:54.110, 72.83 W, 75, 95 %, 3002 MiB
2026/08/03 18:26:55.113, 74.48 W, 75, 93 %, 3002 MiB
2026/08/03 18:26:56.119, 74.07 W, 76, 95 %, 3002 MiB
2026/08/03 18:26:57.123, 79.45 W, 74, 92 %, 1242 MiB
2026/08/03 18:26:58.127, 38.09 W, 70, 65 %, 1826 MiB
2026/08/03 18:26:59.130, 74.89 W, 75, 46 %, 2978 MiB
2026/08/03 18:27:00.135, 78.68 W, 74, 94 %, 2978 MiB
2026/08/03 18:27:01.139, 74.30 W, 75, 93 %, 2978 MiB
2026/08/03 18:27:02.145, 74.69 W, 75, 94 %, 2980 MiB
2026/08/03 18:27:03.150, 73.11 W, 74, 94 %, 2980 MiB
2026/08/03 18:27:04.154, 70.54 W, 75, 92 %, 2980 MiB
2026/08/03 18:27:05.158, 73.96 W, 74, 95 %, 2980 MiB
2026/08/03 18:27:06.162, 67.29 W, 75, 93 %, 2980 MiB
2026/08/03 18:27:07.166, 73.05 W, 76, 94 %, 2980 MiB
2026/08/03 18:27:08.171, 68.25 W, 75, 92 %, 2980 MiB
2026/08/03 18:27:09.175, 73.01 W, 75, 94 %, 2980 MiB
2026/08/03 18:27:10.179, 66.37 W, 75, 92 %, 2980 MiB
2026/08/03 18:27:11.186, 72.71 W, 75, 94 %, 2980 MiB
2026/08/03 18:27:12.190, 67.29 W, 75, 93 %, 2980 MiB
2026/08/03 18:27:13.194, 72.55 W, 75, 94 %, 2980 MiB
2026/08/03 18:27:14.200, 73.38 W, 75, 93 %, 2980 MiB
2026/08/03 18:27:15.204, 72.32 W, 75, 95 %, 2980 MiB
2026/08/03 18:27:16.209, 73.93 W, 75, 93 %, 2980 MiB
2026/08/03 18:27:17.214, 72.90 W, 75, 94 %, 2980 MiB
2026/08/03 18:27:18.218, 73.11 W, 75, 93 %, 2980 MiB
2026/08/03 18:27:19.222, 61.58 W, 74, 72 %, 1814 MiB
2026/08/03 18:27:20.228, 72.53 W, 74, 38 %, 2978 MiB
2026/08/03 18:27:21.234, 67.65 W, 75, 94 %, 2980 MiB
2026/08/03 18:27:22.238, 73.47 W, 75, 92 %, 2980 MiB
2026/08/03 18:27:23.242, 65.68 W, 75, 94 %, 2980 MiB
2026/08/03 18:27:24.246, 73.28 W, 75, 92 %, 2980 MiB
2026/08/03 18:27:25.250, 66.38 W, 75, 94 %, 2980 MiB
2026/08/03 18:27:26.253, 72.80 W, 75, 92 %, 2980 MiB
2026/08/03 18:27:27.258, 67.10 W, 75, 95 %, 2980 MiB
2026/08/03 18:27:28.262, 73.96 W, 75, 93 %, 2980 MiB
2026/08/03 18:27:29.269, 73.12 W, 75, 95 %, 2980 MiB
2026/08/03 18:27:30.274, 69.48 W, 75, 92 %, 2980 MiB
2026/08/03 18:27:31.278, 73.88 W, 74, 94 %, 2980 MiB
2026/08/03 18:27:32.284, 66.70 W, 75, 93 %, 2980 MiB
2026/08/03 18:27:33.288, 73.66 W, 74, 94 %, 2980 MiB
2026/08/03 18:27:34.291, 68.21 W, 75, 93 %, 2980 MiB
2026/08/03 18:27:35.297, 72.90 W, 75, 93 %, 2980 MiB
2026/08/03 18:27:36.302, 67.74 W, 75, 93 %, 2980 MiB
2026/08/03 18:27:37.306, 73.42 W, 75, 93 %, 2980 MiB
2026/08/03 18:27:38.311, 68.33 W, 75, 94 %, 2980 MiB
2026/08/03 18:27:39.315, 73.74 W, 75, 93 %, 2980 MiB
2026/08/03 18:27:40.321, 52.53 W, 74, 75 %, 1814 MiB
2026/08/03 18:27:41.325, 34.72 W, 70, 42 %, 1824 MiB
2026/08/03 18:27:42.327, 66.40 W, 74, 86 %, 2996 MiB
2026/08/03 18:27:43.332, 76.25 W, 75, 93 %, 2996 MiB
2026/08/03 18:27:44.336, 72.89 W, 74, 94 %, 2996 MiB
2026/08/03 18:27:45.341, 66.07 W, 75, 93 %, 2996 MiB
2026/08/03 18:27:46.344, 73.70 W, 75, 94 %, 2996 MiB
2026/08/03 18:27:47.347, 67.46 W, 75, 92 %, 2996 MiB
2026/08/03 18:27:48.352, 74.13 W, 76, 95 %, 2996 MiB
2026/08/03 18:27:49.359, 67.97 W, 75, 92 %, 2996 MiB
2026/08/03 18:27:50.363, 74.42 W, 76, 94 %, 2996 MiB
2026/08/03 18:27:51.367, 66.98 W, 75, 92 %, 2996 MiB
2026/08/03 18:27:52.375, 75.58 W, 75, 94 %, 2996 MiB
2026/08/03 18:27:53.379, 66.63 W, 75, 92 %, 2996 MiB
2026/08/03 18:27:54.383, 76.20 W, 75, 95 %, 2996 MiB
2026/08/03 18:27:55.392, 68.20 W, 75, 95 %, 2998 MiB
2026/08/03 18:27:56.396, 77.26 W, 75, 92 %, 2998 MiB
2026/08/03 18:27:57.400, 69.18 W, 74, 94 %, 2998 MiB
2026/08/03 18:27:58.407, 75.83 W, 75, 93 %, 2998 MiB
2026/08/03 18:27:59.410, 73.87 W, 74, 95 %, 2998 MiB
2026/08/03 18:28:00.414, 67.09 W, 75, 92 %, 2998 MiB
2026/08/03 18:28:01.420, 44.64 W, 71, 95 %, 2998 MiB
2026/08/03 18:28:02.422, 37.31 W, 71, 79 %, 1808 MiB
2026/08/03 18:28:03.425, 75.95 W, 75, 60 %, 2998 MiB
2026/08/03 18:28:04.432, 68.79 W, 75, 63 %, 2998 MiB
2026/08/03 18:28:05.436, 77.05 W, 75, 94 %, 2998 MiB
2026/08/03 18:28:06.440, 70.18 W, 75, 94 %, 2998 MiB
2026/08/03 18:28:07.444, 76.95 W, 75, 93 %, 2998 MiB
2026/08/03 18:28:08.449, 70.30 W, 75, 94 %, 2998 MiB
2026/08/03 18:28:09.452, 76.36 W, 75, 93 %, 2998 MiB
2026/08/03 18:28:10.461, 74.66 W, 74, 94 %, 2998 MiB
2026/08/03 18:28:11.467, 76.05 W, 75, 92 %, 3000 MiB
2026/08/03 18:28:12.471, 75.34 W, 74, 94 %, 3000 MiB
2026/08/03 18:28:13.476, 79.05 W, 76, 93 %, 3000 MiB
2026/08/03 18:28:14.480, 73.58 W, 76, 94 %, 3000 MiB
2026/08/03 18:28:15.484, 71.18 W, 75, 93 %, 3000 MiB
2026/08/03 18:28:16.487, 77.83 W, 75, 94 %, 3000 MiB
2026/08/03 18:28:17.492, 75.22 W, 75, 92 %, 3000 MiB
2026/08/03 18:28:18.496, 76.76 W, 75, 95 %, 3000 MiB
2026/08/03 18:28:19.504, 74.82 W, 75, 93 %, 3000 MiB
2026/08/03 18:28:20.508, 77.18 W, 75, 95 %, 3000 MiB
2026/08/03 18:28:21.513, 75.81 W, 75, 92 %, 3000 MiB
2026/08/03 18:28:22.519, 77.55 W, 75, 95 %, 3000 MiB
2026/08/03 18:28:23.523, 46.99 W, 71, 93 %, 1816 MiB
2026/08/03 18:28:24.526, 77.16 W, 74, 64 %, 3000 MiB
2026/08/03 18:28:25.530, 73.57 W, 74, 47 %, 3000 MiB
2026/08/03 18:28:26.534, 72.31 W, 75, 94 %, 3000 MiB
2026/08/03 18:28:27.539, 73.97 W, 75, 92 %, 3000 MiB
2026/08/03 18:28:28.542, 72.36 W, 75, 94 %, 3000 MiB
2026/08/03 18:28:29.546, 73.19 W, 75, 93 %, 3000 MiB
2026/08/03 18:28:30.553, 74.47 W, 75, 94 %, 3000 MiB
2026/08/03 18:28:31.557, 77.12 W, 75, 92 %, 3000 MiB
2026/08/03 18:28:32.561, 75.39 W, 75, 95 %, 3000 MiB
2026/08/03 18:28:33.567, 77.81 W, 75, 93 %, 3000 MiB
2026/08/03 18:28:34.573, 74.08 W, 75, 94 %, 3000 MiB
2026/08/03 18:28:35.577, 77.33 W, 75, 93 %, 3000 MiB
2026/08/03 18:28:36.582, 73.57 W, 74, 94 %, 3000 MiB
2026/08/03 18:28:37.588, 77.18 W, 75, 93 %, 3000 MiB
2026/08/03 18:28:38.592, 73.64 W, 74, 94 %, 3000 MiB
2026/08/03 18:28:39.598, 76.75 W, 75, 94 %, 3000 MiB
2026/08/03 18:28:40.603, 72.96 W, 74, 94 %, 3000 MiB
2026/08/03 18:28:41.607, 76.99 W, 75, 93 %, 3000 MiB
2026/08/03 18:28:42.610, 72.70 W, 75, 94 %, 3000 MiB
2026/08/03 18:28:43.615, 76.61 W, 76, 94 %, 3000 MiB
2026/08/03 18:28:44.618, 49.80 W, 72, 94 %, 1810 MiB
2026/08/03 18:28:45.624, 34.75 W, 70, 66 %, 1822 MiB
2026/08/03 18:28:46.628, 78.88 W, 75, 42 %, 2996 MiB
2026/08/03 18:28:47.632, 74.21 W, 74, 94 %, 2996 MiB
2026/08/03 18:28:48.637, 75.25 W, 75, 92 %, 2998 MiB
2026/08/03 18:28:49.644, 73.69 W, 75, 94 %, 2998 MiB
2026/08/03 18:28:50.648, 74.61 W, 75, 93 %, 2998 MiB
2026/08/03 18:28:51.652, 73.89 W, 74, 94 %, 2998 MiB
2026/08/03 18:28:52.659, 70.37 W, 75, 92 %, 2998 MiB
2026/08/03 18:28:53.662, 73.90 W, 74, 95 %, 2998 MiB
2026/08/03 18:28:54.666, 68.45 W, 75, 93 %, 2998 MiB
2026/08/03 18:28:55.670, 74.09 W, 75, 94 %, 2998 MiB
2026/08/03 18:28:56.673, 68.39 W, 75, 93 %, 2998 MiB
2026/08/03 18:28:57.677, 73.10 W, 75, 94 %, 2998 MiB
2026/08/03 18:28:58.685, 68.33 W, 75, 92 %, 2998 MiB
2026/08/03 18:28:59.689, 73.01 W, 75, 94 %, 2998 MiB
2026/08/03 18:29:00.693, 67.78 W, 75, 93 %, 2998 MiB
2026/08/03 18:29:01.701, 72.78 W, 75, 94 %, 2998 MiB
2026/08/03 18:29:02.706, 73.87 W, 75, 93 %, 2998 MiB
2026/08/03 18:29:03.710, 68.79 W, 75, 94 %, 2998 MiB
2026/08/03 18:29:04.717, 74.26 W, 75, 94 %, 2998 MiB
2026/08/03 18:29:05.721, 78.38 W, 73, 94 %, 2998 MiB
2026/08/03 18:29:06.724, 66.50 W, 72, 72 %, 1782 MiB
2026/08/03 18:29:07.730, 66.44 W, 74, 40 %, 2986 MiB
2026/08/03 18:29:08.734, 73.33 W, 75, 89 %, 2986 MiB
2026/08/03 18:29:09.737, 68.08 W, 75, 93 %, 2992 MiB
2026/08/03 18:29:10.741, 73.15 W, 75, 94 %, 2992 MiB
2026/08/03 18:29:11.745, 67.53 W, 75, 93 %, 2992 MiB
2026/08/03 18:29:12.749, 75.04 W, 75, 94 %, 2992 MiB
2026/08/03 18:29:13.757, 67.66 W, 75, 93 %, 2992 MiB
2026/08/03 18:29:14.762, 74.87 W, 75, 94 %, 2992 MiB
2026/08/03 18:29:15.767, 66.35 W, 75, 93 %, 2992 MiB
2026/08/03 18:29:16.773, 76.79 W, 75, 94 %, 2992 MiB
2026/08/03 18:29:17.777, 66.87 W, 74, 93 %, 2992 MiB
2026/08/03 18:29:18.782, 65.68 W, 75, 94 %, 2992 MiB
2026/08/03 18:29:19.785, 73.45 W, 74, 93 %, 2992 MiB
2026/08/03 18:29:20.789, 67.37 W, 75, 94 %, 2992 MiB
2026/08/03 18:29:21.793, 73.54 W, 75, 92 %, 2992 MiB
2026/08/03 18:29:22.799, 68.07 W, 75, 94 %, 2992 MiB
2026/08/03 18:29:23.802, 72.66 W, 75, 93 %, 2992 MiB
2026/08/03 18:29:24.806, 68.49 W, 75, 94 %, 2994 MiB
2026/08/03 18:29:25.811, 74.94 W, 75, 92 %, 2994 MiB
2026/08/03 18:29:26.815, 65.65 W, 75, 94 %, 2994 MiB
2026/08/03 18:29:27.819, 73.32 W, 73, 80 %, 1814 MiB
2026/08/03 18:29:28.827, 71.52 W, 73, 55 %, 2994 MiB
2026/08/03 18:29:29.835, 77.11 W, 75, 66 %, 2996 MiB
2026/08/03 18:29:30.839, 76.26 W, 74, 94 %, 2996 MiB
2026/08/03 18:29:31.842, 76.71 W, 75, 93 %, 2998 MiB
2026/08/03 18:29:32.850, 76.16 W, 74, 94 %, 2998 MiB
2026/08/03 18:29:33.853, 77.54 W, 75, 93 %, 2998 MiB
2026/08/03 18:29:34.858, 75.36 W, 76, 94 %, 2998 MiB
2026/08/03 18:29:35.862, 66.20 W, 75, 93 %, 2998 MiB
2026/08/03 18:29:36.866, 77.07 W, 75, 94 %, 2998 MiB
2026/08/03 18:29:37.872, 68.37 W, 75, 93 %, 2998 MiB
2026/08/03 18:29:38.881, 76.07 W, 75, 93 %, 2998 MiB
2026/08/03 18:29:39.886, 71.71 W, 75, 94 %, 2998 MiB
2026/08/03 18:29:40.890, 76.63 W, 75, 93 %, 2998 MiB
2026/08/03 18:29:41.897, 71.75 W, 75, 94 %, 2998 MiB
2026/08/03 18:29:42.901, 77.69 W, 75, 93 %, 2998 MiB
2026/08/03 18:29:43.906, 75.76 W, 74, 95 %, 2998 MiB
2026/08/03 18:29:44.915, 77.27 W, 75, 92 %, 2998 MiB
2026/08/03 18:29:45.919, 73.36 W, 74, 94 %, 2998 MiB
2026/08/03 18:29:46.922, 77.07 W, 75, 93 %, 2998 MiB
2026/08/03 18:29:47.929, 73.70 W, 75, 94 %, 2998 MiB
2026/08/03 18:29:48.932, 79.29 W, 74, 92 %, 1242 MiB
2026/08/03 18:29:49.937, 34.97 W, 70, 61 %, 1814 MiB
2026/08/03 18:29:50.940, 71.72 W, 74, 48 %, 2996 MiB
2026/08/03 18:29:51.945, 75.66 W, 75, 94 %, 2996 MiB
2026/08/03 18:29:52.952, 73.60 W, 75, 92 %, 2996 MiB
2026/08/03 18:29:53.959, 76.18 W, 75, 95 %, 2996 MiB
2026/08/03 18:29:54.963, 75.71 W, 75, 92 %, 2996 MiB
2026/08/03 18:29:55.967, 76.93 W, 74, 94 %, 2996 MiB
2026/08/03 18:29:56.975, 74.27 W, 75, 93 %, 2996 MiB
2026/08/03 18:29:57.979, 76.16 W, 75, 94 %, 2996 MiB
2026/08/03 18:29:58.983, 73.10 W, 74, 93 %, 3000 MiB
2026/08/03 18:29:59.988, 75.14 W, 75, 95 %, 3000 MiB
2026/08/03 18:30:00.992, 73.82 W, 74, 93 %, 3000 MiB
2026/08/03 18:30:01.996, 74.83 W, 75, 94 %, 3000 MiB
2026/08/03 18:30:03.001, 73.23 W, 75, 92 %, 3000 MiB
2026/08/03 18:30:04.004, 68.85 W, 75, 94 %, 3000 MiB
2026/08/03 18:30:05.009, 74.01 W, 75, 92 %, 3000 MiB
2026/08/03 18:30:06.015, 67.42 W, 75, 94 %, 3000 MiB
2026/08/03 18:30:07.019, 75.88 W, 75, 93 %, 3000 MiB
2026/08/03 18:30:08.023, 74.09 W, 75, 94 %, 3000 MiB
2026/08/03 18:30:09.027, 74.43 W, 75, 93 %, 3000 MiB
2026/08/03 18:30:10.033, 73.35 W, 75, 95 %, 3000 MiB
2026/08/03 18:30:11.037, 60.53 W, 74, 66 %, 1814 MiB
2026/08/03 18:30:12.042, 73.12 W, 73, 44 %, 2992 MiB
2026/08/03 18:30:13.047, 66.08 W, 75, 94 %, 2996 MiB
2026/08/03 18:30:14.050, 73.36 W, 74, 93 %, 2996 MiB
2026/08/03 18:30:15.055, 68.21 W, 75, 94 %, 2996 MiB
2026/08/03 18:30:16.059, 73.27 W, 75, 93 %, 2998 MiB
2026/08/03 18:30:17.062, 67.68 W, 75, 95 %, 2998 MiB
2026/08/03 18:30:18.070, 73.16 W, 75, 92 %, 2998 MiB
2026/08/03 18:30:19.075, 66.10 W, 75, 94 %, 3000 MiB
2026/08/03 18:30:20.078, 73.53 W, 75, 93 %, 3000 MiB
2026/08/03 18:30:21.085, 67.07 W, 75, 94 %, 3000 MiB
2026/08/03 18:30:22.089, 72.68 W, 75, 93 %, 3000 MiB
2026/08/03 18:30:23.094, 73.69 W, 75, 94 %, 3000 MiB
2026/08/03 18:30:24.100, 66.61 W, 75, 92 %, 3000 MiB
2026/08/03 18:30:25.104, 73.46 W, 74, 94 %, 3000 MiB
2026/08/03 18:30:26.109, 69.14 W, 75, 93 %, 3000 MiB
2026/08/03 18:30:27.114, 74.09 W, 74, 94 %, 3000 MiB
2026/08/03 18:30:28.118, 66.73 W, 75, 92 %, 3000 MiB
2026/08/03 18:30:29.122, 73.49 W, 75, 95 %, 3000 MiB
2026/08/03 18:30:30.128, 66.59 W, 76, 93 %, 3000 MiB
2026/08/03 18:30:31.132, 72.70 W, 76, 95 %, 3000 MiB
2026/08/03 18:30:32.136, 61.23 W, 74, 72 %, 1812 MiB
2026/08/03 18:30:33.144, 38.99 W, 72, 37 %, 2422 MiB
2026/08/03 18:30:34.151, 66.08 W, 75, 93 %, 2998 MiB
2026/08/03 18:30:35.155, 73.05 W, 75, 95 %, 2998 MiB
2026/08/03 18:30:36.160, 68.80 W, 75, 93 %, 2998 MiB
2026/08/03 18:30:37.165, 73.91 W, 75, 94 %, 2998 MiB
2026/08/03 18:30:38.169, 67.31 W, 75, 93 %, 2998 MiB
2026/08/03 18:30:39.173, 74.52 W, 75, 93 %, 2998 MiB
2026/08/03 18:30:40.177, 74.27 W, 75, 94 %, 3000 MiB
2026/08/03 18:30:41.181, 73.24 W, 75, 92 %, 3000 MiB
2026/08/03 18:30:42.186, 73.11 W, 74, 94 %, 3000 MiB
2026/08/03 18:30:43.191, 73.42 W, 75, 93 %, 3000 MiB
2026/08/03 18:30:44.196, 73.20 W, 74, 94 %, 3000 MiB
2026/08/03 18:30:45.201, 73.17 W, 75, 93 %, 3000 MiB
2026/08/03 18:30:46.205, 73.28 W, 75, 94 %, 3000 MiB
2026/08/03 18:30:47.210, 71.31 W, 75, 92 %, 3000 MiB
2026/08/03 18:30:48.214, 73.93 W, 76, 94 %, 3000 MiB
2026/08/03 18:30:49.217, 69.69 W, 76, 93 %, 3000 MiB
2026/08/03 18:30:50.224, 73.66 W, 75, 95 %, 3000 MiB
2026/08/03 18:30:51.228, 70.63 W, 75, 93 %, 3000 MiB
2026/08/03 18:30:52.232, 74.01 W, 75, 95 %, 3000 MiB
2026/08/03 18:30:53.239, 73.32 W, 74, 93 %, 1236 MiB
2026/08/03 18:30:54.245, 37.68 W, 70, 81 %, 1810 MiB
2026/08/03 18:30:55.248, 74.61 W, 75, 45 %, 2996 MiB
2026/08/03 18:30:56.256, 78.29 W, 75, 79 %, 2996 MiB
2026/08/03 18:30:57.263, 73.69 W, 75, 94 %, 2996 MiB
2026/08/03 18:30:58.267, 75.76 W, 75, 95 %, 2996 MiB
2026/08/03 18:30:59.272, 74.52 W, 75, 93 %, 2996 MiB
2026/08/03 18:31:00.280, 78.90 W, 75, 95 %, 2996 MiB
2026/08/03 18:31:01.284, 75.13 W, 74, 92 %, 2996 MiB
2026/08/03 18:31:02.287, 77.00 W, 75, 95 %, 2996 MiB
2026/08/03 18:31:03.294, 75.29 W, 74, 92 %, 2996 MiB
2026/08/03 18:31:04.299, 76.75 W, 75, 95 %, 2996 MiB
2026/08/03 18:31:05.303, 74.36 W, 74, 92 %, 2996 MiB
2026/08/03 18:31:06.308, 75.29 W, 75, 95 %, 2996 MiB
2026/08/03 18:31:07.312, 73.21 W, 76, 92 %, 2996 MiB
2026/08/03 18:31:08.318, 76.23 W, 75, 95 %, 2996 MiB
2026/08/03 18:31:09.322, 73.33 W, 75, 93 %, 2996 MiB
2026/08/03 18:31:10.326, 70.93 W, 76, 95 %, 2996 MiB
2026/08/03 18:31:11.330, 77.50 W, 75, 93 %, 2996 MiB
2026/08/03 18:31:12.336, 71.65 W, 75, 94 %, 2996 MiB
2026/08/03 18:31:13.341, 77.70 W, 76, 93 %, 2996 MiB
2026/08/03 18:31:14.345, 68.50 W, 76, 95 %, 2996 MiB
2026/08/03 18:31:15.351, 76.75 W, 75, 80 %, 1820 MiB
2026/08/03 18:31:16.357, 73.64 W, 74, 61 %, 2992 MiB
2026/08/03 18:31:17.361, 78.09 W, 75, 64 %, 2996 MiB
2026/08/03 18:31:18.386, 73.67 W, 75, 93 %, 2996 MiB
2026/08/03 18:31:19.390, 76.99 W, 75, 93 %, 2996 MiB
2026/08/03 18:31:20.395, 75.14 W, 75, 93 %, 2996 MiB
2026/08/03 18:31:21.403, 76.74 W, 75, 94 %, 2996 MiB
2026/08/03 18:31:22.407, 75.07 W, 74, 94 %, 2996 MiB
2026/08/03 18:31:23.412, 76.80 W, 75, 94 %, 2996 MiB
2026/08/03 18:31:24.415, 74.15 W, 74, 93 %, 2996 MiB
2026/08/03 18:31:25.419, 75.92 W, 75, 94 %, 2996 MiB
2026/08/03 18:31:26.425, 74.20 W, 75, 92 %, 2996 MiB
2026/08/03 18:31:27.429, 77.07 W, 75, 94 %, 2996 MiB
2026/08/03 18:31:28.433, 75.81 W, 75, 93 %, 2996 MiB
2026/08/03 18:31:29.438, 68.96 W, 75, 95 %, 2996 MiB
2026/08/03 18:31:30.442, 76.61 W, 75, 92 %, 2996 MiB
2026/08/03 18:31:31.447, 72.00 W, 75, 94 %, 2996 MiB
2026/08/03 18:31:32.451, 77.81 W, 75, 92 %, 2996 MiB
2026/08/03 18:31:33.456, 75.80 W, 75, 95 %, 2996 MiB
2026/08/03 18:31:34.460, 77.79 W, 75, 92 %, 2996 MiB
2026/08/03 18:31:35.468, 75.30 W, 74, 95 %, 2996 MiB
2026/08/03 18:31:36.473, 75.59 W, 75, 92 %, 1816 MiB
2026/08/03 18:31:37.476, 55.54 W, 73, 64 %, 2424 MiB
2026/08/03 18:31:38.481, 66.22 W, 75, 44 %, 2996 MiB
2026/08/03 18:31:39.485, 75.28 W, 75, 94 %, 2996 MiB
2026/08/03 18:31:40.490, 68.99 W, 75, 93 %, 2996 MiB
2026/08/03 18:31:41.494, 73.35 W, 75, 94 %, 2996 MiB
2026/08/03 18:31:42.498, 66.05 W, 75, 92 %, 2996 MiB
2026/08/03 18:31:43.503, 73.23 W, 75, 94 %, 2996 MiB
2026/08/03 18:31:44.508, 74.02 W, 75, 92 %, 3000 MiB
2026/08/03 18:31:45.512, 66.64 W, 75, 94 %, 3000 MiB
2026/08/03 18:31:46.518, 73.38 W, 74, 93 %, 3000 MiB
2026/08/03 18:31:47.523, 67.92 W, 76, 94 %, 3000 MiB
2026/08/03 18:31:48.528, 73.52 W, 75, 94 %, 3000 MiB
2026/08/03 18:31:49.535, 67.99 W, 76, 94 %, 3000 MiB
2026/08/03 18:31:50.539, 72.55 W, 76, 94 %, 3000 MiB
2026/08/03 18:31:51.542, 66.53 W, 75, 93 %, 3000 MiB
2026/08/03 18:31:52.550, 73.17 W, 75, 93 %, 3000 MiB
2026/08/03 18:31:53.556, 65.47 W, 75, 93 %, 3000 MiB
2026/08/03 18:31:54.560, 73.48 W, 75, 93 %, 3000 MiB
2026/08/03 18:31:55.565, 68.30 W, 75, 93 %, 3000 MiB
2026/08/03 18:31:56.569, 73.47 W, 75, 95 %, 3000 MiB
2026/08/03 18:31:57.574, 60.99 W, 75, 93 %, 1214 MiB
2026/08/03 18:31:58.583, 35.04 W, 71, 69 %, 1784 MiB
2026/08/03 18:31:59.587, 73.33 W, 74, 40 %, 2990 MiB
2026/08/03 18:32:00.592, 64.30 W, 75, 94 %, 2990 MiB
2026/08/03 18:32:01.599, 73.26 W, 74, 93 %, 2990 MiB
2026/08/03 18:32:02.602, 68.78 W, 75, 94 %, 2992 MiB
2026/08/03 18:32:03.606, 72.11 W, 75, 93 %, 2992 MiB
2026/08/03 18:32:04.614, 66.46 W, 75, 95 %, 2992 MiB
2026/08/03 18:32:05.618, 73.03 W, 75, 92 %, 2992 MiB
2026/08/03 18:32:06.622, 67.07 W, 75, 94 %, 2992 MiB
2026/08/03 18:32:07.626, 73.43 W, 75, 93 %, 2992 MiB
2026/08/03 18:32:08.630, 66.92 W, 75, 94 %, 2992 MiB
2026/08/03 18:32:09.634, 73.72 W, 75, 93 %, 2992 MiB
2026/08/03 18:32:10.638, 68.10 W, 75, 94 %, 2992 MiB
2026/08/03 18:32:11.643, 74.11 W, 75, 93 %, 2992 MiB
2026/08/03 18:32:12.649, 67.99 W, 75, 95 %, 2992 MiB
2026/08/03 18:32:13.653, 67.14 W, 75, 93 %, 2992 MiB
2026/08/03 18:32:14.657, 73.69 W, 74, 94 %, 2992 MiB
2026/08/03 18:32:15.665, 66.98 W, 75, 93 %, 2992 MiB
2026/08/03 18:32:16.669, 73.14 W, 74, 94 %, 2992 MiB
2026/08/03 18:32:17.673, 66.08 W, 75, 92 %, 2992 MiB
2026/08/03 18:32:18.678, 73.17 W, 74, 94 %, 2992 MiB
2026/08/03 18:32:19.682, 46.31 W, 74, 72 %, 1810 MiB
2026/08/03 18:32:20.686, 74.05 W, 74, 40 %, 2994 MiB
2026/08/03 18:32:21.692, 67.35 W, 75, 90 %, 2994 MiB
2026/08/03 18:32:22.701, 74.68 W, 75, 94 %, 2996 MiB
2026/08/03 18:32:23.705, 67.01 W, 75, 93 %, 2998 MiB
2026/08/03 18:32:24.709, 75.20 W, 75, 94 %, 2998 MiB
2026/08/03 18:32:25.717, 67.47 W, 75, 93 %, 2998 MiB
2026/08/03 18:32:26.721, 76.03 W, 75, 93 %, 2998 MiB
2026/08/03 18:32:27.724, 66.88 W, 74, 94 %, 2998 MiB
2026/08/03 18:32:28.731, 76.11 W, 75, 93 %, 2998 MiB
2026/08/03 18:32:29.735, 73.91 W, 74, 95 %, 2998 MiB
2026/08/03 18:32:30.738, 68.29 W, 75, 92 %, 2998 MiB
2026/08/03 18:32:31.744, 74.82 W, 76, 94 %, 2998 MiB
2026/08/03 18:32:32.748, 68.21 W, 75, 93 %, 2998 MiB
2026/08/03 18:32:33.752, 74.54 W, 75, 94 %, 2998 MiB
2026/08/03 18:32:34.756, 65.35 W, 75, 93 %, 2998 MiB
2026/08/03 18:32:35.760, 76.29 W, 75, 94 %, 2998 MiB
2026/08/03 18:32:36.765, 66.96 W, 75, 93 %, 2998 MiB
2026/08/03 18:32:37.768, 76.19 W, 75, 94 %, 2998 MiB
2026/08/03 18:32:38.773, 70.58 W, 75, 92 %, 2998 MiB
2026/08/03 18:32:39.776, 76.64 W, 75, 94 %, 2998 MiB
2026/08/03 18:32:40.781, 39.61 W, 71, 80 %, 1814 MiB
2026/08/03 18:32:41.784, 34.72 W, 70, 56 %, 1822 MiB
2026/08/03 18:32:42.787, 74.65 W, 75, 67 %, 3000 MiB
2026/08/03 18:32:43.791, 78.82 W, 75, 94 %, 3000 MiB
2026/08/03 18:32:44.794, 76.15 W, 75, 93 %, 3000 MiB
2026/08/03 18:32:45.799, 68.89 W, 75, 94 %, 3000 MiB
2026/08/03 18:32:46.802, 76.73 W, 75, 93 %, 3000 MiB
2026/08/03 18:32:47.807, 71.06 W, 75, 94 %, 3000 MiB
2026/08/03 18:32:48.811, 76.83 W, 75, 93 %, 3000 MiB
2026/08/03 18:32:49.816, 72.65 W, 75, 94 %, 3000 MiB
2026/08/03 18:32:50.823, 76.85 W, 75, 93 %, 3000 MiB
2026/08/03 18:32:51.827, 75.78 W, 74, 94 %, 3000 MiB
2026/08/03 18:32:52.833, 77.36 W, 75, 93 %, 3000 MiB
2026/08/03 18:32:53.836, 74.55 W, 74, 93 %, 3000 MiB
2026/08/03 18:32:54.840, 77.07 W, 75, 94 %, 3000 MiB
2026/08/03 18:32:55.844, 73.76 W, 75, 94 %, 3000 MiB
2026/08/03 18:32:56.847, 78.82 W, 76, 94 %, 3000 MiB
2026/08/03 18:32:57.851, 76.95 W, 75, 93 %, 3000 MiB
2026/08/03 18:32:58.858, 69.18 W, 75, 94 %, 3000 MiB
2026/08/03 18:32:59.862, 76.88 W, 75, 92 %, 3000 MiB
2026/08/03 18:33:00.867, 70.26 W, 75, 95 %, 3000 MiB
2026/08/03 18:33:01.875, 67.12 W, 72, 92 %, 3004 MiB
2026/08/03 18:33:02.878, 48.87 W, 71, 61 %, 1812 MiB
2026/08/03 18:33:03.881, 78.31 W, 74, 50 %, 2992 MiB
2026/08/03 18:33:04.887, 75.60 W, 75, 94 %, 2994 MiB
2026/08/03 18:33:05.891, 77.58 W, 75, 92 %, 2994 MiB
2026/08/03 18:33:06.895, 75.46 W, 74, 94 %, 2996 MiB
2026/08/03 18:33:07.899, 76.90 W, 75, 93 %, 2996 MiB
2026/08/03 18:33:08.903, 74.78 W, 74, 95 %, 2996 MiB
2026/08/03 18:33:09.908, 77.19 W, 76, 93 %, 2998 MiB
2026/08/03 18:33:10.912, 74.60 W, 75, 95 %, 2998 MiB
2026/08/03 18:33:11.917, 76.60 W, 75, 92 %, 2998 MiB
2026/08/03 18:33:12.922, 73.29 W, 76, 94 %, 2998 MiB
2026/08/03 18:33:13.927, 72.14 W, 75, 92 %, 2998 MiB
2026/08/03 18:33:14.930, 76.01 W, 75, 94 %, 2998 MiB
2026/08/03 18:33:15.936, 75.78 W, 75, 92 %, 2998 MiB
2026/08/03 18:33:16.940, 77.22 W, 75, 94 %, 2998 MiB
2026/08/03 18:33:17.945, 73.23 W, 75, 94 %, 2998 MiB
2026/08/03 18:33:18.950, 75.94 W, 75, 92 %, 2998 MiB
2026/08/03 18:33:19.954, 73.38 W, 74, 95 %, 2998 MiB
2026/08/03 18:33:20.958, 76.00 W, 75, 93 %, 2998 MiB
2026/08/03 18:33:21.963, 73.01 W, 74, 94 %, 2998 MiB
2026/08/03 18:33:22.967, 70.29 W, 76, 92 %, 2998 MiB
2026/08/03 18:33:23.971, 59.79 W, 72, 94 %, 1812 MiB
2026/08/03 18:33:24.975, 67.89 W, 74, 64 %, 2992 MiB
2026/08/03 18:33:25.980, 72.22 W, 75, 44 %, 2998 MiB
2026/08/03 18:33:26.984, 67.14 W, 75, 94 %, 2998 MiB
2026/08/03 18:33:27.987, 72.88 W, 75, 93 %, 3000 MiB
2026/08/03 18:33:28.992, 73.59 W, 75, 94 %, 3000 MiB
2026/08/03 18:33:29.996, 68.16 W, 75, 92 %, 3000 MiB
2026/08/03 18:33:31.004, 73.19 W, 74, 94 %, 3000 MiB
2026/08/03 18:33:32.009, 67.36 W, 75, 92 %, 3000 MiB
2026/08/03 18:33:33.013, 72.59 W, 74, 94 %, 3000 MiB
2026/08/03 18:33:34.019, 67.07 W, 75, 92 %, 3000 MiB
2026/08/03 18:33:35.022, 73.29 W, 75, 94 %, 3000 MiB
2026/08/03 18:33:36.027, 67.41 W, 75, 93 %, 3000 MiB
2026/08/03 18:33:37.033, 72.68 W, 75, 94 %, 3000 MiB
2026/08/03 18:33:38.037, 66.43 W, 75, 93 %, 3000 MiB
2026/08/03 18:33:39.041, 73.74 W, 75, 94 %, 3000 MiB
2026/08/03 18:33:40.050, 68.13 W, 75, 93 %, 3000 MiB
2026/08/03 18:33:41.054, 73.07 W, 75, 94 %, 3000 MiB
2026/08/03 18:33:42.058, 66.68 W, 75, 94 %, 3000 MiB
2026/08/03 18:33:43.066, 73.22 W, 75, 94 %, 3000 MiB
2026/08/03 18:33:44.070, 67.31 W, 75, 92 %, 3000 MiB
2026/08/03 18:33:45.074, 72.69 W, 75, 94 %, 1804 MiB
2026/08/03 18:33:46.080, 34.99 W, 70, 72 %, 1816 MiB
2026/08/03 18:33:47.083, 68.19 W, 75, 38 %, 2990 MiB
2026/08/03 18:33:48.087, 72.97 W, 74, 92 %, 2992 MiB
2026/08/03 18:33:49.093, 67.68 W, 75, 95 %, 2992 MiB
2026/08/03 18:33:50.097, 73.11 W, 75, 92 %, 2992 MiB
2026/08/03 18:33:51.101, 66.93 W, 75, 94 %, 2992 MiB
2026/08/03 18:33:52.105, 74.39 W, 75, 93 %, 2992 MiB
2026/08/03 18:33:53.110, 66.59 W, 75, 94 %, 2992 MiB
2026/08/03 18:33:54.115, 74.20 W, 75, 93 %, 2992 MiB
2026/08/03 18:33:55.121, 68.07 W, 75, 94 %, 2992 MiB
2026/08/03 18:33:56.125, 74.74 W, 75, 93 %, 2994 MiB
2026/08/03 18:33:57.131, 68.73 W, 75, 94 %, 2994 MiB
2026/08/03 18:33:58.140, 74.90 W, 75, 93 %, 2994 MiB
2026/08/03 18:33:59.145, 68.78 W, 75, 94 %, 2994 MiB
2026/08/03 18:34:00.149, 67.43 W, 75, 93 %, 2994 MiB
2026/08/03 18:34:01.154, 72.47 W, 74, 94 %, 2994 MiB
2026/08/03 18:34:02.158, 65.98 W, 76, 93 %, 2994 MiB
2026/08/03 18:34:03.161, 73.09 W, 75, 94 %, 2994 MiB
2026/08/03 18:34:04.169, 66.34 W, 76, 94 %, 2994 MiB
2026/08/03 18:34:05.173, 73.37 W, 76, 93 %, 2994 MiB
2026/08/03 18:34:06.178, 69.49 W, 75, 94 %, 2994 MiB
2026/08/03 18:34:07.183, 73.95 W, 73, 81 %, 1810 MiB
2026/08/03 18:34:08.186, 66.27 W, 74, 49 %, 2994 MiB
2026/08/03 18:34:09.190, 75.13 W, 75, 72 %, 2994 MiB
2026/08/03 18:34:10.199, 67.67 W, 75, 94 %, 2994 MiB
2026/08/03 18:34:11.204, 75.87 W, 75, 93 %, 2994 MiB
2026/08/03 18:34:12.208, 66.94 W, 75, 94 %, 2996 MiB
2026/08/03 18:34:13.214, 75.93 W, 75, 92 %, 2996 MiB
2026/08/03 18:34:14.218, 70.04 W, 74, 94 %, 2996 MiB
2026/08/03 18:34:15.222, 77.58 W, 75, 93 %, 2996 MiB
2026/08/03 18:34:16.227, 72.87 W, 74, 94 %, 2996 MiB
2026/08/03 18:34:17.231, 67.39 W, 75, 93 %, 2996 MiB
2026/08/03 18:34:18.235, 74.43 W, 76, 94 %, 2998 MiB
2026/08/03 18:34:19.239, 68.38 W, 75, 93 %, 3000 MiB
2026/08/03 18:34:20.242, 74.54 W, 75, 94 %, 3000 MiB
2026/08/03 18:34:21.247, 66.57 W, 75, 92 %, 3000 MiB
2026/08/03 18:34:22.251, 75.68 W, 75, 94 %, 3000 MiB
2026/08/03 18:34:23.255, 66.58 W, 75, 93 %, 3000 MiB
2026/08/03 18:34:24.260, 76.11 W, 75, 94 %, 3000 MiB
2026/08/03 18:34:25.264, 65.60 W, 75, 93 %, 3000 MiB
2026/08/03 18:34:26.269, 75.57 W, 75, 94 %, 3000 MiB
2026/08/03 18:34:27.273, 69.07 W, 74, 92 %, 3000 MiB
2026/08/03 18:34:28.278, 76.11 W, 74, 88 %, 1810 MiB
2026/08/03 18:34:29.283, 71.99 W, 73, 61 %, 2444 MiB
2026/08/03 18:34:30.287, 68.57 W, 75, 54 %, 2996 MiB
2026/08/03 18:34:31.291, 75.73 W, 75, 93 %, 2996 MiB
2026/08/03 18:34:32.294, 67.68 W, 75, 95 %, 2996 MiB
2026/08/03 18:34:33.298, 74.99 W, 75, 93 %, 2996 MiB
2026/08/03 18:34:34.304, 66.24 W, 75, 94 %, 2996 MiB
2026/08/03 18:34:35.308, 75.46 W, 75, 93 %, 2996 MiB
2026/08/03 18:34:36.312, 70.32 W, 75, 93 %, 2996 MiB
2026/08/03 18:34:37.316, 77.14 W, 75, 94 %, 2996 MiB
2026/08/03 18:34:38.321, 71.64 W, 75, 93 %, 2996 MiB
2026/08/03 18:34:39.325, 76.96 W, 75, 94 %, 3000 MiB
2026/08/03 18:34:40.330, 75.46 W, 74, 92 %, 3000 MiB
2026/08/03 18:34:41.334, 77.04 W, 75, 95 %, 3000 MiB
2026/08/03 18:34:42.339, 74.36 W, 75, 93 %, 3000 MiB
2026/08/03 18:34:43.342, 75.16 W, 75, 94 %, 3000 MiB
2026/08/03 18:34:44.346, 76.23 W, 75, 92 %, 3000 MiB
2026/08/03 18:34:45.350, 68.74 W, 76, 95 %, 3000 MiB
2026/08/03 18:34:46.358, 75.81 W, 76, 93 %, 3000 MiB
2026/08/03 18:34:47.362, 71.00 W, 75, 94 %, 3000 MiB
2026/08/03 18:34:48.366, 76.64 W, 76, 93 %, 3000 MiB
2026/08/03 18:34:49.372, 35.22 W, 75, 94 %, 1216 MiB
2026/08/03 18:34:50.376, 37.90 W, 70, 62 %, 1784 MiB
2026/08/03 18:34:51.379, 75.42 W, 75, 47 %, 2986 MiB
2026/08/03 18:34:52.384, 79.42 W, 75, 93 %, 2990 MiB
2026/08/03 18:34:53.389, 73.75 W, 74, 94 %, 2992 MiB
2026/08/03 18:34:54.393, 73.20 W, 75, 92 %, 2994 MiB
2026/08/03 18:34:55.397, 73.27 W, 75, 94 %, 2994 MiB
2026/08/03 18:34:56.402, 68.88 W, 75, 92 %, 2994 MiB
2026/08/03 18:34:57.407, 73.54 W, 75, 94 %, 2994 MiB
2026/08/03 18:34:58.412, 66.85 W, 75, 93 %, 2994 MiB
2026/08/03 18:34:59.416, 73.13 W, 75, 94 %, 2994 MiB
2026/08/03 18:35:00.421, 73.73 W, 75, 93 %, 2994 MiB
2026/08/03 18:35:01.425, 73.74 W, 75, 94 %, 2994 MiB
2026/08/03 18:35:02.430, 73.85 W, 75, 93 %, 2994 MiB
2026/08/03 18:35:03.434, 72.19 W, 75, 94 %, 2994 MiB
2026/08/03 18:35:04.438, 73.51 W, 74, 94 %, 2994 MiB
2026/08/03 18:35:05.443, 69.61 W, 75, 93 %, 2994 MiB
2026/08/03 18:35:06.447, 74.48 W, 74, 94 %, 2994 MiB
2026/08/03 18:35:07.450, 67.43 W, 75, 93 %, 2994 MiB
2026/08/03 18:35:08.456, 73.57 W, 75, 95 %, 2994 MiB
2026/08/03 18:35:09.462, 66.36 W, 75, 93 %, 2994 MiB
2026/08/03 18:35:10.466, 73.91 W, 76, 94 %, 2994 MiB
2026/08/03 18:35:11.470, 56.07 W, 74, 72 %, 1814 MiB
2026/08/03 18:35:12.474, 73.46 W, 74, 39 %, 2974 MiB
2026/08/03 18:35:13.478, 67.84 W, 75, 92 %, 2980 MiB
2026/08/03 18:35:14.483, 77.38 W, 75, 94 %, 2980 MiB
2026/08/03 18:35:15.487, 74.58 W, 75, 92 %, 2980 MiB
2026/08/03 18:35:16.493, 77.65 W, 75, 95 %, 2980 MiB
2026/08/03 18:35:17.498, 75.63 W, 75, 93 %, 2980 MiB
2026/08/03 18:35:18.502, 76.73 W, 75, 94 %, 2980 MiB
2026/08/03 18:35:19.507, 73.74 W, 74, 92 %, 2982 MiB
2026/08/03 18:35:20.513, 72.69 W, 75, 94 %, 2982 MiB
2026/08/03 18:35:21.517, 73.65 W, 74, 93 %, 2982 MiB
2026/08/03 18:35:22.521, 70.66 W, 75, 94 %, 2982 MiB
2026/08/03 18:35:23.525, 73.68 W, 76, 92 %, 2982 MiB
2026/08/03 18:35:24.528, 67.88 W, 75, 94 %, 2982 MiB
2026/08/03 18:35:25.532, 73.34 W, 75, 93 %, 2982 MiB
2026/08/03 18:35:26.537, 66.58 W, 75, 94 %, 2982 MiB
2026/08/03 18:35:27.541, 73.77 W, 75, 92 %, 2982 MiB
2026/08/03 18:35:28.550, 66.34 W, 75, 95 %, 2982 MiB
2026/08/03 18:35:29.554, 69.29 W, 75, 93 %, 2982 MiB
2026/08/03 18:35:30.558, 73.59 W, 75, 95 %, 2982 MiB
2026/08/03 18:35:31.563, 69.26 W, 75, 92 %, 2982 MiB
2026/08/03 18:35:32.568, 60.90 W, 71, 81 %, 1808 MiB
2026/08/03 18:35:33.571, 34.85 W, 70, 45 %, 1822 MiB
2026/08/03 18:35:34.577, 73.57 W, 74, 77 %, 2994 MiB
2026/08/03 18:35:35.585, 66.90 W, 75, 93 %, 2998 MiB
2026/08/03 18:35:36.588, 73.44 W, 75, 94 %, 2998 MiB
2026/08/03 18:35:37.592, 67.88 W, 75, 93 %, 2998 MiB
2026/08/03 18:35:38.596, 72.70 W, 75, 94 %, 2998 MiB
2026/08/03 18:35:39.600, 65.88 W, 75, 93 %, 2998 MiB
2026/08/03 18:35:40.605, 74.06 W, 75, 93 %, 2998 MiB
2026/08/03 18:35:41.609, 66.64 W, 74, 94 %, 2998 MiB
2026/08/03 18:35:42.613, 74.32 W, 75, 93 %, 2998 MiB
2026/08/03 18:35:43.621, 66.67 W, 75, 94 %, 2998 MiB
2026/08/03 18:35:44.629, 74.75 W, 75, 92 %, 2998 MiB
2026/08/03 18:35:45.633, 73.05 W, 74, 94 %, 2998 MiB
2026/08/03 18:35:46.638, 68.03 W, 75, 92 %, 2998 MiB
2026/08/03 18:35:47.646, 73.01 W, 74, 94 %, 3000 MiB
2026/08/03 18:35:48.649, 66.39 W, 75, 92 %, 3000 MiB
2026/08/03 18:35:49.653, 72.89 W, 76, 94 %, 3000 MiB
2026/08/03 18:35:50.657, 67.94 W, 75, 93 %, 3000 MiB
2026/08/03 18:35:51.661, 71.88 W, 75, 95 %, 3000 MiB
2026/08/03 18:35:52.667, 67.38 W, 75, 93 %, 3000 MiB
2026/08/03 18:35:53.675, 43.88 W, 72, 83 %, 3000 MiB
2026/08/03 18:35:54.678, 36.75 W, 71, 83 %, 1812 MiB
2026/08/03 18:35:55.681, 75.67 W, 74, 63 %, 2992 MiB
2026/08/03 18:35:56.685, 66.98 W, 74, 58 %, 2996 MiB
2026/08/03 18:35:57.690, 74.70 W, 74, 93 %, 2996 MiB
2026/08/03 18:35:58.699, 68.31 W, 75, 95 %, 2998 MiB
2026/08/03 18:35:59.703, 75.21 W, 75, 93 %, 2998 MiB
2026/08/03 18:36:00.707, 73.42 W, 74, 94 %, 2998 MiB
2026/08/03 18:36:01.712, 67.86 W, 75, 92 %, 2998 MiB
2026/08/03 18:36:02.716, 73.65 W, 75, 94 %, 2998 MiB
2026/08/03 18:36:03.719, 70.35 W, 75, 92 %, 3000 MiB
2026/08/03 18:36:04.728, 78.68 W, 75, 88 %, 3000 MiB
2026/08/03 18:36:05.731, 73.62 W, 75, 94 %, 3000 MiB
2026/08/03 18:36:06.735, 78.11 W, 75, 93 %, 3000 MiB
2026/08/03 18:36:07.743, 74.40 W, 74, 94 %, 3000 MiB
2026/08/03 18:36:08.748, 77.92 W, 75, 93 %, 3000 MiB
2026/08/03 18:36:09.752, 73.53 W, 74, 94 %, 3000 MiB
2026/08/03 18:36:10.758, 73.94 W, 75, 92 %, 3000 MiB
2026/08/03 18:36:11.762, 73.36 W, 75, 95 %, 3000 MiB
2026/08/03 18:36:12.765, 72.36 W, 75, 93 %, 3000 MiB
2026/08/03 18:36:13.770, 73.75 W, 75, 94 %, 3000 MiB
2026/08/03 18:36:14.773, 72.27 W, 75, 93 %, 3000 MiB
2026/08/03 18:36:15.776, 77.18 W, 72, 94 %, 1812 MiB
2026/08/03 18:36:16.781, 71.81 W, 74, 62 %, 2996 MiB
2026/08/03 18:36:17.785, 77.47 W, 75, 47 %, 2996 MiB
2026/08/03 18:36:18.790, 74.68 W, 75, 93 %, 2998 MiB
2026/08/03 18:36:19.796, 77.61 W, 75, 94 %, 2998 MiB
2026/08/03 18:36:20.801, 73.41 W, 75, 93 %, 2998 MiB
2026/08/03 18:36:21.805, 75.04 W, 75, 94 %, 2998 MiB
2026/08/03 18:36:22.814, 73.81 W, 74, 93 %, 2998 MiB
2026/08/03 18:36:23.819, 72.85 W, 75, 95 %, 2998 MiB
2026/08/03 18:36:24.822, 74.12 W, 75, 92 %, 2998 MiB
2026/08/03 18:36:25.828, 70.17 W, 75, 94 %, 2998 MiB
2026/08/03 18:36:26.832, 73.46 W, 75, 92 %, 2998 MiB
2026/08/03 18:36:27.836, 67.61 W, 75, 94 %, 2998 MiB
2026/08/03 18:36:28.840, 73.92 W, 75, 93 %, 3000 MiB
2026/08/03 18:36:29.844, 67.73 W, 75, 94 %, 3000 MiB
2026/08/03 18:36:30.849, 76.69 W, 75, 92 %, 3000 MiB
2026/08/03 18:36:31.854, 72.66 W, 75, 94 %, 3000 MiB
2026/08/03 18:36:32.859, 72.10 W, 75, 93 %, 3000 MiB
2026/08/03 18:36:33.865, 73.77 W, 74, 94 %, 3000 MiB
2026/08/03 18:36:34.869, 71.00 W, 75, 93 %, 3000 MiB
2026/08/03 18:36:35.873, 74.49 W, 74, 94 %, 3000 MiB
2026/08/03 18:36:36.880, 74.00 W, 75, 93 %, 1798 MiB
2026/08/03 18:36:37.883, 34.97 W, 70, 72 %, 1808 MiB
2026/08/03 18:36:38.887, 66.99 W, 75, 38 %, 2978 MiB
2026/08/03 18:36:39.892, 72.40 W, 75, 93 %, 2978 MiB
2026/08/03 18:36:40.897, 67.82 W, 75, 94 %, 2978 MiB
2026/08/03 18:36:41.902, 72.86 W, 75, 93 %, 2978 MiB
2026/08/03 18:36:42.906, 65.40 W, 75, 94 %, 2978 MiB
2026/08/03 18:36:43.910, 72.81 W, 75, 93 %, 2978 MiB
2026/08/03 18:36:44.916, 66.19 W, 75, 94 %, 2978 MiB
2026/08/03 18:36:45.920, 69.78 W, 75, 93 %, 2978 MiB
2026/08/03 18:36:46.924, 73.86 W, 75, 94 %, 2978 MiB
2026/08/03 18:36:47.930, 68.43 W, 75, 93 %, 2978 MiB
2026/08/03 18:36:48.934, 73.27 W, 74, 94 %, 2978 MiB
2026/08/03 18:36:49.939, 65.63 W, 75, 92 %, 2978 MiB
2026/08/03 18:36:50.944, 72.55 W, 75, 94 %, 2978 MiB
2026/08/03 18:36:51.948, 67.92 W, 76, 93 %, 2978 MiB
2026/08/03 18:36:52.951, 73.45 W, 75, 94 %, 2978 MiB
2026/08/03 18:36:53.959, 66.32 W, 75, 92 %, 2978 MiB
2026/08/03 18:36:54.963, 73.26 W, 75, 94 %, 2978 MiB
2026/08/03 18:36:55.968, 68.05 W, 76, 93 %, 2978 MiB
2026/08/03 18:36:56.975, 74.52 W, 75, 94 %, 2978 MiB
2026/08/03 18:36:57.980, 67.47 W, 75, 93 %, 2978 MiB
2026/08/03 18:36:58.984, 76.74 W, 75, 81 %, 1810 MiB
2026/08/03 18:36:59.989, 65.98 W, 73, 45 %, 2994 MiB
2026/08/03 18:37:00.995, 75.98 W, 75, 78 %, 2994 MiB
2026/08/03 18:37:01.998, 73.24 W, 74, 93 %, 2998 MiB
2026/08/03 18:37:03.003, 67.08 W, 75, 94 %, 2998 MiB
2026/08/03 18:37:04.007, 74.41 W, 76, 93 %, 2998 MiB
2026/08/03 18:37:05.011, 65.65 W, 75, 93 %, 2998 MiB
2026/08/03 18:37:06.015, 76.03 W, 75, 93 %, 2998 MiB
2026/08/03 18:37:07.019, 67.55 W, 75, 92 %, 2998 MiB
2026/08/03 18:37:08.023, 76.45 W, 75, 94 %, 2998 MiB
2026/08/03 18:37:09.030, 68.96 W, 75, 92 %, 2998 MiB
2026/08/03 18:37:10.034, 76.36 W, 75, 94 %, 2998 MiB
2026/08/03 18:37:11.039, 69.94 W, 75, 93 %, 2998 MiB
2026/08/03 18:37:12.045, 76.54 W, 75, 94 %, 2998 MiB
2026/08/03 18:37:13.050, 71.24 W, 74, 92 %, 2998 MiB
2026/08/03 18:37:14.055, 76.77 W, 75, 94 %, 2998 MiB
2026/08/03 18:37:15.060, 76.25 W, 74, 93 %, 2998 MiB
2026/08/03 18:37:16.063, 77.62 W, 75, 94 %, 2998 MiB
2026/08/03 18:37:17.068, 76.35 W, 75, 92 %, 2998 MiB
2026/08/03 18:37:18.075, 68.62 W, 75, 94 %, 2998 MiB
2026/08/03 18:37:19.079, 76.49 W, 75, 93 %, 2998 MiB
2026/08/03 18:37:20.083, 37.53 W, 74, 85 %, 1810 MiB
2026/08/03 18:37:21.092, 34.67 W, 72, 61 %, 2424 MiB
2026/08/03 18:37:22.096, 69.46 W, 75, 58 %, 2996 MiB
2026/08/03 18:37:23.100, 76.02 W, 75, 93 %, 2996 MiB
2026/08/03 18:37:24.108, 71.14 W, 74, 94 %, 2996 MiB
2026/08/03 18:37:25.112, 76.67 W, 74, 93 %, 2996 MiB
2026/08/03 18:37:26.117, 71.48 W, 75, 94 %, 2996 MiB
2026/08/03 18:37:27.125, 76.22 W, 75, 93 %, 2996 MiB
2026/08/03 18:37:28.129, 70.76 W, 74, 94 %, 2996 MiB
2026/08/03 18:37:29.133, 76.39 W, 75, 92 %, 2996 MiB
2026/08/03 18:37:30.140, 75.25 W, 74, 94 %, 3000 MiB
2026/08/03 18:37:31.144, 77.69 W, 75, 92 %, 3000 MiB
2026/08/03 18:37:32.148, 75.92 W, 75, 94 %, 3000 MiB
2026/08/03 18:37:33.155, 68.29 W, 75, 92 %, 3000 MiB
2026/08/03 18:37:34.159, 76.69 W, 75, 94 %, 3000 MiB
2026/08/03 18:37:35.163, 69.45 W, 75, 92 %, 3000 MiB
2026/08/03 18:37:36.171, 76.08 W, 75, 93 %, 3000 MiB
2026/08/03 18:37:37.176, 75.27 W, 75, 93 %, 3000 MiB
2026/08/03 18:37:38.179, 78.08 W, 75, 94 %, 3000 MiB
2026/08/03 18:37:39.187, 75.00 W, 75, 94 %, 3000 MiB
2026/08/03 18:37:40.191, 77.26 W, 75, 93 %, 3000 MiB
2026/08/03 18:37:41.195, 33.59 W, 72, 93 %, 1072 MiB
2026/08/03 18:37:42.200, 37.76 W, 71, 63 %, 1784 MiB
2026/08/03 18:37:43.203, 73.59 W, 75, 46 %, 2988 MiB
2026/08/03 18:37:44.207, 65.44 W, 75, 93 %, 2988 MiB
2026/08/03 18:37:45.212, 73.00 W, 75, 94 %, 2988 MiB
2026/08/03 18:37:46.216, 66.77 W, 75, 92 %, 2988 MiB
2026/08/03 18:37:47.219, 72.66 W, 75, 94 %, 2992 MiB
2026/08/03 18:37:48.225, 67.59 W, 74, 92 %, 2992 MiB
2026/08/03 18:37:49.229, 75.25 W, 75, 95 %, 2992 MiB
2026/08/03 18:37:50.233, 73.76 W, 74, 93 %, 2992 MiB
2026/08/03 18:37:51.238, 70.82 W, 75, 94 %, 2992 MiB
2026/08/03 18:37:52.243, 73.90 W, 74, 93 %, 2992 MiB
2026/08/03 18:37:53.248, 68.04 W, 75, 94 %, 2992 MiB
2026/08/03 18:37:54.252, 73.23 W, 74, 92 %, 2992 MiB
2026/08/03 18:37:55.255, 68.46 W, 75, 94 %, 2992 MiB
2026/08/03 18:37:56.259, 73.18 W, 75, 93 %, 2994 MiB
2026/08/03 18:37:57.264, 66.60 W, 75, 94 %, 2994 MiB
2026/08/03 18:37:58.268, 72.63 W, 75, 92 %, 2994 MiB
2026/08/03 18:37:59.274, 67.03 W, 75, 95 %, 2994 MiB
2026/08/03 18:38:00.282, 73.68 W, 75, 93 %, 2994 MiB
2026/08/03 18:38:01.286, 68.32 W, 75, 95 %, 2994 MiB
2026/08/03 18:38:02.289, 73.18 W, 75, 93 %, 2994 MiB
2026/08/03 18:38:03.295, 47.13 W, 74, 74 %, 1814 MiB
2026/08/03 18:38:04.299, 74.30 W, 74, 35 %, 2994 MiB
2026/08/03 18:38:05.302, 73.34 W, 74, 94 %, 2998 MiB
2026/08/03 18:38:06.308, 65.07 W, 75, 93 %, 2998 MiB
2026/08/03 18:38:07.311, 72.82 W, 74, 93 %, 2998 MiB
2026/08/03 18:38:08.315, 67.00 W, 75, 95 %, 2998 MiB
2026/08/03 18:38:09.320, 73.16 W, 75, 93 %, 2998 MiB
2026/08/03 18:38:10.324, 67.50 W, 75, 94 %, 2998 MiB
2026/08/03 18:38:11.328, 73.09 W, 75, 92 %, 2998 MiB
2026/08/03 18:38:12.333, 67.23 W, 75, 95 %, 2998 MiB
2026/08/03 18:38:13.338, 74.73 W, 75, 92 %, 2998 MiB
2026/08/03 18:38:14.343, 67.60 W, 75, 94 %, 2998 MiB
2026/08/03 18:38:15.348, 74.07 W, 75, 93 %, 2998 MiB
2026/08/03 18:38:16.352, 67.65 W, 75, 94 %, 2998 MiB
2026/08/03 18:38:17.358, 74.79 W, 75, 92 %, 2998 MiB
2026/08/03 18:38:18.364, 67.10 W, 74, 94 %, 2998 MiB
2026/08/03 18:38:19.369, 76.51 W, 75, 92 %, 2998 MiB
2026/08/03 18:38:20.373, 73.13 W, 74, 95 %, 2998 MiB
2026/08/03 18:38:21.376, 68.52 W, 75, 93 %, 2998 MiB
2026/08/03 18:38:22.380, 72.75 W, 75, 94 %, 2998 MiB
2026/08/03 18:38:23.384, 65.50 W, 75, 92 %, 2998 MiB
2026/08/03 18:38:24.388, 72.92 W, 72, 80 %, 1808 MiB
2026/08/03 18:38:25.391, 35.01 W, 70, 44 %, 1822 MiB
2026/08/03 18:38:26.394, 76.85 W, 74, 79 %, 2992 MiB
2026/08/03 18:38:27.399, 67.20 W, 74, 93 %, 2996 MiB
2026/08/03 18:38:28.406, 75.81 W, 74, 95 %, 2998 MiB
2026/08/03 18:38:29.410, 66.13 W, 74, 93 %, 2998 MiB
2026/08/03 18:38:30.414, 76.01 W, 75, 94 %, 2998 MiB
2026/08/03 18:38:31.420, 67.62 W, 74, 94 %, 2998 MiB
2026/08/03 18:38:32.426, 76.16 W, 75, 92 %, 2998 MiB
2026/08/03 18:38:33.430, 73.95 W, 74, 94 %, 2998 MiB
2026/08/03 18:38:34.437, 67.36 W, 75, 93 %, 2998 MiB
2026/08/03 18:38:35.441, 74.56 W, 75, 94 %, 2998 MiB
2026/08/03 18:38:36.447, 67.86 W, 75, 93 %, 2998 MiB
2026/08/03 18:38:37.453, 74.99 W, 75, 93 %, 2998 MiB
2026/08/03 18:38:38.458, 67.56 W, 75, 94 %, 3000 MiB
2026/08/03 18:38:39.462, 74.43 W, 75, 94 %, 3000 MiB
2026/08/03 18:38:40.469, 68.48 W, 75, 94 %, 3000 MiB
2026/08/03 18:38:41.473, 74.97 W, 75, 94 %, 3000 MiB
2026/08/03 18:38:42.477, 66.50 W, 74, 94 %, 3000 MiB
2026/08/03 18:38:43.484, 75.38 W, 75, 94 %, 3000 MiB
2026/08/03 18:38:44.489, 67.79 W, 74, 94 %, 3000 MiB
2026/08/03 18:38:45.493, 52.94 W, 72, 94 %, 3000 MiB
2026/08/03 18:38:46.498, 37.06 W, 71, 79 %, 1812 MiB
2026/08/03 18:38:47.501, 77.37 W, 74, 61 %, 2998 MiB
2026/08/03 18:38:48.505, 75.55 W, 75, 60 %, 2998 MiB
2026/08/03 18:38:49.511, 67.43 W, 75, 93 %, 2998 MiB
2026/08/03 18:38:50.516, 75.46 W, 75, 95 %, 2998 MiB
2026/08/03 18:38:51.519, 67.84 W, 75, 93 %, 2998 MiB
2026/08/03 18:38:52.523, 75.45 W, 75, 95 %, 2998 MiB
2026/08/03 18:38:53.527, 68.89 W, 75, 92 %, 3000 MiB
2026/08/03 18:38:54.533, 75.60 W, 75, 95 %, 3000 MiB
2026/08/03 18:38:55.537, 68.89 W, 74, 92 %, 3000 MiB
2026/08/03 18:38:56.541, 76.60 W, 74, 94 %, 3000 MiB
2026/08/03 18:38:57.550, 67.88 W, 74, 93 %, 3000 MiB
2026/08/03 18:38:58.555, 76.29 W, 74, 94 %, 3000 MiB
2026/08/03 18:38:59.560, 69.99 W, 75, 93 %, 3000 MiB
2026/08/03 18:39:00.566, 77.17 W, 75, 94 %, 3000 MiB
2026/08/03 18:39:01.570, 71.92 W, 73, 93 %, 3000 MiB
2026/08/03 18:39:02.573, 77.09 W, 75, 94 %, 3000 MiB
2026/08/03 18:39:03.578, 71.67 W, 74, 93 %, 3000 MiB
2026/08/03 18:39:04.582, 68.57 W, 75, 95 %, 3000 MiB
2026/08/03 18:39:05.586, 74.24 W, 75, 93 %, 3000 MiB
2026/08/03 18:39:06.593, 69.00 W, 75, 95 %, 3000 MiB
2026/08/03 18:39:07.597, 73.93 W, 72, 93 %, 1810 MiB
2026/08/03 18:39:08.600, 72.19 W, 73, 64 %, 2996 MiB
2026/08/03 18:39:09.604, 77.23 W, 74, 43 %, 2998 MiB
2026/08/03 18:39:10.609, 70.72 W, 74, 94 %, 2998 MiB
2026/08/03 18:39:11.614, 76.90 W, 74, 93 %, 3000 MiB
2026/08/03 18:39:12.623, 70.31 W, 74, 94 %, 3000 MiB
2026/08/03 18:39:13.627, 77.17 W, 74, 93 %, 3000 MiB
2026/08/03 18:39:14.631, 73.82 W, 74, 94 %, 3000 MiB
2026/08/03 18:39:15.638, 75.71 W, 74, 93 %, 3000 MiB
2026/08/03 18:39:16.642, 74.40 W, 74, 94 %, 3000 MiB
2026/08/03 18:39:17.645, 75.78 W, 75, 93 %, 3000 MiB
2026/08/03 18:39:18.654, 75.43 W, 74, 94 %, 3000 MiB
2026/08/03 18:39:19.658, 78.22 W, 75, 93 %, 3000 MiB
2026/08/03 18:39:20.661, 76.39 W, 75, 93 %, 3000 MiB
2026/08/03 18:39:21.666, 68.90 W, 75, 94 %, 3000 MiB
2026/08/03 18:39:22.670, 75.78 W, 75, 93 %, 3000 MiB
2026/08/03 18:39:23.674, 70.25 W, 75, 94 %, 3000 MiB
2026/08/03 18:39:24.678, 76.67 W, 75, 93 %, 3000 MiB
2026/08/03 18:39:25.682, 68.72 W, 74, 94 %, 3000 MiB
2026/08/03 18:39:26.687, 75.79 W, 74, 93 %, 3000 MiB
2026/08/03 18:39:27.693, 69.74 W, 74, 94 %, 3000 MiB
2026/08/03 18:39:28.697, 75.54 W, 74, 93 %, 1796 MiB
2026/08/03 18:39:29.703, 34.97 W, 70, 68 %, 1808 MiB
2026/08/03 18:39:30.706, 75.59 W, 74, 40 %, 3016 MiB
2026/08/03 18:39:31.710, 74.12 W, 74, 94 %, 3020 MiB
2026/08/03 18:39:32.714, 78.19 W, 75, 93 %, 3020 MiB
2026/08/03 18:39:33.718, 73.48 W, 75, 94 %, 3020 MiB
2026/08/03 18:39:34.723, 70.61 W, 74, 92 %, 3020 MiB
2026/08/03 18:39:35.728, 75.95 W, 74, 94 %, 3020 MiB
2026/08/03 18:39:36.733, 72.94 W, 75, 92 %, 3020 MiB
2026/08/03 18:39:37.736, 76.08 W, 74, 94 %, 3020 MiB
2026/08/03 18:39:38.743, 76.04 W, 74, 92 %, 3020 MiB
2026/08/03 18:39:39.747, 77.96 W, 74, 94 %, 3020 MiB
2026/08/03 18:39:40.752, 73.48 W, 73, 92 %, 3020 MiB
2026/08/03 18:39:41.761, 72.36 W, 75, 94 %, 3020 MiB
2026/08/03 18:39:42.766, 74.40 W, 74, 92 %, 3020 MiB
2026/08/03 18:39:43.770, 66.98 W, 75, 94 %, 3020 MiB
2026/08/03 18:39:44.777, 73.04 W, 75, 92 %, 3020 MiB
2026/08/03 18:39:45.780, 66.18 W, 75, 94 %, 3020 MiB
2026/08/03 18:39:46.784, 73.36 W, 75, 93 %, 3020 MiB
2026/08/03 18:39:47.794, 65.46 W, 75, 94 %, 3020 MiB
2026/08/03 18:39:48.798, 73.60 W, 75, 93 %, 3020 MiB
2026/08/03 18:39:49.803, 72.41 W, 75, 94 %, 3020 MiB
2026/08/03 18:39:50.809, 65.68 W, 74, 74 %, 1816 MiB
2026/08/03 18:39:51.813, 74.45 W, 73, 42 %, 2994 MiB
2026/08/03 18:39:52.818, 67.60 W, 74, 87 %, 2994 MiB
2026/08/03 18:39:53.822, 73.16 W, 73, 93 %, 2994 MiB
2026/08/03 18:39:54.829, 68.74 W, 75, 95 %, 2994 MiB
2026/08/03 18:39:55.834, 72.77 W, 74, 93 %, 2996 MiB
2026/08/03 18:39:56.838, 67.04 W, 75, 94 %, 2996 MiB
2026/08/03 18:39:57.843, 73.17 W, 75, 93 %, 2996 MiB
2026/08/03 18:39:58.850, 66.11 W, 75, 94 %, 2996 MiB
2026/08/03 18:39:59.854, 73.51 W, 75, 92 %, 2996 MiB
2026/08/03 18:40:00.859, 66.51 W, 75, 94 %, 2996 MiB
2026/08/03 18:40:01.868, 73.84 W, 75, 92 %, 2996 MiB
2026/08/03 18:40:02.872, 67.85 W, 74, 94 %, 2996 MiB
2026/08/03 18:40:03.877, 75.27 W, 74, 92 %, 2996 MiB
2026/08/03 18:40:04.882, 65.94 W, 75, 94 %, 2996 MiB
2026/08/03 18:40:05.886, 75.82 W, 74, 92 %, 2996 MiB
2026/08/03 18:40:06.891, 68.61 W, 74, 95 %, 2996 MiB
2026/08/03 18:40:07.896, 75.91 W, 74, 93 %, 2996 MiB
2026/08/03 18:40:08.901, 73.08 W, 74, 94 %, 2996 MiB
2026/08/03 18:40:09.906, 66.97 W, 75, 93 %, 2996 MiB
2026/08/03 18:40:10.910, 72.79 W, 74, 94 %, 2996 MiB
2026/08/03 18:40:11.914, 50.29 W, 74, 80 %, 1812 MiB
2026/08/03 18:40:12.918, 34.55 W, 73, 58 %, 2422 MiB
2026/08/03 18:40:13.933, 68.73 W, 75, 64 %, 2996 MiB
2026/08/03 18:40:14.938, 74.33 W, 74, 95 %, 2996 MiB
2026/08/03 18:40:15.943, 68.27 W, 75, 93 %, 2996 MiB
2026/08/03 18:40:16.947, 74.98 W, 75, 95 %, 2996 MiB
2026/08/03 18:40:17.953, 68.56 W, 75, 92 %, 2998 MiB
2026/08/03 18:40:18.957, 75.56 W, 75, 94 %, 2998 MiB
2026/08/03 18:40:19.962, 66.42 W, 74, 93 %, 2998 MiB
2026/08/03 18:40:20.967, 76.79 W, 75, 94 %, 2998 MiB
2026/08/03 18:40:21.971, 69.08 W, 74, 94 %, 2998 MiB
2026/08/03 18:40:22.976, 77.22 W, 75, 93 %, 2998 MiB
2026/08/03 18:40:23.981, 70.20 W, 74, 94 %, 2998 MiB
2026/08/03 18:40:24.985, 65.49 W, 75, 93 %, 2998 MiB
2026/08/03 18:40:25.989, 74.03 W, 75, 94 %, 2998 MiB
2026/08/03 18:40:26.993, 67.50 W, 75, 93 %, 2998 MiB
2026/08/03 18:40:27.997, 74.77 W, 75, 94 %, 2998 MiB
2026/08/03 18:40:29.000, 67.36 W, 75, 93 %, 2998 MiB
2026/08/03 18:40:30.004, 74.75 W, 75, 94 %, 2998 MiB
2026/08/03 18:40:31.008, 66.29 W, 75, 92 %, 2998 MiB
2026/08/03 18:40:32.017, 75.85 W, 75, 94 %, 2998 MiB
2026/08/03 18:40:33.021, 37.44 W, 74, 92 %, 1218 MiB
2026/08/03 18:40:34.025, 37.70 W, 70, 62 %, 1786 MiB
2026/08/03 18:40:35.028, 74.94 W, 73, 46 %, 2988 MiB
2026/08/03 18:40:36.033, 76.47 W, 74, 95 %, 2994 MiB
2026/08/03 18:40:37.037, 72.55 W, 74, 93 %, 2994 MiB
2026/08/03 18:40:38.041, 77.58 W, 75, 94 %, 2994 MiB
2026/08/03 18:40:39.044, 74.68 W, 75, 92 %, 2994 MiB
2026/08/03 18:40:40.050, 66.15 W, 75, 94 %, 2994 MiB
2026/08/03 18:40:41.055, 77.15 W, 75, 92 %, 2994 MiB
2026/08/03 18:40:42.059, 68.74 W, 75, 95 %, 2994 MiB
2026/08/03 18:40:43.064, 76.53 W, 75, 93 %, 2994 MiB
2026/08/03 18:40:44.069, 68.56 W, 75, 94 %, 2994 MiB
2026/08/03 18:40:45.073, 76.72 W, 75, 93 %, 2994 MiB
2026/08/03 18:40:46.078, 69.68 W, 74, 95 %, 2994 MiB
2026/08/03 18:40:47.082, 76.68 W, 75, 94 %, 2994 MiB
2026/08/03 18:40:48.087, 69.17 W, 74, 94 %, 2994 MiB
2026/08/03 18:40:49.094, 76.76 W, 75, 93 %, 2994 MiB
2026/08/03 18:40:50.100, 68.04 W, 75, 94 %, 2994 MiB
2026/08/03 18:40:51.104, 76.91 W, 75, 93 %, 2994 MiB
2026/08/03 18:40:52.109, 68.86 W, 74, 94 %, 2994 MiB
2026/08/03 18:40:53.116, 77.42 W, 74, 93 %, 2994 MiB
2026/08/03 18:40:54.120, 70.02 W, 74, 94 %, 2994 MiB
2026/08/03 18:40:55.125, 78.72 W, 74, 63 %, 1814 MiB
2026/08/03 18:40:56.130, 75.46 W, 74, 46 %, 2998 MiB
2026/08/03 18:40:57.135, 66.50 W, 74, 93 %, 2998 MiB
2026/08/03 18:40:58.140, 75.68 W, 75, 94 %, 2998 MiB
2026/08/03 18:40:59.145, 67.85 W, 75, 93 %, 2998 MiB
2026/08/03 18:41:00.149, 75.93 W, 75, 94 %, 2998 MiB
2026/08/03 18:41:01.153, 67.49 W, 75, 93 %, 2998 MiB
2026/08/03 18:41:02.159, 75.96 W, 75, 94 %, 3000 MiB
2026/08/03 18:41:03.163, 67.47 W, 74, 93 %, 3000 MiB
2026/08/03 18:41:04.167, 76.41 W, 74, 94 %, 3000 MiB
2026/08/03 18:41:05.176, 68.98 W, 74, 93 %, 3000 MiB
2026/08/03 18:41:06.181, 75.93 W, 74, 94 %, 3000 MiB
2026/08/03 18:41:07.186, 68.72 W, 74, 93 %, 3000 MiB
2026/08/03 18:41:08.191, 77.68 W, 75, 93 %, 3000 MiB
2026/08/03 18:41:09.195, 70.57 W, 74, 94 %, 3000 MiB
2026/08/03 18:41:10.201, 77.83 W, 75, 93 %, 3000 MiB
2026/08/03 18:41:11.204, 75.03 W, 74, 94 %, 3000 MiB
2026/08/03 18:41:12.208, 68.03 W, 75, 93 %, 3000 MiB
2026/08/03 18:41:13.212, 74.69 W, 75, 95 %, 3000 MiB
2026/08/03 18:41:14.221, 68.06 W, 75, 95 %, 3000 MiB
2026/08/03 18:41:15.224, 74.59 W, 75, 93 %, 3000 MiB
2026/08/03 18:41:16.228, 40.10 W, 74, 95 %, 1812 MiB
2026/08/03 18:41:17.236, 34.90 W, 72, 72 %, 2384 MiB
2026/08/03 18:41:18.243, 71.63 W, 74, 36 %, 2994 MiB
2026/08/03 18:41:19.247, 76.36 W, 74, 93 %, 2996 MiB
2026/08/03 18:41:20.253, 72.50 W, 75, 94 %, 2996 MiB
2026/08/03 18:41:21.258, 77.53 W, 74, 93 %, 2996 MiB
2026/08/03 18:41:22.263, 71.17 W, 74, 95 %, 2996 MiB
2026/08/03 18:41:23.267, 75.82 W, 75, 92 %, 2996 MiB
2026/08/03 18:41:24.273, 73.12 W, 73, 94 %, 2996 MiB
2026/08/03 18:41:25.279, 75.67 W, 75, 93 %, 2996 MiB
2026/08/03 18:41:26.283, 75.08 W, 74, 94 %, 2996 MiB
2026/08/03 18:41:27.287, 78.37 W, 75, 92 %, 2998 MiB
2026/08/03 18:41:28.296, 74.12 W, 75, 94 %, 2998 MiB
2026/08/03 18:41:29.300, 68.16 W, 75, 93 %, 2998 MiB
2026/08/03 18:41:30.304, 76.76 W, 75, 94 %, 2998 MiB
2026/08/03 18:41:31.312, 68.18 W, 75, 92 %, 2998 MiB
2026/08/03 18:41:32.316, 76.18 W, 75, 94 %, 2998 MiB
2026/08/03 18:41:33.321, 70.09 W, 75, 93 %, 2998 MiB
2026/08/03 18:41:34.327, 76.11 W, 75, 94 %, 2998 MiB
2026/08/03 18:41:35.331, 69.79 W, 75, 93 %, 2998 MiB
2026/08/03 18:41:36.335, 76.27 W, 75, 95 %, 2998 MiB
2026/08/03 18:41:37.342, 37.17 W, 75, 93 %, 1242 MiB
2026/08/03 18:41:38.346, 38.21 W, 70, 80 %, 1812 MiB
2026/08/03 18:41:39.349, 74.81 W, 73, 44 %, 2996 MiB
2026/08/03 18:41:40.354, 78.43 W, 75, 78 %, 2996 MiB
2026/08/03 18:41:41.359, 73.81 W, 74, 93 %, 2996 MiB
2026/08/03 18:41:42.362, 74.13 W, 75, 94 %, 2996 MiB
2026/08/03 18:41:43.366, 73.49 W, 75, 93 %, 2996 MiB
2026/08/03 18:41:44.370, 72.88 W, 75, 94 %, 2996 MiB
2026/08/03 18:41:45.373, 76.54 W, 75, 93 %, 2996 MiB
2026/08/03 18:41:46.379, 71.28 W, 75, 94 %, 2996 MiB
2026/08/03 18:41:47.383, 76.26 W, 75, 94 %, 2996 MiB
2026/08/03 18:41:48.388, 72.37 W, 75, 93 %, 2996 MiB
2026/08/03 18:41:49.394, 76.28 W, 75, 94 %, 2996 MiB
2026/08/03 18:41:50.398, 71.40 W, 74, 94 %, 2998 MiB
2026/08/03 18:41:51.403, 76.06 W, 74, 94 %, 2998 MiB
2026/08/03 18:41:52.407, 70.55 W, 74, 93 %, 3000 MiB
2026/08/03 18:41:53.412, 76.38 W, 75, 93 %, 3000 MiB
2026/08/03 18:41:54.416, 71.48 W, 75, 94 %, 3000 MiB
2026/08/03 18:41:55.420, 76.54 W, 75, 94 %, 3000 MiB
2026/08/03 18:41:56.424, 70.12 W, 74, 94 %, 3000 MiB
2026/08/03 18:41:57.432, 77.65 W, 75, 94 %, 3000 MiB
2026/08/03 18:41:58.436, 69.25 W, 75, 94 %, 3000 MiB
2026/08/03 18:41:59.441, 79.29 W, 74, 80 %, 1810 MiB
2026/08/03 18:42:00.447, 74.59 W, 73, 62 %, 2996 MiB
2026/08/03 18:42:01.455, 66.88 W, 75, 63 %, 2996 MiB
2026/08/03 18:42:02.458, 74.93 W, 75, 93 %, 2996 MiB
2026/08/03 18:42:03.462, 66.64 W, 75, 94 %, 2996 MiB
2026/08/03 18:42:04.466, 75.96 W, 75, 92 %, 2996 MiB
2026/08/03 18:42:05.470, 67.36 W, 75, 94 %, 2996 MiB
2026/08/03 18:42:06.474, 76.84 W, 75, 93 %, 2996 MiB
2026/08/03 18:42:07.478, 69.58 W, 75, 94 %, 2996 MiB
2026/08/03 18:42:08.483, 77.90 W, 74, 93 %, 2996 MiB
2026/08/03 18:42:09.488, 70.41 W, 74, 94 %, 2996 MiB
2026/08/03 18:42:10.492, 77.80 W, 75, 92 %, 2998 MiB
2026/08/03 18:42:11.497, 70.89 W, 74, 95 %, 2998 MiB
2026/08/03 18:42:12.504, 76.00 W, 75, 92 %, 2998 MiB
2026/08/03 18:42:13.508, 76.07 W, 74, 94 %, 2998 MiB
2026/08/03 18:42:14.512, 79.58 W, 75, 92 %, 2998 MiB
2026/08/03 18:42:15.517, 75.65 W, 75, 94 %, 2998 MiB
2026/08/03 18:42:16.523, 65.90 W, 75, 93 %, 2998 MiB
2026/08/03 18:42:17.527, 75.27 W, 75, 94 %, 2998 MiB
2026/08/03 18:42:18.532, 67.72 W, 75, 93 %, 2998 MiB
2026/08/03 18:42:19.536, 76.36 W, 75, 94 %, 2998 MiB
2026/08/03 18:42:20.540, 38.36 W, 74, 93 %, 1812 MiB
2026/08/03 18:42:21.546, 34.97 W, 71, 64 %, 1820 MiB
2026/08/03 18:42:22.551, 75.93 W, 74, 45 %, 2994 MiB
2026/08/03 18:42:23.555, 78.62 W, 74, 94 %, 2994 MiB
2026/08/03 18:42:24.559, 74.98 W, 74, 92 %, 2994 MiB
2026/08/03 18:42:25.568, 76.98 W, 75, 94 %, 2994 MiB
2026/08/03 18:42:26.571, 74.02 W, 74, 93 %, 2994 MiB
2026/08/03 18:42:27.575, 75.38 W, 75, 94 %, 2994 MiB
2026/08/03 18:42:28.580, 73.31 W, 75, 93 %, 2994 MiB
2026/08/03 18:42:29.584, 76.30 W, 75, 94 %, 2994 MiB
2026/08/03 18:42:30.588, 73.35 W, 75, 93 %, 2994 MiB
2026/08/03 18:42:31.592, 73.70 W, 75, 94 %, 2994 MiB
2026/08/03 18:42:32.596, 76.02 W, 75, 93 %, 2994 MiB
2026/08/03 18:42:33.600, 75.69 W, 75, 93 %, 2994 MiB
2026/08/03 18:42:34.609, 78.30 W, 75, 94 %, 2994 MiB
2026/08/03 18:42:35.613, 75.30 W, 75, 93 %, 2994 MiB
2026/08/03 18:42:36.617, 79.43 W, 74, 94 %, 2994 MiB
2026/08/03 18:42:37.624, 74.92 W, 74, 93 %, 2994 MiB
2026/08/03 18:42:38.628, 79.59 W, 75, 94 %, 2994 MiB
2026/08/03 18:42:39.632, 74.42 W, 74, 93 %, 2994 MiB
2026/08/03 18:42:40.637, 77.96 W, 75, 95 %, 2994 MiB
2026/08/03 18:42:41.642, 34.46 W, 71, 92 %, 590 MiB
2026/08/03 18:42:42.645, 38.32 W, 71, 69 %, 1812 MiB
2026/08/03 18:42:43.649, 73.16 W, 74, 39 %, 2992 MiB
2026/08/03 18:42:44.654, 68.32 W, 75, 94 %, 2994 MiB
2026/08/03 18:42:45.658, 73.91 W, 75, 93 %, 2994 MiB
2026/08/03 18:42:46.665, 68.60 W, 75, 94 %, 2994 MiB
2026/08/03 18:42:47.669, 73.54 W, 75, 93 %, 2994 MiB
2026/08/03 18:42:48.673, 74.20 W, 74, 95 %, 2994 MiB
2026/08/03 18:42:49.678, 75.06 W, 74, 92 %, 2994 MiB
2026/08/03 18:42:50.683, 74.21 W, 74, 95 %, 2996 MiB
2026/08/03 18:42:51.687, 74.82 W, 74, 93 %, 2996 MiB
2026/08/03 18:42:52.691, 73.44 W, 75, 94 %, 3000 MiB
2026/08/03 18:42:53.696, 74.44 W, 74, 93 %, 3000 MiB
2026/08/03 18:42:54.700, 73.42 W, 74, 95 %, 3000 MiB
2026/08/03 18:42:55.710, 74.88 W, 75, 93 %, 3000 MiB
2026/08/03 18:42:56.714, 73.26 W, 74, 94 %, 3000 MiB
2026/08/03 18:42:57.717, 72.40 W, 75, 93 %, 3000 MiB
2026/08/03 18:42:58.722, 73.81 W, 74, 94 %, 3000 MiB
2026/08/03 18:42:59.726, 72.35 W, 75, 92 %, 3000 MiB
2026/08/03 18:43:00.730, 74.02 W, 75, 94 %, 3000 MiB
2026/08/03 18:43:01.735, 71.78 W, 75, 93 %, 3000 MiB
2026/08/03 18:43:02.739, 73.43 W, 75, 94 %, 3000 MiB
2026/08/03 18:43:03.743, 39.21 W, 74, 72 %, 1810 MiB
2026/08/03 18:43:04.747, 77.91 W, 74, 38 %, 2996 MiB
2026/08/03 18:43:05.752, 74.70 W, 74, 91 %, 2996 MiB
2026/08/03 18:43:06.756, 77.81 W, 74, 94 %, 2996 MiB
2026/08/03 18:43:07.762, 74.78 W, 74, 93 %, 2996 MiB
2026/08/03 18:43:08.767, 78.73 W, 75, 94 %, 2996 MiB
2026/08/03 18:43:09.773, 73.60 W, 74, 93 %, 2996 MiB
2026/08/03 18:43:10.779, 74.52 W, 75, 94 %, 2996 MiB
2026/08/03 18:43:11.783, 73.81 W, 74, 93 %, 2998 MiB
2026/08/03 18:43:12.787, 73.11 W, 75, 94 %, 2998 MiB
2026/08/03 18:43:13.791, 73.69 W, 75, 93 %, 2998 MiB
2026/08/03 18:43:14.795, 70.93 W, 75, 94 %, 2998 MiB
2026/08/03 18:43:15.800, 73.85 W, 75, 93 %, 2998 MiB
2026/08/03 18:43:16.804, 69.65 W, 75, 93 %, 3000 MiB
2026/08/03 18:43:17.807, 73.61 W, 75, 93 %, 3000 MiB
2026/08/03 18:43:18.811, 72.47 W, 75, 94 %, 3000 MiB
2026/08/03 18:43:19.815, 75.99 W, 75, 93 %, 3000 MiB
2026/08/03 18:43:20.820, 75.25 W, 75, 93 %, 3000 MiB
2026/08/03 18:43:21.825, 78.39 W, 75, 94 %, 3000 MiB
2026/08/03 18:43:22.829, 75.42 W, 75, 94 %, 3000 MiB
2026/08/03 18:43:23.838, 77.13 W, 74, 94 %, 3000 MiB
2026/08/03 18:43:24.844, 44.10 W, 72, 80 %, 1782 MiB
2026/08/03 18:43:25.848, 35.00 W, 70, 49 %, 1792 MiB
2026/08/03 18:43:26.851, 73.58 W, 73, 73 %, 2994 MiB
2026/08/03 18:43:27.855, 75.94 W, 75, 95 %, 2994 MiB
2026/08/03 18:43:28.859, 73.15 W, 74, 93 %, 2994 MiB
2026/08/03 18:43:29.864, 75.08 W, 75, 95 %, 2994 MiB
2026/08/03 18:43:30.868, 73.91 W, 75, 92 %, 2994 MiB
2026/08/03 18:43:31.871, 70.45 W, 75, 94 %, 2994 MiB
2026/08/03 18:43:32.876, 73.44 W, 75, 92 %, 2994 MiB
2026/08/03 18:43:33.880, 75.28 W, 75, 94 %, 2994 MiB
2026/08/03 18:43:34.885, 79.51 W, 75, 92 %, 2994 MiB
2026/08/03 18:43:35.890, 75.09 W, 74, 95 %, 2994 MiB
2026/08/03 18:43:36.894, 78.80 W, 74, 92 %, 2996 MiB
2026/08/03 18:43:37.900, 74.26 W, 74, 94 %, 2996 MiB
2026/08/03 18:43:38.907, 78.44 W, 75, 93 %, 2996 MiB
2026/08/03 18:43:39.911, 74.60 W, 74, 94 %, 2996 MiB
2026/08/03 18:43:40.914, 76.31 W, 75, 92 %, 2996 MiB
2026/08/03 18:43:41.923, 74.75 W, 74, 94 %, 2996 MiB
2026/08/03 18:43:42.928, 76.53 W, 75, 93 %, 2996 MiB
2026/08/03 18:43:43.932, 74.03 W, 74, 94 %, 2996 MiB
2026/08/03 18:43:44.937, 74.95 W, 75, 92 %, 2996 MiB
2026/08/03 18:43:45.943, 34.41 W, 71, 86 %, 2996 MiB
2026/08/03 18:43:46.946, 37.30 W, 71, 62 %, 1812 MiB
2026/08/03 18:43:47.949, 72.61 W, 74, 55 %, 2996 MiB
2026/08/03 18:43:48.957, 67.20 W, 74, 93 %, 2996 MiB
2026/08/03 18:43:49.961, 73.46 W, 74, 95 %, 2996 MiB
2026/08/03 18:43:50.965, 73.51 W, 74, 92 %, 2998 MiB
2026/08/03 18:43:51.970, 74.21 W, 74, 94 %, 2998 MiB
2026/08/03 18:43:52.976, 73.79 W, 74, 93 %, 2998 MiB
2026/08/03 18:43:53.980, 67.63 W, 75, 94 %, 2998 MiB
2026/08/03 18:43:54.984, 73.19 W, 73, 93 %, 2998 MiB
2026/08/03 18:43:55.988, 68.90 W, 75, 93 %, 2998 MiB
2026/08/03 18:43:56.992, 73.61 W, 75, 93 %, 2998 MiB
2026/08/03 18:43:57.997, 65.93 W, 75, 94 %, 2998 MiB
2026/08/03 18:43:59.000, 72.81 W, 75, 92 %, 2998 MiB
2026/08/03 18:44:00.005, 67.38 W, 75, 94 %, 2998 MiB
2026/08/03 18:44:01.009, 73.37 W, 75, 93 %, 2998 MiB
2026/08/03 18:44:02.014, 68.20 W, 75, 94 %, 2998 MiB
2026/08/03 18:44:03.019, 72.66 W, 75, 92 %, 2998 MiB
2026/08/03 18:44:04.024, 68.92 W, 74, 95 %, 2998 MiB
2026/08/03 18:44:05.028, 73.57 W, 74, 93 %, 2998 MiB
2026/08/03 18:44:06.036, 74.36 W, 74, 94 %, 2998 MiB
2026/08/03 18:44:07.040, 73.03 W, 74, 93 %, 2998 MiB
2026/08/03 18:44:08.045, 57.97 W, 71, 94 %, 1812 MiB
2026/08/03 18:44:09.048, 66.07 W, 74, 63 %, 2994 MiB
2026/08/03 18:44:10.052, 72.68 W, 74, 46 %, 3002 MiB
2026/08/03 18:44:11.056, 67.14 W, 75, 93 %, 3002 MiB
2026/08/03 18:44:12.063, 73.67 W, 75, 93 %, 3002 MiB
2026/08/03 18:44:13.066, 68.36 W, 75, 93 %, 3002 MiB
2026/08/03 18:44:14.070, 72.70 W, 75, 94 %, 3002 MiB
2026/08/03 18:44:15.075, 68.82 W, 74, 92 %, 3002 MiB
2026/08/03 18:44:16.079, 76.13 W, 74, 94 %, 3002 MiB
2026/08/03 18:44:17.084, 66.24 W, 74, 92 %, 3002 MiB
2026/08/03 18:44:18.088, 75.41 W, 74, 94 %, 3002 MiB
2026/08/03 18:44:19.092, 66.98 W, 73, 92 %, 3002 MiB
2026/08/03 18:44:20.098, 66.68 W, 75, 94 %, 3002 MiB
2026/08/03 18:44:21.102, 73.19 W, 74, 93 %, 3002 MiB
2026/08/03 18:44:22.106, 67.44 W, 75, 94 %, 3002 MiB
2026/08/03 18:44:23.111, 73.25 W, 75, 93 %, 3002 MiB
2026/08/03 18:44:24.116, 67.87 W, 75, 94 %, 3002 MiB
2026/08/03 18:44:25.120, 73.13 W, 75, 93 %, 3002 MiB
2026/08/03 18:44:26.125, 68.79 W, 75, 94 %, 3002 MiB
2026/08/03 18:44:27.129, 73.14 W, 75, 93 %, 3002 MiB
2026/08/03 18:44:28.134, 68.63 W, 75, 95 %, 3002 MiB
2026/08/03 18:44:29.141, 72.94 W, 72, 93 %, 1808 MiB
2026/08/03 18:44:30.144, 35.24 W, 70, 73 %, 1822 MiB
2026/08/03 18:44:31.147, 75.04 W, 74, 37 %, 2976 MiB
2026/08/03 18:44:32.159, 68.41 W, 74, 93 %, 2978 MiB
2026/08/03 18:44:33.165, 75.52 W, 74, 94 %, 2978 MiB
2026/08/03 18:44:34.168, 67.69 W, 74, 93 %, 2980 MiB
2026/08/03 18:44:35.172, 76.04 W, 75, 94 %, 2980 MiB
2026/08/03 18:44:36.176, 73.17 W, 73, 93 %, 2980 MiB
2026/08/03 18:44:37.180, 66.78 W, 75, 94 %, 2980 MiB
2026/08/03 18:44:38.185, 74.01 W, 75, 92 %, 2980 MiB
2026/08/03 18:44:39.191, 68.76 W, 75, 94 %, 2980 MiB
2026/08/03 18:44:40.194, 74.94 W, 75, 92 %, 2980 MiB
2026/08/03 18:44:41.201, 66.53 W, 75, 94 %, 2980 MiB
2026/08/03 18:44:42.205, 74.88 W, 75, 93 %, 2980 MiB
2026/08/03 18:44:43.210, 68.67 W, 75, 94 %, 2980 MiB
2026/08/03 18:44:44.213, 75.72 W, 75, 93 %, 2980 MiB
2026/08/03 18:44:45.218, 67.18 W, 74, 94 %, 2980 MiB
2026/08/03 18:44:46.222, 76.04 W, 74, 93 %, 2980 MiB
2026/08/03 18:44:47.231, 68.93 W, 74, 95 %, 2980 MiB
2026/08/03 18:44:48.234, 76.54 W, 75, 93 %, 2980 MiB
2026/08/03 18:44:49.239, 68.68 W, 74, 94 %, 2980 MiB
2026/08/03 18:44:50.248, 58.28 W, 72, 93 %, 2980 MiB
2026/08/03 18:44:51.250, 72.77 W, 71, 79 %, 1810 MiB
2026/08/03 18:44:52.254, 68.51 W, 74, 42 %, 2996 MiB
2026/08/03 18:44:53.258, 74.57 W, 75, 82 %, 2996 MiB
2026/08/03 18:44:54.262, 65.65 W, 75, 92 %, 2996 MiB
2026/08/03 18:44:55.266, 74.79 W, 75, 95 %, 2996 MiB
2026/08/03 18:44:56.271, 65.93 W, 74, 92 %, 3004 MiB
2026/08/03 18:44:57.275, 76.21 W, 75, 94 %, 3004 MiB
2026/08/03 18:44:58.280, 67.22 W, 74, 93 %, 3004 MiB
2026/08/03 18:44:59.285, 76.29 W, 75, 95 %, 3004 MiB
2026/08/03 18:45:00.290, 68.59 W, 74, 93 %, 3004 MiB
2026/08/03 18:45:01.295, 76.12 W, 74, 95 %, 3004 MiB
2026/08/03 18:45:02.304, 68.95 W, 74, 92 %, 3004 MiB
2026/08/03 18:45:03.308, 76.43 W, 74, 94 %, 3004 MiB
2026/08/03 18:45:04.312, 71.13 W, 73, 92 %, 3004 MiB
2026/08/03 18:45:05.317, 77.62 W, 75, 94 %, 3004 MiB
2026/08/03 18:45:06.322, 74.22 W, 74, 93 %, 3004 MiB
2026/08/03 18:45:07.326, 68.81 W, 75, 93 %, 3004 MiB
2026/08/03 18:45:08.332, 75.56 W, 75, 93 %, 3004 MiB
2026/08/03 18:45:09.335, 69.32 W, 75, 94 %, 3004 MiB
2026/08/03 18:45:10.339, 76.68 W, 75, 94 %, 3004 MiB
2026/08/03 18:45:11.345, 68.47 W, 74, 93 %, 3004 MiB
2026/08/03 18:45:12.349, 77.52 W, 73, 80 %, 1796 MiB
2026/08/03 18:45:13.353, 71.90 W, 73, 62 %, 2998 MiB
2026/08/03 18:45:14.358, 77.61 W, 74, 62 %, 2998 MiB
2026/08/03 18:45:15.367, 76.35 W, 74, 92 %, 2998 MiB
2026/08/03 18:45:16.371, 77.87 W, 74, 94 %, 2998 MiB
2026/08/03 18:45:17.375, 75.12 W, 73, 93 %, 2998 MiB
2026/08/03 18:45:18.383, 77.92 W, 74, 94 %, 2998 MiB
2026/08/03 18:45:19.386, 75.89 W, 73, 93 %, 2998 MiB
2026/08/03 18:45:20.390, 76.60 W, 75, 94 %, 2998 MiB
2026/08/03 18:45:21.394, 75.99 W, 74, 93 %, 2998 MiB
2026/08/03 18:45:22.397, 78.54 W, 75, 95 %, 2998 MiB
2026/08/03 18:45:23.401, 74.89 W, 75, 93 %, 2998 MiB
2026/08/03 18:45:24.405, 67.74 W, 75, 94 %, 2998 MiB
2026/08/03 18:45:25.408, 74.87 W, 75, 93 %, 2998 MiB
2026/08/03 18:45:26.414, 68.63 W, 75, 94 %, 2998 MiB
2026/08/03 18:45:27.418, 75.26 W, 75, 93 %, 3000 MiB
2026/08/03 18:45:28.422, 67.55 W, 74, 94 %, 3000 MiB
2026/08/03 18:45:29.430, 75.08 W, 75, 93 %, 3000 MiB
2026/08/03 18:45:30.434, 68.07 W, 74, 94 %, 3000 MiB
2026/08/03 18:45:31.438, 75.69 W, 74, 93 %, 3000 MiB
2026/08/03 18:45:32.445, 66.62 W, 74, 95 %, 3000 MiB
2026/08/03 18:45:33.450, 74.78 W, 73, 93 %, 1808 MiB
2026/08/03 18:45:34.453, 35.17 W, 69, 62 %, 1822 MiB
2026/08/03 18:45:35.456, 77.80 W, 74, 47 %, 3000 MiB
2026/08/03 18:45:36.461, 69.77 W, 73, 95 %, 3000 MiB
2026/08/03 18:45:37.466, 77.41 W, 74, 93 %, 3000 MiB
2026/08/03 18:45:38.470, 73.59 W, 73, 94 %, 3000 MiB
2026/08/03 18:45:39.473, 68.11 W, 75, 92 %, 3000 MiB
2026/08/03 18:45:40.477, 74.23 W, 75, 94 %, 3000 MiB
2026/08/03 18:45:41.483, 68.99 W, 75, 93 %, 3000 MiB
2026/08/03 18:45:42.488, 74.20 W, 75, 95 %, 3000 MiB
2026/08/03 18:45:43.492, 67.03 W, 74, 93 %, 3002 MiB
2026/08/03 18:45:44.496, 74.39 W, 75, 94 %, 3002 MiB
2026/08/03 18:45:45.500, 67.58 W, 75, 92 %, 3002 MiB
2026/08/03 18:45:46.506, 75.56 W, 75, 94 %, 3002 MiB
2026/08/03 18:45:47.511, 68.02 W, 74, 92 %, 3002 MiB
2026/08/03 18:45:48.515, 75.99 W, 74, 94 %, 3002 MiB
2026/08/03 18:45:49.519, 68.89 W, 74, 92 %, 3002 MiB
2026/08/03 18:45:50.523, 75.42 W, 74, 94 %, 3002 MiB
2026/08/03 18:45:51.527, 68.86 W, 74, 93 %, 3002 MiB
2026/08/03 18:45:52.533, 76.73 W, 75, 94 %, 3002 MiB
2026/08/03 18:45:53.537, 73.02 W, 73, 93 %, 3002 MiB
2026/08/03 18:45:54.541, 70.08 W, 73, 95 %, 3002 MiB
2026/08/03 18:45:55.546, 72.92 W, 71, 63 %, 1812 MiB
2026/08/03 18:45:56.549, 70.17 W, 74, 43 %, 2992 MiB
2026/08/03 18:45:57.553, 77.27 W, 74, 94 %, 2996 MiB
2026/08/03 18:45:58.559, 72.61 W, 74, 92 %, 2996 MiB
2026/08/03 18:45:59.563, 77.22 W, 74, 94 %, 2996 MiB
2026/08/03 18:46:00.567, 73.91 W, 74, 93 %, 2996 MiB
2026/08/03 18:46:01.574, 78.30 W, 74, 94 %, 2996 MiB
2026/08/03 18:46:02.578, 74.33 W, 73, 93 %, 2996 MiB
2026/08/03 18:46:03.583, 78.24 W, 74, 94 %, 2996 MiB
2026/08/03 18:46:04.587, 73.96 W, 73, 93 %, 2996 MiB
2026/08/03 18:46:05.591, 77.73 W, 75, 94 %, 2996 MiB
2026/08/03 18:46:06.594, 74.04 W, 75, 92 %, 2996 MiB
2026/08/03 18:46:07.601, 78.55 W, 75, 95 %, 2996 MiB
2026/08/03 18:46:08.605, 77.15 W, 75, 93 %, 2996 MiB
2026/08/03 18:46:09.608, 69.32 W, 75, 94 %, 2996 MiB
2026/08/03 18:46:10.612, 77.16 W, 75, 93 %, 3000 MiB
2026/08/03 18:46:11.617, 68.62 W, 75, 94 %, 3000 MiB
2026/08/03 18:46:12.623, 76.00 W, 75, 93 %, 3000 MiB
2026/08/03 18:46:13.628, 68.22 W, 74, 94 %, 3000 MiB
2026/08/03 18:46:14.632, 76.53 W, 74, 93 %, 3000 MiB
2026/08/03 18:46:15.636, 68.72 W, 74, 95 %, 3000 MiB
2026/08/03 18:46:16.641, 78.42 W, 74, 71 %, 1788 MiB
2026/08/03 18:46:17.645, 62.72 W, 72, 36 %, 2434 MiB
2026/08/03 18:46:18.649, 70.95 W, 74, 91 %, 2992 MiB
2026/08/03 18:46:19.654, 74.82 W, 75, 94 %, 2992 MiB
2026/08/03 18:46:20.657, 66.78 W, 74, 92 %, 2996 MiB
2026/08/03 18:46:21.661, 73.51 W, 74, 94 %, 2996 MiB
2026/08/03 18:46:22.665, 67.74 W, 74, 93 %, 2996 MiB
2026/08/03 18:46:23.669, 73.97 W, 74, 93 %, 2996 MiB
2026/08/03 18:46:24.674, 72.74 W, 74, 94 %, 2996 MiB
2026/08/03 18:46:25.677, 74.06 W, 74, 93 %, 2996 MiB
2026/08/03 18:46:26.684, 74.60 W, 74, 94 %, 2996 MiB
2026/08/03 18:46:27.689, 73.43 W, 74, 93 %, 2996 MiB
2026/08/03 18:46:28.693, 74.37 W, 74, 94 %, 2996 MiB
2026/08/03 18:46:29.698, 67.03 W, 75, 93 %, 2996 MiB
2026/08/03 18:46:30.701, 73.76 W, 75, 94 %, 2996 MiB
2026/08/03 18:46:31.707, 69.32 W, 75, 93 %, 2996 MiB
2026/08/03 18:46:32.716, 72.91 W, 75, 94 %, 2996 MiB
2026/08/03 18:46:33.721, 66.47 W, 74, 93 %, 2996 MiB
2026/08/03 18:46:34.725, 73.25 W, 74, 93 %, 2996 MiB
2026/08/03 18:46:35.733, 67.33 W, 74, 94 %, 2996 MiB
2026/08/03 18:46:36.737, 73.25 W, 74, 92 %, 2996 MiB
2026/08/03 18:46:37.742, 56.75 W, 73, 94 %, 1236 MiB
2026/08/03 18:46:38.746, 35.26 W, 70, 79 %, 1810 MiB
2026/08/03 18:46:39.750, 73.16 W, 72, 54 %, 3000 MiB
2026/08/03 18:46:40.754, 67.58 W, 74, 67 %, 3000 MiB
2026/08/03 18:46:41.759, 73.58 W, 73, 94 %, 3000 MiB
2026/08/03 18:46:42.763, 65.45 W, 74, 93 %, 3000 MiB
2026/08/03 18:46:43.767, 72.70 W, 74, 93 %, 3000 MiB
2026/08/03 18:46:44.771, 67.43 W, 75, 93 %, 3000 MiB
2026/08/03 18:46:45.775, 72.92 W, 75, 94 %, 3000 MiB
2026/08/03 18:46:46.778, 67.11 W, 74, 93 %, 3000 MiB
2026/08/03 18:46:47.784, 74.18 W, 74, 94 %, 3000 MiB
2026/08/03 18:46:48.788, 67.93 W, 74, 93 %, 3000 MiB
2026/08/03 18:46:49.792, 74.63 W, 74, 94 %, 3000 MiB
2026/08/03 18:46:50.800, 68.75 W, 74, 92 %, 3000 MiB
2026/08/03 18:46:51.804, 75.19 W, 74, 94 %, 3000 MiB
2026/08/03 18:46:52.807, 64.18 W, 74, 92 %, 3000 MiB
2026/08/03 18:46:53.814, 76.03 W, 74, 94 %, 3000 MiB
2026/08/03 18:46:54.818, 73.48 W, 73, 93 %, 3000 MiB
2026/08/03 18:46:55.823, 67.76 W, 75, 94 %, 3000 MiB
2026/08/03 18:46:56.827, 73.91 W, 73, 93 %, 3000 MiB
2026/08/03 18:46:57.830, 67.91 W, 74, 94 %, 3000 MiB
2026/08/03 18:46:58.834, 73.17 W, 73, 93 %, 3000 MiB
2026/08/03 18:46:59.843, 39.19 W, 73, 92 %, 1810 MiB
2026/08/03 18:47:00.847, 75.04 W, 74, 60 %, 2994 MiB
2026/08/03 18:47:01.851, 69.10 W, 74, 50 %, 2994 MiB
2026/08/03 18:47:02.856, 74.76 W, 74, 95 %, 2996 MiB
2026/08/03 18:47:03.860, 66.95 W, 74, 93 %, 2996 MiB
2026/08/03 18:47:04.865, 75.34 W, 74, 94 %, 3000 MiB
2026/08/03 18:47:05.870, 65.95 W, 74, 92 %, 3000 MiB
2026/08/03 18:47:06.875, 75.99 W, 74, 94 %, 3000 MiB
2026/08/03 18:47:07.879, 66.86 W, 73, 92 %, 3000 MiB
2026/08/03 18:47:08.885, 76.30 W, 74, 94 %, 3000 MiB
2026/08/03 18:47:09.888, 69.71 W, 73, 92 %, 3000 MiB
2026/08/03 18:47:10.892, 67.55 W, 75, 94 %, 3000 MiB
2026/08/03 18:47:11.897, 74.35 W, 74, 92 %, 3000 MiB
2026/08/03 18:47:12.901, 68.45 W, 75, 94 %, 3000 MiB
2026/08/03 18:47:13.904, 74.18 W, 75, 93 %, 3000 MiB
2026/08/03 18:47:14.908, 67.77 W, 74, 94 %, 3000 MiB
2026/08/03 18:47:15.912, 74.28 W, 75, 93 %, 3000 MiB
2026/08/03 18:47:16.920, 68.08 W, 74, 95 %, 3002 MiB
2026/08/03 18:47:17.926, 74.51 W, 75, 93 %, 3002 MiB
2026/08/03 18:47:18.930, 67.90 W, 74, 95 %, 3002 MiB
2026/08/03 18:47:19.936, 73.23 W, 75, 93 %, 3002 MiB
2026/08/03 18:47:20.940, 50.00 W, 73, 95 %, 1810 MiB
2026/08/03 18:47:21.945, 34.95 W, 70, 63 %, 1822 MiB
2026/08/03 18:47:22.949, 68.33 W, 74, 47 %, 2998 MiB
2026/08/03 18:47:23.956, 75.49 W, 74, 93 %, 2998 MiB
2026/08/03 18:47:24.961, 68.40 W, 74, 94 %, 2998 MiB
2026/08/03 18:47:25.965, 66.99 W, 74, 93 %, 2998 MiB
2026/08/03 18:47:26.971, 72.89 W, 73, 94 %, 2998 MiB
2026/08/03 18:47:27.976, 67.54 W, 74, 93 %, 2998 MiB
2026/08/03 18:47:28.980, 73.18 W, 73, 94 %, 2998 MiB
2026/08/03 18:47:29.986, 67.60 W, 75, 93 %, 2998 MiB
2026/08/03 18:47:30.990, 73.76 W, 74, 94 %, 2998 MiB
2026/08/03 18:47:31.994, 67.37 W, 74, 92 %, 2998 MiB
2026/08/03 18:47:33.001, 73.79 W, 75, 94 %, 2998 MiB
2026/08/03 18:47:34.007, 68.13 W, 74, 93 %, 2998 MiB
2026/08/03 18:47:35.010, 73.60 W, 74, 95 %, 2998 MiB
2026/08/03 18:47:36.014, 67.62 W, 74, 92 %, 2998 MiB
2026/08/03 18:47:37.018, 73.58 W, 75, 94 %, 2998 MiB
2026/08/03 18:47:38.024, 68.90 W, 75, 93 %, 2998 MiB
2026/08/03 18:47:39.028, 73.85 W, 74, 94 %, 2998 MiB
2026/08/03 18:47:40.033, 68.69 W, 75, 93 %, 2998 MiB
2026/08/03 18:47:41.039, 78.31 W, 74, 94 %, 2998 MiB
2026/08/03 18:47:42.043, 34.37 W, 74, 93 %, 1242 MiB
2026/08/03 18:47:43.047, 38.21 W, 70, 73 %, 1810 MiB
2026/08/03 18:47:44.050, 73.88 W, 73, 35 %, 2996 MiB
2026/08/03 18:47:45.055, 66.69 W, 74, 94 %, 2996 MiB
2026/08/03 18:47:46.059, 74.39 W, 73, 92 %, 2998 MiB
2026/08/03 18:47:47.064, 67.24 W, 75, 94 %, 2998 MiB
2026/08/03 18:47:48.068, 73.65 W, 75, 93 %, 2998 MiB
2026/08/03 18:47:49.072, 66.43 W, 74, 94 %, 2998 MiB
2026/08/03 18:47:50.077, 73.67 W, 74, 94 %, 2998 MiB
2026/08/03 18:47:51.081, 68.04 W, 74, 93 %, 2998 MiB
2026/08/03 18:47:52.085, 74.36 W, 74, 94 %, 2998 MiB
2026/08/03 18:47:53.089, 69.20 W, 74, 93 %, 2998 MiB
2026/08/03 18:47:54.093, 74.23 W, 74, 94 %, 2998 MiB
2026/08/03 18:47:55.100, 68.67 W, 74, 93 %, 2998 MiB
2026/08/03 18:47:56.103, 65.85 W, 74, 94 %, 2998 MiB
2026/08/03 18:47:57.107, 73.49 W, 73, 92 %, 2998 MiB
2026/08/03 18:47:58.114, 66.27 W, 75, 95 %, 2998 MiB
2026/08/03 18:47:59.117, 73.50 W, 73, 93 %, 2998 MiB
2026/08/03 18:48:00.121, 68.24 W, 74, 94 %, 2998 MiB
2026/08/03 18:48:01.127, 73.26 W, 75, 92 %, 2998 MiB
2026/08/03 18:48:02.132, 69.18 W, 75, 94 %, 2998 MiB
2026/08/03 18:48:03.135, 72.48 W, 75, 93 %, 2998 MiB
2026/08/03 18:48:04.142, 39.92 W, 73, 77 %, 1798 MiB
2026/08/03 18:48:05.147, 75.91 W, 73, 42 %, 2996 MiB
2026/08/03 18:48:06.151, 67.58 W, 74, 83 %, 2996 MiB
2026/08/03 18:48:07.155, 76.33 W, 74, 93 %, 2996 MiB
2026/08/03 18:48:08.159, 66.40 W, 74, 94 %, 2996 MiB
2026/08/03 18:48:09.162, 76.02 W, 74, 92 %, 2996 MiB
2026/08/03 18:48:10.171, 70.02 W, 73, 94 %, 2998 MiB
2026/08/03 18:48:11.174, 66.84 W, 75, 93 %, 2998 MiB
2026/08/03 18:48:12.177, 74.60 W, 74, 94 %, 2998 MiB
2026/08/03 18:48:13.184, 68.76 W, 74, 92 %, 2998 MiB
2026/08/03 18:48:14.188, 74.21 W, 75, 95 %, 2998 MiB
2026/08/03 18:48:15.191, 65.55 W, 74, 93 %, 2998 MiB
2026/08/03 18:48:16.199, 75.32 W, 74, 94 %, 2998 MiB
2026/08/03 18:48:17.202, 68.01 W, 75, 92 %, 2998 MiB
2026/08/03 18:48:18.206, 76.31 W, 75, 94 %, 2998 MiB
2026/08/03 18:48:19.213, 67.55 W, 74, 93 %, 2998 MiB
2026/08/03 18:48:20.217, 76.59 W, 74, 95 %, 2998 MiB
2026/08/03 18:48:21.221, 68.03 W, 74, 93 %, 2998 MiB
2026/08/03 18:48:22.229, 76.62 W, 74, 94 %, 2998 MiB
2026/08/03 18:48:23.234, 68.07 W, 74, 93 %, 2998 MiB
2026/08/03 18:48:24.238, 76.28 W, 74, 95 %, 2998 MiB
2026/08/03 18:48:25.243, 37.06 W, 71, 79 %, 1806 MiB
2026/08/03 18:48:26.248, 34.92 W, 69, 61 %, 1822 MiB
2026/08/03 18:48:27.250, 74.98 W, 73, 64 %, 2992 MiB
2026/08/03 18:48:28.255, 67.32 W, 74, 93 %, 2994 MiB
2026/08/03 18:48:29.259, 74.89 W, 75, 94 %, 2994 MiB
2026/08/03 18:48:30.262, 67.06 W, 74, 93 %, 2994 MiB
2026/08/03 18:48:31.267, 74.87 W, 75, 94 %, 2996 MiB
2026/08/03 18:48:32.272, 66.97 W, 75, 92 %, 2996 MiB
2026/08/03 18:48:33.275, 76.40 W, 74, 94 %, 2996 MiB
2026/08/03 18:48:34.284, 71.02 W, 74, 92 %, 2996 MiB
2026/08/03 18:48:35.288, 76.95 W, 74, 94 %, 2996 MiB
2026/08/03 18:48:36.293, 71.51 W, 74, 93 %, 2996 MiB
2026/08/03 18:48:37.300, 75.98 W, 74, 95 %, 2996 MiB
2026/08/03 18:48:38.305, 71.04 W, 74, 93 %, 2996 MiB
2026/08/03 18:48:39.309, 77.19 W, 74, 94 %, 3000 MiB
2026/08/03 18:48:40.314, 71.96 W, 73, 93 %, 3000 MiB
2026/08/03 18:48:41.317, 78.39 W, 75, 94 %, 3000 MiB
2026/08/03 18:48:42.321, 74.88 W, 75, 92 %, 3000 MiB
2026/08/03 18:48:43.327, 66.99 W, 74, 94 %, 3000 MiB
2026/08/03 18:48:44.330, 76.27 W, 75, 93 %, 3000 MiB
2026/08/03 18:48:45.338, 70.84 W, 74, 93 %, 3000 MiB
2026/08/03 18:48:46.342, 64.69 W, 71, 93 %, 3000 MiB
2026/08/03 18:48:47.345, 47.44 W, 70, 64 %, 1810 MiB
2026/08/03 18:48:48.350, 79.05 W, 73, 44 %, 2994 MiB
2026/08/03 18:48:49.354, 74.21 W, 73, 95 %, 2996 MiB
2026/08/03 18:48:50.359, 76.03 W, 74, 92 %, 2998 MiB
2026/08/03 18:48:51.363, 73.54 W, 73, 94 %, 2998 MiB
2026/08/03 18:48:52.367, 73.88 W, 74, 93 %, 2998 MiB
2026/08/03 18:48:53.371, 74.17 W, 75, 94 %, 2998 MiB
2026/08/03 18:48:54.376, 70.77 W, 75, 93 %, 2998 MiB
2026/08/03 18:48:55.380, 73.99 W, 75, 93 %, 2998 MiB
2026/08/03 18:48:56.384, 64.75 W, 74, 94 %, 2998 MiB
2026/08/03 18:48:57.389, 77.28 W, 74, 92 %, 2998 MiB
2026/08/03 18:48:58.393, 73.28 W, 74, 94 %, 2998 MiB
2026/08/03 18:48:59.397, 75.76 W, 74, 93 %, 2998 MiB
2026/08/03 18:49:00.403, 73.42 W, 74, 95 %, 2998 MiB
2026/08/03 18:49:01.408, 72.61 W, 74, 92 %, 2998 MiB
2026/08/03 18:49:02.412, 73.65 W, 73, 94 %, 2998 MiB
2026/08/03 18:49:03.417, 69.65 W, 74, 93 %, 2998 MiB
2026/08/03 18:49:04.421, 74.04 W, 73, 95 %, 2998 MiB
2026/08/03 18:49:05.425, 69.14 W, 75, 92 %, 2998 MiB
2026/08/03 18:49:06.429, 73.22 W, 75, 94 %, 2998 MiB
2026/08/03 18:49:07.432, 66.00 W, 75, 92 %, 2998 MiB
2026/08/03 18:49:08.436, 67.47 W, 71, 72 %, 1782 MiB
2026/08/03 18:49:09.443, 65.35 W, 73, 37 %, 2984 MiB
2026/08/03 18:49:10.447, 73.91 W, 74, 94 %, 2992 MiB
2026/08/03 18:49:11.452, 66.85 W, 74, 92 %, 2992 MiB
2026/08/03 18:49:12.458, 76.33 W, 74, 94 %, 2992 MiB
2026/08/03 18:49:13.462, 73.11 W, 73, 94 %, 2996 MiB
2026/08/03 18:49:14.466, 65.29 W, 74, 93 %, 2996 MiB
2026/08/03 18:49:15.471, 72.74 W, 74, 94 %, 2996 MiB
2026/08/03 18:49:16.475, 66.84 W, 75, 93 %, 2996 MiB
2026/08/03 18:49:17.478, 73.52 W, 75, 94 %, 2996 MiB
2026/08/03 18:49:18.483, 67.83 W, 75, 93 %, 2996 MiB
2026/08/03 18:49:19.487, 74.37 W, 75, 93 %, 2996 MiB
2026/08/03 18:49:20.490, 66.98 W, 74, 93 %, 2996 MiB
2026/08/03 18:49:21.494, 74.80 W, 74, 93 %, 2996 MiB
2026/08/03 18:49:22.498, 68.88 W, 74, 94 %, 2996 MiB
2026/08/03 18:49:23.504, 76.26 W, 74, 92 %, 2996 MiB
2026/08/03 18:49:24.510, 69.26 W, 74, 94 %, 2996 MiB
2026/08/03 18:49:25.514, 75.75 W, 74, 93 %, 2996 MiB
2026/08/03 18:49:26.521, 67.76 W, 74, 95 %, 2996 MiB
2026/08/03 18:49:27.526, 76.33 W, 74, 92 %, 2996 MiB
2026/08/03 18:49:28.530, 73.49 W, 73, 94 %, 2996 MiB
2026/08/03 18:49:29.536, 59.59 W, 74, 93 %, 1806 MiB
2026/08/03 18:49:30.539, 35.22 W, 69, 76 %, 1822 MiB
2026/08/03 18:49:31.542, 68.87 W, 74, 42 %, 2994 MiB
2026/08/03 18:49:32.546, 74.62 W, 74, 85 %, 2994 MiB
2026/08/03 18:49:33.550, 66.38 W, 74, 92 %, 2994 MiB
2026/08/03 18:49:34.554, 76.91 W, 74, 94 %, 2994 MiB
2026/08/03 18:49:35.559, 69.38 W, 74, 93 %, 2994 MiB
2026/08/03 18:49:36.563, 76.65 W, 74, 94 %, 2996 MiB
2026/08/03 18:49:37.567, 72.87 W, 73, 92 %, 2996 MiB
2026/08/03 18:49:38.574, 78.26 W, 74, 94 %, 2996 MiB
2026/08/03 18:49:39.578, 75.42 W, 73, 92 %, 2998 MiB
2026/08/03 18:49:40.581, 79.45 W, 75, 94 %, 2998 MiB
2026/08/03 18:49:41.587, 73.86 W, 75, 93 %, 2998 MiB
2026/08/03 18:49:42.592, 74.07 W, 75, 94 %, 2998 MiB
2026/08/03 18:49:43.596, 76.61 W, 75, 92 %, 2998 MiB
2026/08/03 18:49:44.603, 71.98 W, 74, 94 %, 2998 MiB
2026/08/03 18:49:45.607, 76.16 W, 75, 93 %, 2998 MiB
2026/08/03 18:49:46.612, 71.32 W, 75, 94 %, 2998 MiB
2026/08/03 18:49:47.618, 75.94 W, 75, 93 %, 2998 MiB
2026/08/03 18:49:48.622, 71.08 W, 74, 94 %, 2998 MiB
2026/08/03 18:49:49.626, 75.94 W, 74, 94 %, 2998 MiB
2026/08/03 18:49:50.635, 67.21 W, 75, 94 %, 2998 MiB
2026/08/03 18:49:51.639, 80.44 W, 74, 80 %, 1812 MiB
2026/08/03 18:49:52.643, 73.86 W, 72, 61 %, 2996 MiB
2026/08/03 18:49:53.649, 75.43 W, 74, 62 %, 2998 MiB
2026/08/03 18:49:54.653, 73.69 W, 74, 92 %, 2998 MiB
2026/08/03 18:49:55.656, 74.61 W, 74, 94 %, 2998 MiB
2026/08/03 18:49:56.664, 73.83 W, 74, 92 %, 2998 MiB
2026/08/03 18:49:57.668, 68.97 W, 75, 94 %, 2998 MiB
2026/08/03 18:49:58.672, 73.13 W, 75, 93 %, 2998 MiB
2026/08/03 18:49:59.680, 73.88 W, 74, 93 %, 2998 MiB
2026/08/03 18:50:00.684, 77.60 W, 74, 92 %, 2998 MiB
2026/08/03 18:50:01.688, 73.50 W, 74, 95 %, 2998 MiB
2026/08/03 18:50:02.696, 77.29 W, 74, 93 %, 2998 MiB
2026/08/03 18:50:03.701, 73.95 W, 74, 94 %, 2998 MiB
2026/08/03 18:50:04.705, 71.23 W, 74, 92 %, 2998 MiB
2026/08/03 18:50:05.712, 73.26 W, 73, 95 %, 2998 MiB
2026/08/03 18:50:06.721, 69.71 W, 74, 93 %, 2998 MiB
2026/08/03 18:50:07.725, 73.76 W, 73, 94 %, 3002 MiB
2026/08/03 18:50:08.728, 69.26 W, 75, 93 %, 3002 MiB
2026/08/03 18:50:09.735, 74.41 W, 74, 94 %, 3002 MiB
2026/08/03 18:50:10.738, 69.17 W, 75, 93 %, 3002 MiB
2026/08/03 18:50:11.742, 73.36 W, 75, 94 %, 3002 MiB
2026/08/03 18:50:12.749, 61.44 W, 74, 92 %, 1818 MiB
2026/08/03 18:50:13.754, 34.97 W, 71, 65 %, 1974 MiB
2026/08/03 18:50:14.758, 66.49 W, 74, 45 %, 2992 MiB
2026/08/03 18:50:15.763, 74.91 W, 74, 94 %, 2996 MiB
2026/08/03 18:50:16.773, 67.96 W, 74, 93 %, 2998 MiB
2026/08/03 18:50:17.777, 67.14 W, 74, 94 %, 2998 MiB
2026/08/03 18:50:18.782, 73.38 W, 73, 93 %, 2998 MiB
2026/08/03 18:50:19.788, 67.79 W, 74, 93 %, 2998 MiB
2026/08/03 18:50:20.792, 73.41 W, 73, 94 %, 2998 MiB
2026/08/03 18:50:21.795, 67.89 W, 74, 93 %, 3000 MiB
2026/08/03 18:50:22.799, 72.81 W, 75, 94 %, 3000 MiB
2026/08/03 18:50:23.805, 66.23 W, 74, 92 %, 3000 MiB
2026/08/03 18:50:24.809, 74.49 W, 75, 93 %, 3000 MiB
2026/08/03 18:50:25.817, 67.48 W, 74, 92 %, 3000 MiB
2026/08/03 18:50:26.821, 75.36 W, 74, 94 %, 3000 MiB
2026/08/03 18:50:27.825, 67.66 W, 74, 92 %, 3000 MiB
2026/08/03 18:50:28.831, 75.66 W, 74, 94 %, 3000 MiB
2026/08/03 18:50:29.836, 69.64 W, 74, 92 %, 3000 MiB
2026/08/03 18:50:30.840, 76.94 W, 74, 94 %, 3000 MiB
2026/08/03 18:50:31.846, 70.56 W, 73, 93 %, 3000 MiB
2026/08/03 18:50:32.849, 77.71 W, 75, 95 %, 3000 MiB
2026/08/03 18:50:33.853, 47.34 W, 71, 93 %, 2586 MiB
2026/08/03 18:50:34.856, 36.26 W, 70, 73 %, 1814 MiB
2026/08/03 18:50:35.860, 77.24 W, 74, 35 %, 3002 MiB
2026/08/03 18:50:36.864, 70.60 W, 74, 94 %, 3002 MiB
2026/08/03 18:50:37.869, 77.31 W, 74, 92 %, 3002 MiB
2026/08/03 18:50:38.874, 73.55 W, 74, 94 %, 3002 MiB
2026/08/03 18:50:39.878, 76.77 W, 74, 93 %, 3002 MiB
2026/08/03 18:50:40.883, 75.68 W, 74, 94 %, 3002 MiB
2026/08/03 18:50:41.887, 78.48 W, 74, 93 %, 3002 MiB
2026/08/03 18:50:42.891, 74.25 W, 73, 93 %, 3002 MiB
2026/08/03 18:50:43.897, 76.20 W, 74, 94 %, 3002 MiB
2026/08/03 18:50:44.901, 74.03 W, 74, 92 %, 3002 MiB
2026/08/03 18:50:45.904, 75.48 W, 74, 94 %, 3002 MiB
2026/08/03 18:50:46.912, 74.00 W, 75, 93 %, 3002 MiB
2026/08/03 18:50:47.916, 75.71 W, 74, 94 %, 3002 MiB
2026/08/03 18:50:48.920, 75.81 W, 75, 93 %, 3002 MiB
2026/08/03 18:50:49.926, 70.07 W, 74, 94 %, 3002 MiB
2026/08/03 18:50:50.931, 76.91 W, 75, 92 %, 3002 MiB
2026/08/03 18:50:51.935, 75.35 W, 74, 94 %, 3002 MiB
2026/08/03 18:50:52.939, 77.52 W, 74, 92 %, 3002 MiB
2026/08/03 18:50:53.944, 75.92 W, 74, 94 %, 3002 MiB
2026/08/03 18:50:54.949, 77.58 W, 74, 93 %, 3002 MiB
2026/08/03 18:50:55.953, 47.98 W, 70, 78 %, 1806 MiB
2026/08/03 18:50:56.956, 72.58 W, 74, 42 %, 2990 MiB
2026/08/03 18:50:57.961, 73.94 W, 73, 83 %, 2994 MiB
2026/08/03 18:50:58.965, 72.86 W, 74, 92 %, 2996 MiB
2026/08/03 18:50:59.968, 74.06 W, 75, 95 %, 2996 MiB
2026/08/03 18:51:00.972, 71.13 W, 74, 92 %, 2996 MiB
2026/08/03 18:51:01.976, 74.22 W, 75, 94 %, 2996 MiB
2026/08/03 18:51:02.981, 66.32 W, 74, 92 %, 2996 MiB
2026/08/03 18:51:03.985, 78.77 W, 74, 94 %, 2996 MiB
2026/08/03 18:51:04.990, 73.34 W, 74, 93 %, 2996 MiB
2026/08/03 18:51:05.994, 75.88 W, 74, 94 %, 2996 MiB
2026/08/03 18:51:07.002, 73.56 W, 74, 93 %, 2996 MiB
2026/08/03 18:51:08.006, 72.74 W, 74, 94 %, 2996 MiB
2026/08/03 18:51:09.010, 74.36 W, 73, 92 %, 2996 MiB
2026/08/03 18:51:10.016, 65.73 W, 75, 94 %, 2996 MiB
2026/08/03 18:51:11.020, 73.34 W, 74, 93 %, 2996 MiB
2026/08/03 18:51:12.024, 68.24 W, 75, 93 %, 2996 MiB
2026/08/03 18:51:13.028, 73.29 W, 75, 94 %, 2996 MiB
2026/08/03 18:51:14.032, 65.67 W, 74, 94 %, 2996 MiB
2026/08/03 18:51:15.036, 73.61 W, 75, 93 %, 2996 MiB
2026/08/03 18:51:16.042, 67.68 W, 75, 94 %, 2996 MiB
2026/08/03 18:51:17.046, 64.69 W, 72, 79 %, 1814 MiB
2026/08/03 18:51:18.049, 35.17 W, 69, 62 %, 1824 MiB
2026/08/03 18:51:19.052, 75.79 W, 74, 60 %, 2996 MiB
2026/08/03 18:51:20.056, 73.88 W, 73, 93 %, 2998 MiB
2026/08/03 18:51:21.060, 66.79 W, 74, 95 %, 2998 MiB
2026/08/03 18:51:22.064, 73.20 W, 73, 92 %, 2998 MiB
2026/08/03 18:51:23.067, 66.72 W, 74, 94 %, 2998 MiB
2026/08/03 18:51:24.071, 73.16 W, 75, 92 %, 2998 MiB
2026/08/03 18:51:25.075, 68.89 W, 75, 94 %, 2998 MiB
2026/08/03 18:51:26.079, 74.58 W, 75, 93 %, 2998 MiB
2026/08/03 18:51:27.084, 67.33 W, 75, 94 %, 2998 MiB
2026/08/03 18:51:28.093, 74.10 W, 74, 93 %, 2998 MiB
2026/08/03 18:51:29.098, 66.67 W, 74, 94 %, 3000 MiB
2026/08/03 18:51:30.102, 74.54 W, 74, 92 %, 3000 MiB
2026/08/03 18:51:31.109, 65.55 W, 74, 94 %, 3000 MiB
2026/08/03 18:51:32.113, 76.53 W, 74, 92 %, 3000 MiB
2026/08/03 18:51:33.118, 68.90 W, 73, 94 %, 3000 MiB
2026/08/03 18:51:34.125, 76.59 W, 74, 92 %, 3000 MiB
2026/08/03 18:51:35.128, 73.90 W, 74, 94 %, 3000 MiB
2026/08/03 18:51:36.132, 68.49 W, 75, 93 %, 3000 MiB
2026/08/03 18:51:37.138, 74.72 W, 74, 94 %, 3000 MiB
2026/08/03 18:51:38.142, 68.54 W, 74, 92 %, 3000 MiB
2026/08/03 18:51:39.146, 73.64 W, 72, 64 %, 1808 MiB
2026/08/03 18:51:40.152, 68.01 W, 73, 46 %, 2996 MiB
2026/08/03 18:51:41.157, 76.36 W, 74, 93 %, 2996 MiB
2026/08/03 18:51:42.161, 70.28 W, 74, 94 %, 2996 MiB
2026/08/03 18:51:43.167, 34.54 W, 70, 82 %, 2996 MiB
2026/08/03 18:51:44.170, 34.66 W, 68, 0 %, 2996 MiB
2026/08/03 18:51:45.173, 26.09 W, 67, 0 %, 2996 MiB
2026/08/03 18:51:46.176, 67.12 W, 73, 55 %, 2998 MiB
2026/08/03 18:51:47.179, 74.00 W, 74, 95 %, 2998 MiB
2026/08/03 18:51:48.188, 65.39 W, 73, 92 %, 2998 MiB
2026/08/03 18:51:49.192, 75.74 W, 73, 93 %, 2998 MiB
2026/08/03 18:51:50.197, 65.77 W, 73, 93 %, 2998 MiB
2026/08/03 18:51:51.203, 75.38 W, 74, 93 %, 2998 MiB
2026/08/03 18:51:52.208, 66.78 W, 73, 93 %, 2998 MiB
2026/08/03 18:51:53.213, 65.35 W, 74, 93 %, 2998 MiB
2026/08/03 18:51:54.219, 72.86 W, 73, 94 %, 2998 MiB
2026/08/03 18:51:55.223, 66.50 W, 74, 92 %, 2998 MiB
2026/08/03 18:51:56.226, 74.84 W, 74, 94 %, 2998 MiB
2026/08/03 18:51:57.231, 68.51 W, 74, 92 %, 2998 MiB
2026/08/03 18:51:58.235, 74.97 W, 74, 92 %, 2998 MiB
2026/08/03 18:51:59.240, 66.33 W, 74, 95 %, 2998 MiB
2026/08/03 18:52:00.247, 74.77 W, 74, 92 %, 2998 MiB
2026/08/03 18:52:01.251, 66.63 W, 74, 94 %, 2998 MiB
2026/08/03 18:52:02.255, 56.35 W, 71, 93 %, 2998 MiB
2026/08/03 18:52:03.258, 37.26 W, 70, 83 %, 1784 MiB
2026/08/03 18:52:04.262, 76.21 W, 73, 62 %, 2992 MiB
2026/08/03 18:52:05.266, 68.89 W, 73, 58 %, 2992 MiB
2026/08/03 18:52:06.280, 75.79 W, 73, 93 %, 2992 MiB
2026/08/03 18:52:07.288, 70.12 W, 72, 94 %, 2992 MiB
2026/08/03 18:52:08.293, 76.59 W, 74, 93 %, 2992 MiB
2026/08/03 18:52:09.297, 72.65 W, 73, 94 %, 2992 MiB
2026/08/03 18:52:10.304, 66.39 W, 74, 92 %, 2992 MiB
2026/08/03 18:52:11.308, 75.19 W, 74, 94 %, 2992 MiB
2026/08/03 18:52:12.313, 67.89 W, 74, 92 %, 2992 MiB
2026/08/03 18:52:13.317, 76.41 W, 74, 94 %, 2992 MiB
2026/08/03 18:52:14.322, 68.36 W, 74, 93 %, 2992 MiB
2026/08/03 18:52:15.325, 77.89 W, 74, 94 %, 2992 MiB
2026/08/03 18:52:16.330, 71.03 W, 73, 92 %, 2992 MiB
2026/08/03 18:52:17.334, 76.57 W, 74, 94 %, 2992 MiB
2026/08/03 18:52:18.340, 73.60 W, 73, 93 %, 2992 MiB
2026/08/03 18:52:19.344, 75.51 W, 74, 94 %, 2994 MiB
2026/08/03 18:52:20.349, 72.62 W, 73, 93 %, 2994 MiB
2026/08/03 18:52:21.356, 76.04 W, 74, 95 %, 2994 MiB
2026/08/03 18:52:22.359, 72.08 W, 73, 93 %, 2994 MiB
2026/08/03 18:52:23.363, 75.98 W, 74, 95 %, 2994 MiB
2026/08/03 18:52:24.367, 73.56 W, 71, 92 %, 1808 MiB
2026/08/03 18:52:25.370, 72.64 W, 73, 65 %, 2990 MiB
2026/08/03 18:52:26.374, 78.09 W, 74, 45 %, 2998 MiB
2026/08/03 18:52:27.383, 70.34 W, 74, 93 %, 2998 MiB
2026/08/03 18:52:28.387, 77.83 W, 74, 94 %, 2998 MiB
2026/08/03 18:52:29.391, 70.33 W, 73, 93 %, 2998 MiB
2026/08/03 18:52:30.397, 77.42 W, 74, 94 %, 2998 MiB
2026/08/03 18:52:31.402, 73.06 W, 73, 93 %, 2998 MiB
2026/08/03 18:52:32.406, 77.24 W, 74, 94 %, 2998 MiB
2026/08/03 18:52:33.412, 75.61 W, 73, 92 %, 3002 MiB
2026/08/03 18:52:34.418, 79.51 W, 74, 94 %, 3002 MiB
2026/08/03 18:52:35.422, 74.35 W, 73, 93 %, 3002 MiB
2026/08/03 18:52:36.427, 76.15 W, 74, 93 %, 3002 MiB
2026/08/03 18:52:37.433, 74.20 W, 74, 93 %, 3002 MiB
2026/08/03 18:52:38.436, 75.61 W, 74, 95 %, 3002 MiB
2026/08/03 18:52:39.440, 72.96 W, 74, 93 %, 3002 MiB
2026/08/03 18:52:40.444, 75.73 W, 74, 94 %, 3002 MiB
2026/08/03 18:52:41.448, 76.23 W, 74, 93 %, 3002 MiB
2026/08/03 18:52:42.454, 70.11 W, 74, 95 %, 3002 MiB
2026/08/03 18:52:43.462, 77.16 W, 74, 93 %, 3002 MiB
2026/08/03 18:52:44.466, 71.02 W, 74, 94 %, 3002 MiB
2026/08/03 18:52:45.470, 76.22 W, 72, 93 %, 1806 MiB
2026/08/03 18:52:46.474, 35.13 W, 69, 71 %, 1822 MiB
2026/08/03 18:52:47.477, 74.96 W, 73, 36 %, 2998 MiB
2026/08/03 18:52:48.481, 73.93 W, 73, 94 %, 2998 MiB
2026/08/03 18:52:49.486, 76.00 W, 74, 93 %, 2998 MiB
2026/08/03 18:52:50.490, 74.47 W, 73, 95 %, 3000 MiB
2026/08/03 18:52:51.494, 74.88 W, 74, 93 %, 3000 MiB
2026/08/03 18:52:52.498, 73.87 W, 73, 94 %, 3000 MiB
2026/08/03 18:52:53.502, 76.97 W, 74, 93 %, 3000 MiB
2026/08/03 18:52:54.506, 73.50 W, 75, 95 %, 3000 MiB
2026/08/03 18:52:55.510, 73.69 W, 74, 93 %, 3000 MiB
2026/08/03 18:52:56.513, 76.57 W, 74, 94 %, 3000 MiB
2026/08/03 18:52:57.519, 70.44 W, 74, 93 %, 3000 MiB
2026/08/03 18:52:58.523, 77.61 W, 74, 94 %, 3000 MiB
2026/08/03 18:52:59.527, 75.02 W, 74, 93 %, 3000 MiB
2026/08/03 18:53:00.533, 77.78 W, 74, 94 %, 3000 MiB
2026/08/03 18:53:01.539, 75.95 W, 74, 93 %, 3000 MiB
2026/08/03 18:53:02.543, 77.75 W, 74, 95 %, 3000 MiB
2026/08/03 18:53:03.549, 74.30 W, 74, 93 %, 3000 MiB
2026/08/03 18:53:04.553, 76.29 W, 74, 95 %, 3000 MiB
2026/08/03 18:53:05.557, 70.91 W, 74, 93 %, 3000 MiB
2026/08/03 18:53:06.565, 67.94 W, 72, 94 %, 3000 MiB
2026/08/03 18:53:07.568, 50.03 W, 70, 71 %, 1806 MiB
2026/08/03 18:53:08.571, 77.61 W, 74, 41 %, 2996 MiB
2026/08/03 18:53:09.575, 74.94 W, 73, 90 %, 2996 MiB
2026/08/03 18:53:10.579, 77.61 W, 74, 94 %, 2996 MiB
2026/08/03 18:53:11.582, 74.94 W, 74, 93 %, 2996 MiB
2026/08/03 18:53:12.588, 67.76 W, 74, 94 %, 2996 MiB
2026/08/03 18:53:13.592, 75.07 W, 74, 93 %, 2996 MiB
2026/08/03 18:53:14.597, 65.39 W, 74, 95 %, 2996 MiB
2026/08/03 18:53:15.602, 76.03 W, 74, 92 %, 2996 MiB
2026/08/03 18:53:16.606, 69.04 W, 74, 94 %, 2996 MiB
2026/08/03 18:53:17.610, 75.24 W, 74, 93 %, 2998 MiB
2026/08/03 18:53:18.614, 66.79 W, 74, 94 %, 2998 MiB
2026/08/03 18:53:19.618, 76.84 W, 74, 93 %, 2998 MiB
2026/08/03 18:53:20.624, 70.28 W, 74, 94 %, 2998 MiB
2026/08/03 18:53:21.628, 76.91 W, 74, 93 %, 2998 MiB
2026/08/03 18:53:22.632, 72.14 W, 73, 93 %, 2998 MiB
2026/08/03 18:53:23.641, 76.07 W, 74, 94 %, 2998 MiB
2026/08/03 18:53:24.645, 71.68 W, 73, 93 %, 2998 MiB
2026/08/03 18:53:25.648, 77.09 W, 74, 95 %, 2998 MiB
2026/08/03 18:53:26.653, 73.38 W, 73, 93 %, 2998 MiB
2026/08/03 18:53:27.657, 67.50 W, 74, 94 %, 2998 MiB
2026/08/03 18:53:28.661, 73.07 W, 71, 78 %, 1810 MiB
2026/08/03 18:53:29.666, 66.53 W, 73, 50 %, 2996 MiB
2026/08/03 18:53:30.670, 75.59 W, 74, 72 %, 2996 MiB
2026/08/03 18:53:31.674, 66.68 W, 74, 94 %, 2996 MiB
2026/08/03 18:53:32.678, 75.62 W, 74, 93 %, 2996 MiB
2026/08/03 18:53:33.682, 68.51 W, 74, 94 %, 2996 MiB
2026/08/03 18:53:34.686, 76.57 W, 74, 92 %, 2996 MiB
2026/08/03 18:53:35.695, 69.38 W, 74, 94 %, 2996 MiB
2026/08/03 18:53:36.700, 77.76 W, 74, 92 %, 2996 MiB
2026/08/03 18:53:37.704, 71.23 W, 73, 94 %, 2996 MiB
2026/08/03 18:53:38.708, 77.55 W, 74, 93 %, 2998 MiB
2026/08/03 18:53:39.712, 71.75 W, 73, 94 %, 2998 MiB
2026/08/03 18:53:40.716, 77.90 W, 75, 93 %, 2998 MiB
2026/08/03 18:53:41.722, 71.18 W, 73, 94 %, 2998 MiB
2026/08/03 18:53:42.726, 67.19 W, 74, 93 %, 2998 MiB
2026/08/03 18:53:43.730, 74.34 W, 74, 94 %, 3000 MiB
2026/08/03 18:53:44.733, 66.10 W, 74, 93 %, 3000 MiB
2026/08/03 18:53:45.737, 74.68 W, 74, 94 %, 3000 MiB
2026/08/03 18:53:46.741, 66.80 W, 74, 93 %, 3000 MiB
2026/08/03 18:53:47.745, 74.68 W, 75, 94 %, 3000 MiB
2026/08/03 18:53:48.749, 68.43 W, 75, 93 %, 3000 MiB
2026/08/03 18:53:49.755, 73.86 W, 72, 85 %, 1800 MiB
2026/08/03 18:53:50.759, 35.16 W, 69, 61 %, 1808 MiB
2026/08/03 18:53:51.762, 78.11 W, 74, 54 %, 3014 MiB
2026/08/03 18:53:52.765, 74.93 W, 73, 92 %, 3014 MiB
2026/08/03 18:53:53.768, 76.44 W, 74, 94 %, 3014 MiB
2026/08/03 18:53:54.773, 73.48 W, 75, 93 %, 3014 MiB
2026/08/03 18:53:55.780, 74.39 W, 74, 94 %, 3014 MiB
2026/08/03 18:53:56.784, 77.73 W, 74, 94 %, 3014 MiB
2026/08/03 18:53:57.788, 72.65 W, 74, 93 %, 3014 MiB
2026/08/03 18:53:58.796, 76.43 W, 74, 94 %, 3014 MiB
2026/08/03 18:53:59.800, 74.93 W, 74, 93 %, 3014 MiB
2026/08/03 18:54:00.803, 77.29 W, 74, 94 %, 3014 MiB
2026/08/03 18:54:01.808, 75.51 W, 74, 92 %, 3014 MiB
2026/08/03 18:54:02.812, 79.13 W, 74, 94 %, 3014 MiB
2026/08/03 18:54:03.818, 74.29 W, 74, 93 %, 3014 MiB
2026/08/03 18:54:04.825, 78.96 W, 74, 95 %, 3014 MiB
2026/08/03 18:54:05.829, 74.07 W, 73, 92 %, 3014 MiB
2026/08/03 18:54:06.833, 77.54 W, 74, 94 %, 3016 MiB
2026/08/03 18:54:07.839, 74.10 W, 73, 94 %, 3016 MiB
2026/08/03 18:54:08.842, 78.60 W, 75, 95 %, 3016 MiB
2026/08/03 18:54:09.846, 73.61 W, 74, 93 %, 3016 MiB
2026/08/03 18:54:10.850, 75.65 W, 74, 94 %, 3016 MiB
2026/08/03 18:54:11.853, 77.74 W, 71, 62 %, 1810 MiB
2026/08/03 18:54:12.858, 74.36 W, 73, 44 %, 2998 MiB
2026/08/03 18:54:13.866, 76.11 W, 74, 93 %, 2998 MiB
2026/08/03 18:54:14.871, 73.73 W, 74, 94 %, 2998 MiB
2026/08/03 18:54:15.876, 72.42 W, 74, 92 %, 3000 MiB
2026/08/03 18:54:16.882, 73.42 W, 74, 95 %, 3000 MiB
2026/08/03 18:54:17.886, 76.14 W, 74, 93 %, 3000 MiB
2026/08/03 18:54:18.890, 74.02 W, 73, 94 %, 3000 MiB
2026/08/03 18:54:19.900, 74.05 W, 74, 93 %, 3000 MiB
2026/08/03 18:54:20.904, 74.07 W, 73, 95 %, 3000 MiB
2026/08/03 18:54:21.908, 73.66 W, 74, 93 %, 3000 MiB
2026/08/03 18:54:22.913, 73.82 W, 73, 95 %, 3000 MiB
2026/08/03 18:54:23.917, 76.75 W, 74, 93 %, 3000 MiB
2026/08/03 18:54:24.921, 73.75 W, 74, 94 %, 3000 MiB
2026/08/03 18:54:25.927, 74.10 W, 74, 93 %, 3000 MiB
2026/08/03 18:54:26.930, 73.71 W, 74, 94 %, 3000 MiB
2026/08/03 18:54:27.936, 71.52 W, 74, 93 %, 3000 MiB
2026/08/03 18:54:28.940, 76.02 W, 74, 94 %, 3000 MiB
2026/08/03 18:54:29.944, 73.84 W, 74, 93 %, 3000 MiB
2026/08/03 18:54:30.950, 76.41 W, 74, 95 %, 3000 MiB
2026/08/03 18:54:31.954, 73.96 W, 74, 92 %, 3000 MiB
2026/08/03 18:54:32.958, 78.64 W, 73, 74 %, 1812 MiB
2026/08/03 18:54:33.965, 64.55 W, 72, 36 %, 2996 MiB
2026/08/03 18:54:34.973, 74.37 W, 74, 94 %, 2996 MiB
2026/08/03 18:54:35.977, 73.86 W, 73, 93 %, 2996 MiB
2026/08/03 18:54:36.982, 69.49 W, 74, 93 %, 2998 MiB
2026/08/03 18:54:37.988, 73.30 W, 74, 93 %, 2998 MiB
2026/08/03 18:54:38.992, 68.05 W, 74, 94 %, 2998 MiB
2026/08/03 18:54:39.996, 72.33 W, 74, 93 %, 2998 MiB
2026/08/03 18:54:41.001, 66.61 W, 74, 94 %, 2998 MiB
2026/08/03 18:54:42.005, 73.28 W, 74, 92 %, 2998 MiB
2026/08/03 18:54:43.012, 66.54 W, 74, 95 %, 2998 MiB
2026/08/03 18:54:44.015, 76.99 W, 74, 92 %, 2998 MiB
2026/08/03 18:54:45.020, 74.06 W, 74, 94 %, 2998 MiB
2026/08/03 18:54:46.024, 76.49 W, 74, 93 %, 2998 MiB
2026/08/03 18:54:47.029, 73.39 W, 74, 94 %, 2998 MiB
2026/08/03 18:54:48.033, 71.33 W, 74, 92 %, 2998 MiB
2026/08/03 18:54:49.039, 74.33 W, 73, 94 %, 2998 MiB
2026/08/03 18:54:50.045, 74.85 W, 74, 93 %, 2998 MiB
2026/08/03 18:54:51.049, 73.54 W, 73, 95 %, 2998 MiB
2026/08/03 18:54:52.054, 74.47 W, 75, 93 %, 2998 MiB
2026/08/03 18:54:53.059, 74.20 W, 74, 94 %, 2998 MiB
2026/08/03 18:54:54.062, 76.39 W, 73, 92 %, 1212 MiB
2026/08/03 18:54:55.067, 35.10 W, 70, 78 %, 1782 MiB
2026/08/03 18:54:56.071, 66.57 W, 74, 42 %, 2988 MiB
2026/08/03 18:54:57.075, 73.37 W, 74, 82 %, 2992 MiB
2026/08/03 18:54:58.079, 66.70 W, 74, 92 %, 2992 MiB
2026/08/03 18:54:59.087, 73.40 W, 74, 94 %, 2992 MiB
2026/08/03 18:55:00.092, 74.02 W, 74, 93 %, 2992 MiB
2026/08/03 18:55:01.095, 68.23 W, 74, 94 %, 2992 MiB
2026/08/03 18:55:02.104, 73.20 W, 73, 92 %, 2992 MiB
2026/08/03 18:55:03.110, 64.67 W, 74, 94 %, 2992 MiB
2026/08/03 18:55:04.113, 73.06 W, 73, 92 %, 2992 MiB
2026/08/03 18:55:05.119, 66.72 W, 74, 94 %, 2992 MiB
2026/08/03 18:55:06.123, 73.26 W, 74, 93 %, 2992 MiB
2026/08/03 18:55:07.126, 68.29 W, 75, 95 %, 2992 MiB
2026/08/03 18:55:08.132, 73.35 W, 74, 93 %, 2992 MiB
2026/08/03 18:55:09.136, 66.69 W, 74, 94 %, 2992 MiB
2026/08/03 18:55:10.141, 73.28 W, 74, 93 %, 2992 MiB
2026/08/03 18:55:11.149, 67.19 W, 74, 94 %, 2992 MiB
2026/08/03 18:55:12.153, 73.24 W, 74, 94 %, 2992 MiB
2026/08/03 18:55:13.157, 67.41 W, 74, 94 %, 2992 MiB
2026/08/03 18:55:14.161, 73.04 W, 74, 93 %, 2992 MiB
2026/08/03 18:55:15.166, 69.88 W, 75, 94 %, 2992 MiB
2026/08/03 18:55:16.170, 57.71 W, 74, 79 %, 1808 MiB
2026/08/03 18:55:17.178, 73.77 W, 73, 61 %, 2996 MiB
2026/08/03 18:55:18.187, 68.06 W, 74, 63 %, 2996 MiB
2026/08/03 18:55:19.192, 72.58 W, 73, 93 %, 3000 MiB
2026/08/03 18:55:20.195, 66.36 W, 74, 94 %, 3000 MiB
2026/08/03 18:55:21.202, 72.91 W, 74, 93 %, 3000 MiB
2026/08/03 18:55:22.206, 65.78 W, 74, 94 %, 3000 MiB
2026/08/03 18:55:23.210, 73.35 W, 75, 92 %, 3000 MiB
2026/08/03 18:55:24.216, 67.57 W, 74, 94 %, 3000 MiB
2026/08/03 18:55:25.220, 73.38 W, 74, 93 %, 3000 MiB
2026/08/03 18:55:26.225, 67.04 W, 74, 94 %, 3000 MiB
2026/08/03 18:55:27.228, 72.74 W, 75, 92 %, 3000 MiB
2026/08/03 18:55:28.233, 68.74 W, 74, 95 %, 3000 MiB
2026/08/03 18:55:29.238, 72.79 W, 74, 93 %, 3000 MiB
2026/08/03 18:55:30.244, 67.65 W, 74, 94 %, 3000 MiB
2026/08/03 18:55:31.248, 74.60 W, 74, 93 %, 3000 MiB
2026/08/03 18:55:32.254, 73.97 W, 74, 94 %, 3000 MiB
2026/08/03 18:55:33.258, 66.46 W, 74, 93 %, 3000 MiB
2026/08/03 18:55:34.262, 73.86 W, 73, 94 %, 3000 MiB
2026/08/03 18:55:35.270, 70.88 W, 74, 93 %, 3000 MiB
2026/08/03 18:55:36.274, 73.59 W, 73, 95 %, 3000 MiB
2026/08/03 18:55:37.278, 63.44 W, 73, 92 %, 1808 MiB
2026/08/03 18:55:38.283, 39.75 W, 72, 63 %, 2428 MiB
2026/08/03 18:55:39.289, 67.83 W, 74, 45 %, 2998 MiB
2026/08/03 18:55:40.293, 73.47 W, 74, 94 %, 2998 MiB
2026/08/03 18:55:41.296, 67.76 W, 74, 93 %, 2998 MiB
2026/08/03 18:55:42.300, 71.96 W, 74, 94 %, 2998 MiB
2026/08/03 18:55:43.304, 67.74 W, 74, 93 %, 2998 MiB
2026/08/03 18:55:44.308, 73.39 W, 74, 94 %, 2998 MiB
2026/08/03 18:55:45.316, 66.48 W, 74, 93 %, 2998 MiB
2026/08/03 18:55:46.320, 74.54 W, 74, 94 %, 3000 MiB
2026/08/03 18:55:47.325, 68.22 W, 74, 92 %, 3000 MiB
2026/08/03 18:55:48.330, 74.04 W, 74, 95 %, 3000 MiB
2026/08/03 18:55:49.334, 72.78 W, 73, 92 %, 3000 MiB
2026/08/03 18:55:50.339, 65.03 W, 74, 94 %, 3000 MiB
2026/08/03 18:55:51.344, 74.01 W, 73, 92 %, 3000 MiB
2026/08/03 18:55:52.348, 67.93 W, 74, 94 %, 3000 MiB
2026/08/03 18:55:53.352, 73.47 W, 74, 92 %, 3000 MiB
2026/08/03 18:55:54.356, 67.49 W, 75, 94 %, 3000 MiB
2026/08/03 18:55:55.361, 72.97 W, 75, 93 %, 3000 MiB
2026/08/03 18:55:56.364, 66.82 W, 74, 94 %, 3000 MiB
2026/08/03 18:55:57.368, 73.12 W, 74, 93 %, 3000 MiB
2026/08/03 18:55:58.372, 61.86 W, 74, 95 %, 1242 MiB
2026/08/03 18:55:59.377, 35.12 W, 70, 65 %, 1810 MiB
2026/08/03 18:56:00.380, 67.65 W, 73, 45 %, 2994 MiB
2026/08/03 18:56:01.384, 73.92 W, 74, 93 %, 2994 MiB
2026/08/03 18:56:02.390, 67.78 W, 74, 94 %, 2996 MiB
2026/08/03 18:56:03.394, 68.38 W, 74, 93 %, 2996 MiB
2026/08/03 18:56:04.399, 74.10 W, 74, 94 %, 2996 MiB
2026/08/03 18:56:05.404, 68.56 W, 74, 93 %, 2996 MiB
2026/08/03 18:56:06.409, 73.40 W, 73, 94 %, 2998 MiB
2026/08/03 18:56:07.413, 68.97 W, 74, 93 %, 2998 MiB
2026/08/03 18:56:08.419, 73.76 W, 73, 94 %, 2998 MiB
2026/08/03 18:56:09.422, 68.00 W, 75, 93 %, 2998 MiB
2026/08/03 18:56:10.426, 72.80 W, 74, 93 %, 3000 MiB
2026/08/03 18:56:11.433, 65.30 W, 74, 94 %, 3000 MiB
2026/08/03 18:56:12.437, 73.77 W, 74, 93 %, 3000 MiB
2026/08/03 18:56:13.441, 65.71 W, 74, 95 %, 3000 MiB
2026/08/03 18:56:14.446, 73.18 W, 74, 93 %, 3000 MiB
2026/08/03 18:56:15.449, 66.36 W, 74, 93 %, 3000 MiB
2026/08/03 18:56:16.453, 72.44 W, 74, 93 %, 3000 MiB
2026/08/03 18:56:17.458, 67.55 W, 74, 95 %, 3000 MiB
2026/08/03 18:56:18.462, 72.68 W, 74, 93 %, 3000 MiB
2026/08/03 18:56:19.468, 73.89 W, 74, 94 %, 3000 MiB
2026/08/03 18:56:20.475, 58.38 W, 74, 72 %, 1808 MiB
2026/08/03 18:56:21.478, 73.71 W, 72, 37 %, 2996 MiB
2026/08/03 18:56:22.482, 67.67 W, 74, 92 %, 2998 MiB
2026/08/03 18:56:23.486, 73.19 W, 73, 95 %, 2998 MiB
2026/08/03 18:56:24.490, 65.65 W, 74, 93 %, 2998 MiB
2026/08/03 18:56:25.494, 72.86 W, 74, 94 %, 2998 MiB
2026/08/03 18:56:26.501, 67.90 W, 74, 93 %, 2998 MiB
2026/08/03 18:56:27.505, 72.98 W, 75, 95 %, 2998 MiB
2026/08/03 18:56:28.509, 67.81 W, 74, 92 %, 2998 MiB
2026/08/03 18:56:29.514, 72.90 W, 74, 95 %, 2998 MiB
2026/08/03 18:56:30.519, 67.66 W, 74, 93 %, 2998 MiB
2026/08/03 18:56:31.523, 72.99 W, 74, 94 %, 2998 MiB
2026/08/03 18:56:32.529, 67.92 W, 74, 93 %, 2998 MiB
2026/08/03 18:56:33.532, 72.97 W, 74, 94 %, 2998 MiB
2026/08/03 18:56:34.536, 73.69 W, 74, 93 %, 2998 MiB
2026/08/03 18:56:35.543, 78.68 W, 74, 95 %, 2998 MiB
2026/08/03 18:56:36.548, 73.89 W, 74, 93 %, 2998 MiB
2026/08/03 18:56:37.552, 78.33 W, 74, 94 %, 2998 MiB
2026/08/03 18:56:38.559, 73.91 W, 74, 93 %, 2998 MiB
2026/08/03 18:56:39.564, 78.26 W, 74, 94 %, 2998 MiB
2026/08/03 18:56:40.568, 74.08 W, 74, 93 %, 2998 MiB
2026/08/03 18:56:41.574, 75.27 W, 74, 79 %, 1796 MiB
2026/08/03 18:56:42.578, 57.75 W, 71, 42 %, 2450 MiB
2026/08/03 18:56:43.581, 70.80 W, 74, 82 %, 3020 MiB
2026/08/03 18:56:44.586, 73.33 W, 74, 93 %, 3020 MiB
2026/08/03 18:56:45.589, 71.84 W, 74, 95 %, 3020 MiB
2026/08/03 18:56:46.593, 73.85 W, 75, 92 %, 3020 MiB
2026/08/03 18:56:47.597, 70.38 W, 75, 94 %, 3020 MiB
2026/08/03 18:56:48.600, 73.85 W, 75, 92 %, 3020 MiB
2026/08/03 18:56:49.606, 75.45 W, 74, 95 %, 3020 MiB
2026/08/03 18:56:50.609, 76.83 W, 74, 93 %, 3020 MiB
2026/08/03 18:56:51.614, 74.02 W, 74, 94 %, 3020 MiB
2026/08/03 18:56:52.618, 76.13 W, 74, 93 %, 3020 MiB
2026/08/03 18:56:53.622, 73.16 W, 74, 94 %, 3020 MiB
2026/08/03 18:56:54.628, 79.65 W, 74, 92 %, 3020 MiB
2026/08/03 18:56:55.634, 74.54 W, 74, 94 %, 3020 MiB
2026/08/03 18:56:56.637, 76.39 W, 74, 92 %, 3020 MiB
2026/08/03 18:56:57.641, 73.02 W, 73, 95 %, 3020 MiB
2026/08/03 18:56:58.645, 76.87 W, 74, 93 %, 3020 MiB
2026/08/03 18:56:59.649, 75.09 W, 73, 95 %, 3020 MiB
2026/08/03 18:57:00.655, 78.88 W, 75, 93 %, 3020 MiB
2026/08/03 18:57:01.660, 75.55 W, 74, 94 %, 3020 MiB
2026/08/03 18:57:02.664, 78.10 W, 73, 80 %, 1810 MiB
2026/08/03 18:57:03.670, 35.15 W, 69, 57 %, 1822 MiB
2026/08/03 18:57:04.673, 73.85 W, 74, 65 %, 2994 MiB
2026/08/03 18:57:05.677, 77.90 W, 74, 94 %, 2998 MiB
2026/08/03 18:57:06.683, 72.09 W, 74, 93 %, 2998 MiB
2026/08/03 18:57:07.688, 75.81 W, 74, 94 %, 2998 MiB
2026/08/03 18:57:08.692, 72.43 W, 74, 93 %, 2998 MiB
2026/08/03 18:57:09.696, 76.52 W, 74, 93 %, 3000 MiB
2026/08/03 18:57:10.702, 75.37 W, 74, 93 %, 3000 MiB
2026/08/03 18:57:11.706, 77.46 W, 74, 94 %, 3000 MiB
2026/08/03 18:57:12.711, 75.07 W, 73, 93 %, 3000 MiB
2026/08/03 18:57:13.717, 77.74 W, 74, 94 %, 3000 MiB
2026/08/03 18:57:14.721, 74.84 W, 73, 94 %, 3000 MiB
2026/08/03 18:57:15.727, 76.31 W, 74, 93 %, 3000 MiB
2026/08/03 18:57:16.734, 73.43 W, 74, 94 %, 3000 MiB
2026/08/03 18:57:17.737, 74.55 W, 75, 93 %, 3000 MiB
2026/08/03 18:57:18.741, 72.72 W, 75, 93 %, 3000 MiB
2026/08/03 18:57:19.748, 74.62 W, 75, 95 %, 3000 MiB
2026/08/03 18:57:20.751, 73.94 W, 74, 93 %, 3000 MiB
2026/08/03 18:57:21.755, 67.74 W, 75, 95 %, 3000 MiB
2026/08/03 18:57:22.762, 76.21 W, 74, 93 %, 3000 MiB
2026/08/03 18:57:23.767, 67.75 W, 74, 94 %, 3000 MiB
2026/08/03 18:57:24.771, 80.62 W, 73, 92 %, 1808 MiB
2026/08/03 18:57:25.775, 74.41 W, 73, 60 %, 2996 MiB
2026/08/03 18:57:26.781, 76.89 W, 74, 48 %, 2998 MiB
2026/08/03 18:57:27.786, 76.30 W, 74, 95 %, 2998 MiB
2026/08/03 18:57:28.790, 78.23 W, 74, 93 %, 2998 MiB
2026/08/03 18:57:29.799, 73.72 W, 73, 94 %, 2998 MiB
2026/08/03 18:57:30.803, 74.23 W, 74, 92 %, 2998 MiB
2026/08/03 18:57:31.807, 73.72 W, 74, 94 %, 2998 MiB
2026/08/03 18:57:32.812, 73.72 W, 74, 92 %, 3000 MiB
2026/08/03 18:57:33.816, 73.05 W, 75, 94 %, 3000 MiB
2026/08/03 18:57:34.819, 70.63 W, 74, 93 %, 3000 MiB
2026/08/03 18:57:35.823, 73.47 W, 74, 94 %, 3000 MiB
2026/08/03 18:57:36.828, 74.47 W, 74, 93 %, 3000 MiB
2026/08/03 18:57:37.834, 77.83 W, 74, 94 %, 3000 MiB
2026/08/03 18:57:38.840, 75.52 W, 74, 93 %, 3000 MiB
2026/08/03 18:57:39.843, 78.67 W, 74, 94 %, 3000 MiB
2026/08/03 18:57:40.852, 73.75 W, 74, 92 %, 3000 MiB
2026/08/03 18:57:41.856, 77.53 W, 74, 94 %, 3000 MiB
2026/08/03 18:57:42.860, 74.76 W, 74, 93 %, 3000 MiB
2026/08/03 18:57:43.868, 77.75 W, 74, 94 %, 3000 MiB
2026/08/03 18:57:44.871, 73.65 W, 73, 92 %, 3000 MiB
2026/08/03 18:57:45.875, 69.16 W, 74, 94 %, 1784 MiB
2026/08/03 18:57:46.883, 50.80 W, 73, 64 %, 2414 MiB
2026/08/03 18:57:47.890, 65.46 W, 74, 44 %, 2988 MiB
2026/08/03 18:57:48.894, 73.60 W, 74, 94 %, 2990 MiB
2026/08/03 18:57:49.899, 68.41 W, 74, 93 %, 2990 MiB
2026/08/03 18:57:50.903, 73.09 W, 74, 94 %, 2990 MiB
2026/08/03 18:57:51.908, 68.49 W, 74, 92 %, 2992 MiB
2026/08/03 18:57:52.912, 74.92 W, 74, 94 %, 2992 MiB
2026/08/03 18:57:53.918, 72.54 W, 74, 92 %, 2992 MiB
2026/08/03 18:57:54.922, 67.03 W, 74, 94 %, 2992 MiB
2026/08/03 18:57:55.926, 73.37 W, 73, 93 %, 2992 MiB
2026/08/03 18:57:56.934, 65.90 W, 74, 94 %, 2992 MiB
2026/08/03 18:57:57.937, 73.03 W, 74, 92 %, 2992 MiB
2026/08/03 18:57:58.941, 67.38 W, 75, 94 %, 2992 MiB
2026/08/03 18:57:59.949, 73.59 W, 74, 92 %, 2996 MiB
2026/08/03 18:58:00.954, 66.60 W, 74, 94 %, 2996 MiB
2026/08/03 18:58:01.958, 74.82 W, 75, 93 %, 2996 MiB
2026/08/03 18:58:02.966, 68.92 W, 74, 94 %, 2996 MiB
2026/08/03 18:58:03.969, 75.25 W, 74, 92 %, 2996 MiB
2026/08/03 18:58:04.974, 66.25 W, 74, 95 %, 2996 MiB
2026/08/03 18:58:05.980, 75.90 W, 74, 92 %, 2996 MiB
2026/08/03 18:58:06.984, 35.79 W, 72, 94 %, 1236 MiB
2026/08/03 18:58:07.990, 38.11 W, 70, 71 %, 1808 MiB
2026/08/03 18:58:08.993, 74.87 W, 73, 41 %, 2996 MiB
2026/08/03 18:58:09.999, 79.29 W, 74, 90 %, 2996 MiB
2026/08/03 18:58:11.003, 76.16 W, 75, 94 %, 2996 MiB
2026/08/03 18:58:12.006, 68.87 W, 74, 93 %, 2996 MiB
2026/08/03 18:58:13.010, 76.28 W, 75, 94 %, 2996 MiB
2026/08/03 18:58:14.015, 68.36 W, 74, 94 %, 2996 MiB
2026/08/03 18:58:15.018, 76.75 W, 74, 93 %, 2996 MiB
2026/08/03 18:58:16.022, 70.08 W, 74, 94 %, 2996 MiB
2026/08/03 18:58:17.026, 75.86 W, 74, 92 %, 2996 MiB
2026/08/03 18:58:18.033, 73.51 W, 74, 94 %, 2998 MiB
2026/08/03 18:58:19.036, 75.77 W, 74, 93 %, 2998 MiB
2026/08/03 18:58:20.040, 75.46 W, 73, 94 %, 2998 MiB
2026/08/03 18:58:21.047, 78.78 W, 75, 92 %, 2998 MiB
2026/08/03 18:58:22.051, 74.73 W, 74, 94 %, 2998 MiB
2026/08/03 18:58:23.055, 79.35 W, 75, 93 %, 2998 MiB
2026/08/03 18:58:24.059, 74.61 W, 75, 94 %, 2998 MiB
2026/08/03 18:58:25.064, 67.80 W, 75, 93 %, 2998 MiB
2026/08/03 18:58:26.068, 75.76 W, 75, 94 %, 2998 MiB
2026/08/03 18:58:27.073, 68.29 W, 74, 93 %, 2998 MiB
2026/08/03 18:58:28.077, 76.15 W, 75, 94 %, 2998 MiB
2026/08/03 18:58:29.083, 35.91 W, 73, 80 %, 1808 MiB
2026/08/03 18:58:30.088, 76.96 W, 73, 53 %, 2976 MiB
2026/08/03 18:58:31.093, 74.16 W, 74, 69 %, 2978 MiB
2026/08/03 18:58:32.097, 76.75 W, 74, 94 %, 2982 MiB
2026/08/03 18:58:33.102, 75.90 W, 74, 93 %, 2982 MiB
2026/08/03 18:58:34.106, 78.18 W, 74, 94 %, 2982 MiB
2026/08/03 18:58:35.110, 74.50 W, 73, 92 %, 2982 MiB
2026/08/03 18:58:36.118, 78.55 W, 75, 94 %, 2982 MiB
2026/08/03 18:58:37.122, 74.06 W, 74, 93 %, 2982 MiB
2026/08/03 18:58:38.125, 73.55 W, 75, 94 %, 2982 MiB
2026/08/03 18:58:39.131, 74.26 W, 74, 92 %, 2982 MiB
2026/08/03 18:58:40.136, 69.53 W, 74, 94 %, 2982 MiB
2026/08/03 18:58:41.140, 76.78 W, 74, 93 %, 2982 MiB
2026/08/03 18:58:42.146, 75.60 W, 74, 94 %, 2982 MiB
2026/08/03 18:58:43.150, 77.89 W, 74, 93 %, 2982 MiB
2026/08/03 18:58:44.155, 74.03 W, 74, 93 %, 2982 MiB
2026/08/03 18:58:45.161, 74.35 W, 74, 93 %, 2982 MiB
2026/08/03 18:58:46.166, 73.74 W, 74, 94 %, 2982 MiB
2026/08/03 18:58:47.170, 76.86 W, 74, 94 %, 2982 MiB
2026/08/03 18:58:48.177, 74.09 W, 74, 94 %, 2982 MiB
2026/08/03 18:58:49.181, 79.05 W, 74, 93 %, 2982 MiB
2026/08/03 18:58:50.185, 49.77 W, 71, 91 %, 1810 MiB
2026/08/03 18:58:51.188, 34.96 W, 69, 60 %, 1822 MiB
2026/08/03 18:58:52.191, 74.46 W, 74, 51 %, 2996 MiB
2026/08/03 18:58:53.195, 68.69 W, 74, 94 %, 3004 MiB
2026/08/03 18:58:54.202, 73.48 W, 74, 92 %, 3004 MiB
2026/08/03 18:58:55.207, 66.20 W, 74, 94 %, 3004 MiB
2026/08/03 18:58:56.211, 72.96 W, 74, 92 %, 3004 MiB
2026/08/03 18:58:57.219, 73.63 W, 74, 94 %, 3004 MiB
2026/08/03 18:58:58.223, 78.07 W, 74, 93 %, 3004 MiB
2026/08/03 18:58:59.228, 73.99 W, 74, 94 %, 3004 MiB
2026/08/03 18:59:00.232, 76.98 W, 74, 93 %, 3004 MiB
2026/08/03 18:59:01.236, 74.00 W, 74, 95 %, 3004 MiB
2026/08/03 18:59:02.240, 77.61 W, 74, 93 %, 3004 MiB
2026/08/03 18:59:03.244, 73.39 W, 73, 94 %, 3004 MiB
2026/08/03 18:59:04.249, 71.00 W, 75, 92 %, 3004 MiB
2026/08/03 18:59:05.253, 73.99 W, 74, 94 %, 3004 MiB
2026/08/03 18:59:06.256, 66.61 W, 75, 92 %, 3004 MiB
2026/08/03 18:59:07.261, 72.81 W, 74, 95 %, 3004 MiB
2026/08/03 18:59:08.267, 68.64 W, 74, 92 %, 3004 MiB
2026/08/03 18:59:09.271, 74.07 W, 75, 94 %, 3004 MiB
2026/08/03 18:59:10.276, 68.43 W, 74, 93 %, 3004 MiB
2026/08/03 18:59:11.283, 33.75 W, 71, 94 %, 3004 MiB
2026/08/03 18:59:12.286, 54.04 W, 70, 63 %, 1808 MiB
2026/08/03 18:59:13.289, 75.72 W, 74, 47 %, 2998 MiB
2026/08/03 18:59:14.294, 74.00 W, 74, 92 %, 2998 MiB
2026/08/03 18:59:15.298, 73.36 W, 74, 94 %, 2998 MiB
2026/08/03 18:59:16.303, 72.48 W, 74, 93 %, 2998 MiB
2026/08/03 18:59:17.308, 74.63 W, 74, 95 %, 2998 MiB
2026/08/03 18:59:18.313, 73.93 W, 73, 93 %, 2998 MiB
2026/08/03 18:59:19.317, 69.34 W, 74, 94 %, 2998 MiB
2026/08/03 18:59:20.321, 74.29 W, 73, 93 %, 2998 MiB
2026/08/03 18:59:21.324, 70.74 W, 74, 94 %, 2998 MiB
2026/08/03 18:59:22.329, 74.44 W, 75, 93 %, 2998 MiB
2026/08/03 18:59:23.335, 69.36 W, 74, 95 %, 2998 MiB
2026/08/03 18:59:24.339, 74.23 W, 74, 93 %, 2998 MiB
2026/08/03 18:59:25.344, 68.67 W, 75, 94 %, 2998 MiB
2026/08/03 18:59:26.350, 72.94 W, 75, 93 %, 2998 MiB
2026/08/03 18:59:27.355, 75.39 W, 74, 94 %, 2998 MiB
2026/08/03 18:59:28.359, 79.42 W, 75, 93 %, 2998 MiB
2026/08/03 18:59:29.365, 75.29 W, 74, 95 %, 2998 MiB
2026/08/03 18:59:30.369, 79.56 W, 74, 93 %, 2998 MiB
2026/08/03 18:59:31.373, 75.42 W, 74, 94 %, 2998 MiB
2026/08/03 18:59:32.380, 77.35 W, 74, 93 %, 2998 MiB
2026/08/03 18:59:33.385, 45.32 W, 71, 74 %, 1804 MiB
2026/08/03 18:59:34.389, 74.60 W, 73, 36 %, 2986 MiB
2026/08/03 18:59:35.394, 73.61 W, 73, 93 %, 2992 MiB
2026/08/03 18:59:36.402, 73.42 W, 74, 94 %, 2992 MiB
2026/08/03 18:59:37.407, 73.94 W, 73, 93 %, 2992 MiB
2026/08/03 18:59:38.410, 73.44 W, 74, 94 %, 2992 MiB
2026/08/03 18:59:39.415, 73.74 W, 74, 94 %, 2992 MiB
2026/08/03 18:59:40.419, 73.79 W, 74, 94 %, 2992 MiB
2026/08/03 18:59:41.422, 73.85 W, 74, 93 %, 2992 MiB
2026/08/03 18:59:42.428, 68.15 W, 74, 95 %, 2992 MiB
2026/08/03 18:59:43.432, 77.56 W, 74, 92 %, 2992 MiB
2026/08/03 18:59:44.438, 74.61 W, 74, 95 %, 2992 MiB
2026/08/03 18:59:45.446, 77.07 W, 74, 92 %, 2992 MiB
2026/08/03 18:59:46.450, 75.71 W, 74, 94 %, 2992 MiB
2026/08/03 18:59:47.455, 79.16 W, 74, 92 %, 2992 MiB
2026/08/03 18:59:48.463, 73.38 W, 74, 94 %, 2992 MiB
2026/08/03 18:59:49.467, 78.71 W, 74, 93 %, 2992 MiB
2026/08/03 18:59:50.472, 74.50 W, 74, 94 %, 2992 MiB
2026/08/03 18:59:51.479, 78.17 W, 74, 93 %, 2992 MiB
2026/08/03 18:59:52.483, 75.84 W, 73, 95 %, 2992 MiB
2026/08/03 18:59:53.488, 78.01 W, 74, 92 %, 2992 MiB
2026/08/03 18:59:54.491, 48.86 W, 71, 77 %, 1812 MiB
2026/08/03 18:59:55.494, 34.99 W, 69, 42 %, 1822 MiB
2026/08/03 18:59:56.497, 73.41 W, 74, 85 %, 2996 MiB
2026/08/03 18:59:57.501, 74.28 W, 74, 93 %, 2996 MiB
2026/08/03 18:59:58.505, 73.61 W, 74, 95 %, 2996 MiB
2026/08/03 18:59:59.512, 68.87 W, 74, 93 %, 2996 MiB
2026/08/03 19:00:00.515, 76.76 W, 74, 94 %, 2996 MiB
2026/08/03 19:00:01.520, 70.52 W, 74, 94 %, 2996 MiB
2026/08/03 19:00:02.524, 76.24 W, 74, 93 %, 2996 MiB
2026/08/03 19:00:03.528, 70.96 W, 74, 94 %, 2996 MiB
2026/08/03 19:00:04.533, 76.58 W, 74, 92 %, 2996 MiB
2026/08/03 19:00:05.537, 72.58 W, 74, 94 %, 2996 MiB
2026/08/03 19:00:06.541, 76.69 W, 74, 93 %, 2996 MiB
2026/08/03 19:00:07.546, 72.95 W, 74, 94 %, 2996 MiB
2026/08/03 19:00:08.555, 78.71 W, 74, 93 %, 2996 MiB
2026/08/03 19:00:09.559, 75.84 W, 73, 94 %, 2998 MiB
2026/08/03 19:00:10.564, 77.90 W, 74, 93 %, 2998 MiB
2026/08/03 19:00:11.569, 73.14 W, 73, 95 %, 2998 MiB
2026/08/03 19:00:12.573, 79.41 W, 75, 93 %, 2998 MiB
2026/08/03 19:00:13.577, 75.82 W, 74, 94 %, 2998 MiB
2026/08/03 19:00:14.580, 69.25 W, 74, 93 %, 2998 MiB
2026/08/03 19:00:15.584, 54.71 W, 70, 95 %, 2998 MiB
2026/08/03 19:00:16.587, 36.40 W, 70, 79 %, 1810 MiB
2026/08/03 19:00:17.590, 76.35 W, 74, 55 %, 2978 MiB
2026/08/03 19:00:18.595, 70.89 W, 74, 67 %, 2978 MiB
2026/08/03 19:00:19.599, 75.83 W, 74, 94 %, 2978 MiB
2026/08/03 19:00:20.606, 74.63 W, 74, 93 %, 2978 MiB
2026/08/03 19:00:21.611, 76.33 W, 74, 94 %, 2980 MiB
2026/08/03 19:00:22.615, 74.48 W, 74, 93 %, 2980 MiB
2026/08/03 19:00:23.621, 78.81 W, 74, 94 %, 2980 MiB
2026/08/03 19:00:24.626, 74.60 W, 73, 92 %, 2982 MiB
2026/08/03 19:00:25.629, 75.33 W, 74, 94 %, 2982 MiB
2026/08/03 19:00:26.636, 73.00 W, 74, 92 %, 2982 MiB
2026/08/03 19:00:27.640, 75.18 W, 74, 94 %, 2982 MiB
2026/08/03 19:00:28.643, 73.84 W, 74, 94 %, 2982 MiB
2026/08/03 19:00:29.648, 70.87 W, 74, 94 %, 2982 MiB
2026/08/03 19:00:30.652, 77.32 W, 74, 93 %, 2982 MiB
2026/08/03 19:00:31.657, 73.59 W, 74, 93 %, 2982 MiB
2026/08/03 19:00:32.661, 77.60 W, 74, 94 %, 2982 MiB
2026/08/03 19:00:33.666, 76.05 W, 74, 92 %, 2982 MiB
2026/08/03 19:00:34.672, 76.65 W, 74, 94 %, 2982 MiB
2026/08/03 19:00:35.677, 74.67 W, 74, 93 %, 2982 MiB
2026/08/03 19:00:36.681, 78.81 W, 74, 94 %, 2982 MiB
2026/08/03 19:00:37.688, 49.10 W, 70, 93 %, 1784 MiB
2026/08/03 19:00:38.692, 74.71 W, 73, 61 %, 2984 MiB
2026/08/03 19:00:39.697, 73.16 W, 73, 48 %, 2988 MiB
2026/08/03 19:00:40.700, 71.44 W, 74, 94 %, 2988 MiB
2026/08/03 19:00:41.704, 73.62 W, 74, 93 %, 2992 MiB
2026/08/03 19:00:42.708, 66.74 W, 74, 94 %, 2992 MiB
2026/08/03 19:00:43.714, 73.69 W, 74, 93 %, 2992 MiB
2026/08/03 19:00:44.718, 67.01 W, 74, 94 %, 2992 MiB
2026/08/03 19:00:45.722, 75.52 W, 74, 92 %, 2994 MiB
2026/08/03 19:00:46.729, 73.39 W, 74, 94 %, 2994 MiB
2026/08/03 19:00:47.732, 74.57 W, 74, 93 %, 2994 MiB
2026/08/03 19:00:48.736, 73.79 W, 74, 94 %, 2994 MiB
2026/08/03 19:00:49.742, 73.19 W, 74, 92 %, 2994 MiB
2026/08/03 19:00:50.746, 73.89 W, 73, 94 %, 2994 MiB
2026/08/03 19:00:51.751, 69.64 W, 74, 93 %, 2994 MiB
2026/08/03 19:00:52.756, 74.11 W, 74, 94 %, 2994 MiB
2026/08/03 19:00:53.760, 68.66 W, 74, 93 %, 2994 MiB
2026/08/03 19:00:54.764, 73.86 W, 74, 95 %, 2994 MiB
2026/08/03 19:00:55.772, 67.85 W, 74, 92 %, 2994 MiB
2026/08/03 19:00:56.776, 73.70 W, 75, 95 %, 2994 MiB
2026/08/03 19:00:57.780, 67.83 W, 74, 92 %, 2994 MiB
2026/08/03 19:00:58.784, 60.92 W, 71, 94 %, 1808 MiB
2026/08/03 19:00:59.787, 35.02 W, 69, 64 %, 1822 MiB
2026/08/03 19:01:00.789, 69.39 W, 73, 44 %, 2994 MiB
2026/08/03 19:01:01.796, 73.53 W, 73, 94 %, 2994 MiB
2026/08/03 19:01:02.802, 68.57 W, 74, 92 %, 2998 MiB
2026/08/03 19:01:03.807, 73.59 W, 73, 94 %, 2998 MiB
2026/08/03 19:01:04.811, 67.25 W, 74, 92 %, 2998 MiB
2026/08/03 19:01:05.815, 73.43 W, 74, 94 %, 2998 MiB
2026/08/03 19:01:06.820, 67.32 W, 74, 92 %, 2998 MiB
2026/08/03 19:01:07.826, 72.93 W, 74, 94 %, 2998 MiB
2026/08/03 19:01:08.830, 67.47 W, 74, 93 %, 2998 MiB
2026/08/03 19:01:09.834, 73.46 W, 74, 94 %, 2998 MiB
2026/08/03 19:01:10.841, 67.57 W, 74, 93 %, 2998 MiB
2026/08/03 19:01:11.845, 74.23 W, 74, 94 %, 2998 MiB
2026/08/03 19:01:12.849, 67.84 W, 74, 93 %, 2998 MiB
2026/08/03 19:01:13.856, 75.21 W, 74, 94 %, 2998 MiB
2026/08/03 19:01:14.860, 67.81 W, 74, 92 %, 2998 MiB
2026/08/03 19:01:15.864, 75.24 W, 74, 95 %, 2998 MiB
2026/08/03 19:01:16.872, 67.91 W, 73, 93 %, 3000 MiB
2026/08/03 19:01:17.879, 68.76 W, 74, 95 %, 3000 MiB
2026/08/03 19:01:18.883, 72.94 W, 73, 93 %, 3000 MiB
2026/08/03 19:01:19.887, 69.73 W, 73, 94 %, 3000 MiB
2026/08/03 19:01:20.890, 73.69 W, 71, 72 %, 1810 MiB
2026/08/03 19:01:21.894, 68.29 W, 73, 37 %, 2996 MiB
2026/08/03 19:01:22.897, 76.56 W, 74, 90 %, 3000 MiB
2026/08/03 19:01:23.901, 69.26 W, 74, 94 %, 3000 MiB
2026/08/03 19:01:24.905, 76.53 W, 74, 93 %, 3000 MiB
2026/08/03 19:01:25.912, 68.93 W, 74, 94 %, 3002 MiB
2026/08/03 19:01:26.917, 77.76 W, 74, 93 %, 3002 MiB
2026/08/03 19:01:27.921, 71.22 W, 73, 94 %, 3002 MiB
2026/08/03 19:01:28.929, 76.02 W, 74, 93 %, 3002 MiB
2026/08/03 19:01:29.932, 74.36 W, 73, 93 %, 3002 MiB
2026/08/03 19:01:30.936, 79.95 W, 74, 94 %, 3002 MiB
2026/08/03 19:01:31.941, 74.36 W, 75, 92 %, 3002 MiB
2026/08/03 19:01:32.945, 70.30 W, 74, 93 %, 3002 MiB
2026/08/03 19:01:33.949, 77.56 W, 74, 92 %, 3002 MiB
2026/08/03 19:01:34.957, 73.79 W, 74, 94 %, 3002 MiB
2026/08/03 19:01:35.961, 76.97 W, 74, 92 %, 3002 MiB
2026/08/03 19:01:36.965, 75.17 W, 74, 94 %, 3002 MiB
2026/08/03 19:01:37.971, 77.23 W, 74, 92 %, 3002 MiB
2026/08/03 19:01:38.976, 74.76 W, 73, 94 %, 3002 MiB
2026/08/03 19:01:39.980, 74.84 W, 74, 93 %, 3002 MiB
2026/08/03 19:01:40.984, 74.27 W, 73, 94 %, 3002 MiB
2026/08/03 19:01:41.987, 75.46 W, 73, 79 %, 1806 MiB
2026/08/03 19:01:42.993, 58.68 W, 72, 55 %, 2426 MiB
2026/08/03 19:01:43.997, 68.40 W, 74, 68 %, 2998 MiB
2026/08/03 19:01:45.001, 74.16 W, 74, 95 %, 2998 MiB
2026/08/03 19:01:46.004, 68.36 W, 74, 92 %, 2998 MiB
2026/08/03 19:01:47.010, 73.79 W, 74, 94 %, 2998 MiB
2026/08/03 19:01:48.014, 73.26 W, 74, 92 %, 2998 MiB
2026/08/03 19:01:49.020, 74.26 W, 74, 94 %, 2998 MiB
2026/08/03 19:01:50.029, 74.11 W, 74, 92 %, 3000 MiB
2026/08/03 19:01:51.033, 66.61 W, 74, 94 %, 3000 MiB
2026/08/03 19:01:52.037, 73.08 W, 73, 94 %, 3000 MiB
2026/08/03 19:01:53.042, 65.26 W, 75, 92 %, 3000 MiB
2026/08/03 19:01:54.046, 73.41 W, 74, 94 %, 3000 MiB
2026/08/03 19:01:55.050, 66.49 W, 75, 93 %, 3000 MiB
2026/08/03 19:01:56.056, 72.78 W, 74, 94 %, 3000 MiB
2026/08/03 19:01:57.060, 67.28 W, 75, 92 %, 3000 MiB
2026/08/03 19:01:58.064, 73.03 W, 74, 94 %, 3000 MiB
2026/08/03 19:01:59.072, 65.62 W, 74, 92 %, 3000 MiB
2026/08/03 19:02:00.076, 74.74 W, 74, 94 %, 3000 MiB
2026/08/03 19:02:01.081, 65.65 W, 74, 92 %, 3000 MiB
2026/08/03 19:02:02.089, 74.45 W, 74, 94 %, 3000 MiB
2026/08/03 19:02:03.094, 42.57 W, 72, 92 %, 1238 MiB
2026/08/03 19:02:04.098, 38.13 W, 70, 64 %, 1808 MiB
2026/08/03 19:02:05.101, 75.23 W, 74, 43 %, 2996 MiB
2026/08/03 19:02:06.105, 67.54 W, 74, 94 %, 2996 MiB
2026/08/03 19:02:07.108, 75.94 W, 74, 93 %, 2996 MiB
2026/08/03 19:02:08.115, 66.72 W, 75, 94 %, 2996 MiB
2026/08/03 19:02:09.120, 76.88 W, 75, 92 %, 2996 MiB
2026/08/03 19:02:10.124, 68.94 W, 74, 93 %, 2996 MiB
2026/08/03 19:02:11.132, 76.35 W, 74, 93 %, 2996 MiB
2026/08/03 19:02:12.137, 70.43 W, 74, 94 %, 2996 MiB
2026/08/03 19:02:13.141, 77.08 W, 74, 93 %, 2996 MiB
2026/08/03 19:02:14.149, 71.97 W, 74, 94 %, 2996 MiB
2026/08/03 19:02:15.153, 77.86 W, 74, 93 %, 2996 MiB
2026/08/03 19:02:16.156, 75.51 W, 73, 93 %, 2996 MiB
2026/08/03 19:02:17.163, 77.22 W, 74, 93 %, 2996 MiB
2026/08/03 19:02:18.167, 74.89 W, 75, 92 %, 2996 MiB
2026/08/03 19:02:19.173, 78.17 W, 75, 94 %, 2996 MiB
2026/08/03 19:02:20.178, 76.90 W, 75, 93 %, 2996 MiB
2026/08/03 19:02:21.182, 69.22 W, 75, 94 %, 2998 MiB
2026/08/03 19:02:22.186, 76.91 W, 75, 93 %, 2998 MiB
2026/08/03 19:02:23.193, 70.29 W, 75, 94 %, 2998 MiB
2026/08/03 19:02:24.198, 77.75 W, 75, 93 %, 2998 MiB
2026/08/03 19:02:25.202, 36.57 W, 73, 69 %, 1798 MiB
2026/08/03 19:02:26.208, 76.20 W, 73, 41 %, 2996 MiB
2026/08/03 19:02:27.216, 75.23 W, 74, 94 %, 3000 MiB
2026/08/03 19:02:28.220, 79.09 W, 74, 93 %, 3000 MiB
2026/08/03 19:02:29.224, 75.37 W, 74, 95 %, 3000 MiB
2026/08/03 19:02:30.230, 78.09 W, 74, 93 %, 3000 MiB
2026/08/03 19:02:31.240, 75.12 W, 73, 94 %, 3000 MiB
2026/08/03 19:02:32.244, 79.10 W, 74, 92 %, 3000 MiB
2026/08/03 19:02:33.248, 74.52 W, 73, 94 %, 3000 MiB
2026/08/03 19:02:34.254, 79.39 W, 75, 93 %, 3000 MiB
2026/08/03 19:02:35.258, 74.88 W, 74, 94 %, 3000 MiB
2026/08/03 19:02:36.261, 75.96 W, 75, 92 %, 3000 MiB
2026/08/03 19:02:37.267, 73.16 W, 75, 94 %, 3000 MiB
2026/08/03 19:02:38.272, 71.80 W, 75, 92 %, 3000 MiB
2026/08/03 19:02:39.276, 77.19 W, 75, 94 %, 3000 MiB
2026/08/03 19:02:40.284, 71.98 W, 74, 92 %, 3000 MiB
2026/08/03 19:02:41.288, 79.19 W, 74, 94 %, 3000 MiB
2026/08/03 19:02:42.293, 75.19 W, 74, 93 %, 3000 MiB
2026/08/03 19:02:43.301, 78.62 W, 74, 94 %, 3000 MiB
2026/08/03 19:02:44.304, 73.95 W, 74, 92 %, 3000 MiB
2026/08/03 19:02:45.310, 76.57 W, 74, 92 %, 3000 MiB
2026/08/03 19:02:46.315, 49.94 W, 71, 95 %, 1808 MiB
2026/08/03 19:02:47.319, 35.01 W, 69, 72 %, 1822 MiB
2026/08/03 19:02:48.322, 73.72 W, 75, 41 %, 3000 MiB
2026/08/03 19:02:49.327, 69.23 W, 74, 89 %, 3000 MiB
2026/08/03 19:02:50.331, 73.56 W, 74, 94 %, 3000 MiB
2026/08/03 19:02:51.335, 68.09 W, 75, 93 %, 3000 MiB
2026/08/03 19:02:52.340, 73.54 W, 75, 93 %, 3000 MiB
2026/08/03 19:02:53.345, 74.41 W, 74, 94 %, 3000 MiB
2026/08/03 19:02:54.350, 74.93 W, 74, 93 %, 3000 MiB
2026/08/03 19:02:55.355, 72.97 W, 74, 93 %, 3000 MiB
2026/08/03 19:02:56.359, 74.59 W, 74, 92 %, 3000 MiB
2026/08/03 19:02:57.365, 73.06 W, 74, 94 %, 3000 MiB
2026/08/03 19:02:58.371, 73.32 W, 75, 93 %, 3000 MiB
2026/08/03 19:02:59.374, 74.11 W, 73, 94 %, 3000 MiB
2026/08/03 19:03:00.380, 68.13 W, 75, 92 %, 3000 MiB
2026/08/03 19:03:01.384, 73.75 W, 75, 94 %, 3000 MiB
2026/08/03 19:03:02.388, 67.30 W, 75, 93 %, 3000 MiB
2026/08/03 19:03:03.394, 74.03 W, 75, 94 %, 3000 MiB
2026/08/03 19:03:04.398, 65.84 W, 75, 93 %, 3000 MiB
2026/08/03 19:03:05.402, 74.18 W, 75, 94 %, 3000 MiB
2026/08/03 19:03:06.408, 67.42 W, 75, 93 %, 3000 MiB
2026/08/03 19:03:07.412, 38.50 W, 71, 94 %, 3000 MiB
2026/08/03 19:03:08.415, 56.15 W, 71, 79 %, 1808 MiB
2026/08/03 19:03:09.419, 67.16 W, 74, 54 %, 2994 MiB
2026/08/03 19:03:10.423, 73.08 W, 73, 67 %, 2998 MiB
2026/08/03 19:03:11.428, 68.83 W, 75, 94 %, 2998 MiB
2026/08/03 19:03:12.432, 73.03 W, 74, 92 %, 2998 MiB
2026/08/03 19:03:13.435, 67.93 W, 75, 95 %, 2998 MiB
2026/08/03 19:03:14.439, 73.37 W, 75, 92 %, 2998 MiB
2026/08/03 19:03:15.445, 67.23 W, 75, 94 %, 2998 MiB
2026/08/03 19:03:16.449, 73.07 W, 75, 92 %, 2998 MiB
2026/08/03 19:03:17.454, 67.96 W, 75, 94 %, 2998 MiB
2026/08/03 19:03:18.461, 73.49 W, 75, 93 %, 2998 MiB
2026/08/03 19:03:19.465, 67.65 W, 75, 95 %, 2998 MiB
2026/08/03 19:03:20.469, 73.26 W, 75, 92 %, 2998 MiB
2026/08/03 19:03:21.473, 68.14 W, 75, 94 %, 2998 MiB
2026/08/03 19:03:22.477, 74.76 W, 75, 92 %, 2998 MiB
2026/08/03 19:03:23.481, 74.00 W, 74, 94 %, 2998 MiB
2026/08/03 19:03:24.484, 68.21 W, 75, 93 %, 2998 MiB
2026/08/03 19:03:25.489, 74.34 W, 73, 94 %, 2998 MiB
2026/08/03 19:03:26.493, 67.57 W, 75, 93 %, 2998 MiB
2026/08/03 19:03:27.497, 73.25 W, 74, 93 %, 3000 MiB
2026/08/03 19:03:28.502, 68.81 W, 75, 94 %, 3000 MiB
2026/08/03 19:03:29.506, 69.01 W, 72, 93 %, 1782 MiB
2026/08/03 19:03:30.509, 64.14 W, 73, 60 %, 2984 MiB
2026/08/03 19:03:31.515, 74.98 W, 75, 49 %, 2990 MiB
2026/08/03 19:03:32.519, 67.43 W, 74, 94 %, 2990 MiB
2026/08/03 19:03:33.524, 75.55 W, 74, 91 %, 2990 MiB
2026/08/03 19:03:34.529, 70.27 W, 74, 94 %, 2994 MiB
2026/08/03 19:03:35.534, 77.41 W, 75, 92 %, 2994 MiB
2026/08/03 19:03:36.538, 70.88 W, 73, 94 %, 2994 MiB
2026/08/03 19:03:37.542, 66.92 W, 75, 92 %, 2994 MiB
2026/08/03 19:03:38.546, 73.73 W, 74, 94 %, 2994 MiB
2026/08/03 19:03:39.549, 67.13 W, 75, 93 %, 2994 MiB
2026/08/03 19:03:40.556, 74.83 W, 75, 95 %, 2994 MiB
2026/08/03 19:03:41.560, 67.32 W, 75, 92 %, 2994 MiB
2026/08/03 19:03:42.564, 76.36 W, 75, 94 %, 2994 MiB
2026/08/03 19:03:43.569, 68.47 W, 74, 92 %, 2994 MiB
2026/08/03 19:03:44.573, 78.27 W, 75, 94 %, 2994 MiB
2026/08/03 19:03:45.578, 70.47 W, 74, 93 %, 2994 MiB
2026/08/03 19:03:46.582, 77.17 W, 75, 94 %, 2994 MiB
2026/08/03 19:03:47.587, 71.27 W, 74, 93 %, 2996 MiB
2026/08/03 19:03:48.592, 77.61 W, 75, 94 %, 2996 MiB
2026/08/03 19:03:49.596, 71.22 W, 74, 93 %, 2996 MiB
2026/08/03 19:03:50.601, 75.84 W, 74, 94 %, 1806 MiB
2026/08/03 19:03:51.605, 35.14 W, 70, 65 %, 1822 MiB
2026/08/03 19:03:52.609, 76.14 W, 74, 44 %, 2996 MiB
2026/08/03 19:03:53.613, 76.41 W, 74, 94 %, 2996 MiB
2026/08/03 19:03:54.617, 68.49 W, 75, 93 %, 2996 MiB
2026/08/03 19:03:55.625, 76.07 W, 75, 95 %, 2996 MiB
2026/08/03 19:03:56.630, 70.60 W, 75, 92 %, 2996 MiB
2026/08/03 19:03:57.634, 77.49 W, 75, 94 %, 2996 MiB
2026/08/03 19:03:58.641, 72.39 W, 74, 92 %, 2996 MiB
2026/08/03 19:03:59.645, 77.63 W, 74, 94 %, 2996 MiB
2026/08/03 19:04:00.649, 72.20 W, 74, 93 %, 2996 MiB
2026/08/03 19:04:01.656, 77.08 W, 74, 94 %, 2996 MiB
2026/08/03 19:04:02.660, 75.42 W, 74, 92 %, 2996 MiB
2026/08/03 19:04:03.665, 79.41 W, 75, 94 %, 2998 MiB
2026/08/03 19:04:04.670, 74.07 W, 74, 92 %, 2998 MiB
2026/08/03 19:04:05.674, 76.07 W, 75, 94 %, 2998 MiB
2026/08/03 19:04:06.678, 73.32 W, 75, 92 %, 2998 MiB
2026/08/03 19:04:07.684, 75.69 W, 75, 95 %, 2998 MiB
2026/08/03 19:04:08.688, 73.63 W, 75, 93 %, 2998 MiB
2026/08/03 19:04:09.692, 71.19 W, 75, 94 %, 2998 MiB
2026/08/03 19:04:10.701, 77.67 W, 75, 92 %, 2998 MiB
2026/08/03 19:04:11.705, 67.54 W, 75, 94 %, 2998 MiB
2026/08/03 19:04:12.709, 75.05 W, 74, 71 %, 1808 MiB
2026/08/03 19:04:13.714, 74.24 W, 74, 38 %, 2996 MiB
2026/08/03 19:04:14.723, 74.01 W, 74, 92 %, 2996 MiB
2026/08/03 19:04:15.727, 73.44 W, 74, 94 %, 2996 MiB
2026/08/03 19:04:16.733, 74.42 W, 74, 93 %, 2996 MiB
2026/08/03 19:04:17.739, 73.80 W, 73, 95 %, 2996 MiB
2026/08/03 19:04:18.743, 76.12 W, 75, 92 %, 2996 MiB
2026/08/03 19:04:19.747, 73.79 W, 74, 94 %, 2996 MiB
2026/08/03 19:04:20.755, 72.35 W, 75, 92 %, 2996 MiB
2026/08/03 19:04:21.759, 73.15 W, 75, 94 %, 2996 MiB
2026/08/03 19:04:22.765, 72.08 W, 75, 93 %, 2998 MiB
2026/08/03 19:04:23.770, 74.35 W, 75, 94 %, 2998 MiB
2026/08/03 19:04:24.775, 66.59 W, 75, 92 %, 2998 MiB
2026/08/03 19:04:25.780, 78.24 W, 75, 94 %, 2998 MiB
2026/08/03 19:04:26.785, 76.13 W, 74, 93 %, 3002 MiB
2026/08/03 19:04:27.788, 77.75 W, 74, 94 %, 3002 MiB
2026/08/03 19:04:28.796, 73.84 W, 74, 93 %, 3002 MiB
2026/08/03 19:04:29.805, 74.79 W, 74, 93 %, 3002 MiB
2026/08/03 19:04:30.810, 73.32 W, 74, 94 %, 3002 MiB
2026/08/03 19:04:31.813, 74.78 W, 74, 93 %, 3002 MiB
2026/08/03 19:04:32.819, 73.85 W, 73, 94 %, 3002 MiB
2026/08/03 19:04:33.824, 72.45 W, 74, 80 %, 1808 MiB
2026/08/03 19:04:34.827, 54.07 W, 73, 50 %, 2442 MiB
2026/08/03 19:04:35.830, 66.79 W, 75, 73 %, 2996 MiB
2026/08/03 19:04:36.835, 73.62 W, 74, 94 %, 2996 MiB
2026/08/03 19:04:37.838, 66.92 W, 75, 93 %, 2996 MiB
2026/08/03 19:04:38.844, 73.67 W, 75, 94 %, 2996 MiB
2026/08/03 19:04:39.848, 66.36 W, 74, 92 %, 2996 MiB
2026/08/03 19:04:40.852, 73.10 W, 74, 94 %, 3000 MiB
2026/08/03 19:04:41.858, 66.58 W, 74, 93 %, 3000 MiB
2026/08/03 19:04:42.862, 70.80 W, 74, 94 %, 3000 MiB
2026/08/03 19:04:43.868, 74.11 W, 74, 93 %, 3000 MiB
2026/08/03 19:04:44.872, 69.18 W, 74, 94 %, 3000 MiB
2026/08/03 19:04:45.876, 73.59 W, 73, 92 %, 3000 MiB
2026/08/03 19:04:46.879, 66.41 W, 75, 94 %, 3000 MiB
2026/08/03 19:04:47.884, 73.47 W, 75, 92 %, 3000 MiB
2026/08/03 19:04:48.890, 67.59 W, 75, 94 %, 3000 MiB
2026/08/03 19:04:49.894, 73.84 W, 75, 93 %, 3000 MiB
2026/08/03 19:04:50.900, 68.33 W, 75, 94 %, 3000 MiB
2026/08/03 19:04:51.904, 74.54 W, 75, 92 %, 3000 MiB
2026/08/03 19:04:52.908, 68.51 W, 75, 94 %, 3000 MiB
2026/08/03 19:04:53.912, 74.38 W, 75, 93 %, 3000 MiB
2026/08/03 19:04:54.917, 51.04 W, 73, 91 %, 1244 MiB
2026/08/03 19:04:55.921, 36.26 W, 70, 61 %, 1812 MiB
2026/08/03 19:04:56.924, 68.52 W, 73, 51 %, 2996 MiB
2026/08/03 19:04:57.927, 67.19 W, 75, 94 %, 3000 MiB
2026/08/03 19:04:58.931, 73.97 W, 74, 92 %, 3000 MiB
2026/08/03 19:04:59.935, 66.84 W, 75, 95 %, 3000 MiB
2026/08/03 19:05:00.938, 74.26 W, 74, 92 %, 3000 MiB
2026/08/03 19:05:01.943, 66.87 W, 75, 95 %, 3000 MiB
2026/08/03 19:05:02.947, 75.18 W, 75, 93 %, 3000 MiB
2026/08/03 19:05:03.951, 67.14 W, 75, 94 %, 3000 MiB
2026/08/03 19:05:04.955, 76.39 W, 74, 92 %, 3000 MiB
2026/08/03 19:05:05.960, 68.24 W, 74, 94 %, 3000 MiB
2026/08/03 19:05:06.965, 77.12 W, 74, 92 %, 3000 MiB
2026/08/03 19:05:07.973, 71.48 W, 74, 94 %, 3000 MiB
2026/08/03 19:05:08.977, 76.42 W, 75, 93 %, 3000 MiB
2026/08/03 19:05:09.981, 71.14 W, 73, 94 %, 3000 MiB
2026/08/03 19:05:10.989, 76.75 W, 75, 93 %, 3000 MiB
2026/08/03 19:05:11.992, 72.60 W, 74, 94 %, 3000 MiB
2026/08/03 19:05:12.996, 66.31 W, 75, 92 %, 3000 MiB
2026/08/03 19:05:14.003, 74.57 W, 75, 94 %, 3000 MiB
2026/08/03 19:05:15.006, 67.53 W, 75, 93 %, 3000 MiB
2026/08/03 19:05:16.010, 74.87 W, 75, 94 %, 3000 MiB
2026/08/03 19:05:17.017, 35.87 W, 74, 62 %, 1804 MiB
2026/08/03 19:05:18.021, 77.71 W, 74, 45 %, 2992 MiB
2026/08/03 19:05:19.026, 73.63 W, 74, 93 %, 2992 MiB
2026/08/03 19:05:20.030, 77.44 W, 74, 94 %, 2994 MiB
2026/08/03 19:05:21.038, 74.98 W, 74, 92 %, 2994 MiB
2026/08/03 19:05:22.043, 78.38 W, 74, 94 %, 2994 MiB
2026/08/03 19:05:23.047, 74.72 W, 73, 93 %, 2994 MiB
2026/08/03 19:05:24.053, 76.66 W, 75, 93 %, 2994 MiB
2026/08/03 19:05:25.056, 74.24 W, 74, 93 %, 2994 MiB
2026/08/03 19:05:26.060, 77.21 W, 75, 94 %, 2994 MiB
2026/08/03 19:05:27.068, 73.95 W, 75, 94 %, 2994 MiB
2026/08/03 19:05:28.072, 74.53 W, 75, 94 %, 2994 MiB
2026/08/03 19:05:29.076, 76.10 W, 75, 93 %, 2994 MiB
2026/08/03 19:05:30.083, 71.38 W, 75, 94 %, 2994 MiB
2026/08/03 19:05:31.087, 76.63 W, 75, 92 %, 2994 MiB
2026/08/03 19:05:32.092, 74.22 W, 74, 95 %, 2994 MiB
2026/08/03 19:05:33.099, 78.29 W, 74, 92 %, 2994 MiB
2026/08/03 19:05:34.104, 74.21 W, 74, 94 %, 2994 MiB
2026/08/03 19:05:35.108, 75.93 W, 74, 93 %, 2994 MiB
2026/08/03 19:05:36.116, 72.71 W, 74, 95 %, 2994 MiB
2026/08/03 19:05:37.120, 76.54 W, 74, 93 %, 2994 MiB
2026/08/03 19:05:38.123, 38.69 W, 72, 95 %, 1812 MiB
2026/08/03 19:05:39.130, 34.91 W, 69, 72 %, 1824 MiB
2026/08/03 19:05:40.134, 73.57 W, 73, 37 %, 2996 MiB
2026/08/03 19:05:41.138, 74.03 W, 74, 92 %, 2996 MiB
2026/08/03 19:05:42.144, 73.80 W, 75, 94 %, 2996 MiB
2026/08/03 19:05:43.148, 71.65 W, 75, 93 %, 2996 MiB
2026/08/03 19:05:44.152, 73.94 W, 74, 94 %, 2996 MiB
2026/08/03 19:05:45.157, 73.57 W, 75, 93 %, 2996 MiB
2026/08/03 19:05:46.161, 76.53 W, 75, 94 %, 2996 MiB
2026/08/03 19:05:47.166, 73.94 W, 74, 93 %, 2996 MiB
2026/08/03 19:05:48.169, 77.57 W, 74, 94 %, 2996 MiB
2026/08/03 19:05:49.174, 74.19 W, 74, 92 %, 2996 MiB
2026/08/03 19:05:50.178, 76.98 W, 74, 94 %, 2996 MiB
2026/08/03 19:05:51.186, 73.75 W, 74, 93 %, 2996 MiB
2026/08/03 19:05:52.192, 76.86 W, 74, 94 %, 2996 MiB
2026/08/03 19:05:53.196, 72.96 W, 73, 93 %, 2996 MiB
2026/08/03 19:05:54.203, 69.41 W, 75, 94 %, 2996 MiB
2026/08/03 19:05:55.207, 73.44 W, 75, 92 %, 2996 MiB
2026/08/03 19:05:56.213, 70.35 W, 75, 95 %, 2996 MiB
2026/08/03 19:05:57.218, 73.68 W, 75, 93 %, 2996 MiB
2026/08/03 19:05:58.221, 70.68 W, 75, 95 %, 2996 MiB
2026/08/03 19:05:59.225, 33.90 W, 71, 92 %, 2998 MiB
2026/08/03 19:06:00.230, 37.37 W, 71, 80 %, 1810 MiB
2026/08/03 19:06:01.233, 70.80 W, 74, 46 %, 2980 MiB
2026/08/03 19:06:02.238, 73.32 W, 74, 75 %, 2980 MiB
2026/08/03 19:06:03.243, 69.83 W, 74, 94 %, 2980 MiB
2026/08/03 19:06:04.248, 73.41 W, 73, 92 %, 2980 MiB
2026/08/03 19:06:05.253, 68.00 W, 74, 94 %, 2980 MiB
2026/08/03 19:06:06.259, 73.46 W, 73, 93 %, 2980 MiB
2026/08/03 19:06:07.264, 67.42 W, 75, 94 %, 2980 MiB
2026/08/03 19:06:08.268, 73.35 W, 74, 92 %, 2980 MiB
2026/08/03 19:06:09.272, 67.05 W, 75, 94 %, 2982 MiB
2026/08/03 19:06:10.276, 73.35 W, 74, 92 %, 2982 MiB
2026/08/03 19:06:11.281, 67.30 W, 74, 95 %, 2982 MiB
2026/08/03 19:06:12.287, 72.87 W, 75, 92 %, 2982 MiB
2026/08/03 19:06:13.292, 66.84 W, 74, 94 %, 2982 MiB
2026/08/03 19:06:14.296, 73.23 W, 75, 93 %, 2982 MiB
2026/08/03 19:06:15.300, 65.92 W, 74, 94 %, 2982 MiB
2026/08/03 19:06:16.305, 68.76 W, 74, 92 %, 2982 MiB
2026/08/03 19:06:17.309, 72.94 W, 73, 94 %, 2982 MiB
2026/08/03 19:06:18.315, 67.76 W, 75, 92 %, 2982 MiB
2026/08/03 19:06:19.319, 72.98 W, 74, 94 %, 2982 MiB
2026/08/03 19:06:20.322, 67.49 W, 75, 92 %, 2982 MiB
2026/08/03 19:06:21.329, 73.12 W, 71, 88 %, 1782 MiB
2026/08/03 19:06:22.332, 67.97 W, 73, 61 %, 2986 MiB
2026/08/03 19:06:23.336, 76.22 W, 74, 53 %, 2994 MiB
2026/08/03 19:06:24.342, 70.25 W, 74, 93 %, 2994 MiB
2026/08/03 19:06:25.346, 77.70 W, 74, 93 %, 2994 MiB
2026/08/03 19:06:26.350, 74.07 W, 73, 94 %, 2994 MiB
2026/08/03 19:06:27.356, 76.65 W, 74, 93 %, 2994 MiB
2026/08/03 19:06:28.359, 74.55 W, 73, 94 %, 2994 MiB
2026/08/03 19:06:29.362, 78.24 W, 75, 93 %, 2994 MiB
2026/08/03 19:06:30.367, 75.36 W, 74, 94 %, 2994 MiB
2026/08/03 19:06:31.371, 65.64 W, 75, 93 %, 2994 MiB
2026/08/03 19:06:32.376, 76.65 W, 74, 94 %, 2994 MiB
2026/08/03 19:06:33.379, 68.09 W, 74, 93 %, 2994 MiB
2026/08/03 19:06:34.383, 76.25 W, 75, 94 %, 2994 MiB
2026/08/03 19:06:35.390, 67.37 W, 75, 93 %, 2994 MiB
2026/08/03 19:06:36.394, 76.75 W, 75, 94 %, 2994 MiB
2026/08/03 19:06:37.399, 69.78 W, 74, 92 %, 2994 MiB
2026/08/03 19:06:38.406, 77.54 W, 74, 94 %, 2994 MiB
2026/08/03 19:06:39.411, 69.68 W, 74, 93 %, 2994 MiB
2026/08/03 19:06:40.415, 76.31 W, 74, 94 %, 2994 MiB
2026/08/03 19:06:41.419, 72.23 W, 74, 93 %, 2994 MiB
2026/08/03 19:06:42.424, 77.03 W, 74, 94 %, 1806 MiB
2026/08/03 19:06:43.427, 35.13 W, 69, 63 %, 1822 MiB
2026/08/03 19:06:44.430, 78.49 W, 74, 47 %, 2998 MiB
2026/08/03 19:06:45.434, 73.75 W, 74, 92 %, 2998 MiB
2026/08/03 19:06:46.438, 68.70 W, 74, 95 %, 2998 MiB
2026/08/03 19:06:47.442, 76.22 W, 74, 93 %, 2998 MiB
2026/08/03 19:06:48.446, 67.55 W, 74, 94 %, 2998 MiB
2026/08/03 19:06:49.451, 77.21 W, 74, 93 %, 2998 MiB
2026/08/03 19:06:50.456, 68.70 W, 74, 95 %, 2998 MiB
2026/08/03 19:06:51.460, 77.86 W, 74, 92 %, 2998 MiB
2026/08/03 19:06:52.466, 70.50 W, 74, 94 %, 3000 MiB
2026/08/03 19:06:53.471, 75.91 W, 74, 92 %, 3002 MiB
2026/08/03 19:06:54.476, 72.50 W, 74, 94 %, 3002 MiB
2026/08/03 19:06:55.481, 76.12 W, 74, 93 %, 3002 MiB
2026/08/03 19:06:56.488, 72.48 W, 74, 94 %, 3002 MiB
2026/08/03 19:06:57.492, 76.19 W, 74, 94 %, 3002 MiB
2026/08/03 19:06:58.496, 71.85 W, 74, 95 %, 3002 MiB
2026/08/03 19:06:59.505, 75.86 W, 74, 93 %, 3002 MiB
2026/08/03 19:07:00.509, 72.56 W, 73, 94 %, 3002 MiB
2026/08/03 19:07:01.512, 76.21 W, 75, 93 %, 3002 MiB
2026/08/03 19:07:02.516, 74.77 W, 74, 95 %, 3002 MiB
2026/08/03 19:07:03.519, 68.39 W, 74, 92 %, 3002 MiB
2026/08/03 19:07:04.523, 74.23 W, 71, 73 %, 1808 MiB
2026/08/03 19:07:05.529, 67.87 W, 74, 36 %, 2996 MiB
2026/08/03 19:07:06.533, 75.67 W, 74, 95 %, 2996 MiB
2026/08/03 19:07:07.537, 67.92 W, 74, 93 %, 2996 MiB
2026/08/03 19:07:08.544, 75.93 W, 74, 95 %, 2996 MiB
2026/08/03 19:07:09.549, 68.07 W, 74, 93 %, 2996 MiB
2026/08/03 19:07:10.553, 75.73 W, 74, 94 %, 2996 MiB
2026/08/03 19:07:11.558, 70.41 W, 74, 92 %, 2996 MiB
2026/08/03 19:07:12.563, 77.67 W, 74, 94 %, 2996 MiB
2026/08/03 19:07:13.567, 72.33 W, 73, 93 %, 3000 MiB
2026/08/03 19:07:14.573, 77.15 W, 74, 93 %, 3000 MiB
2026/08/03 19:07:15.577, 71.30 W, 73, 94 %, 3000 MiB
2026/08/03 19:07:16.581, 77.52 W, 74, 93 %, 3000 MiB
2026/08/03 19:07:17.585, 71.09 W, 73, 94 %, 3000 MiB
2026/08/03 19:07:18.588, 67.34 W, 74, 94 %, 3000 MiB
2026/08/03 19:07:19.592, 73.33 W, 74, 94 %, 3000 MiB
2026/08/03 19:07:20.595, 68.67 W, 74, 93 %, 3000 MiB
2026/08/03 19:07:21.600, 74.36 W, 74, 94 %, 3000 MiB
2026/08/03 19:07:22.605, 68.25 W, 74, 93 %, 3000 MiB
2026/08/03 19:07:23.609, 74.79 W, 74, 95 %, 3000 MiB
2026/08/03 19:07:24.613, 69.11 W, 74, 93 %, 3000 MiB
2026/08/03 19:07:25.621, 73.48 W, 72, 75 %, 1810 MiB
2026/08/03 19:07:26.624, 70.17 W, 72, 41 %, 2994 MiB
2026/08/03 19:07:27.628, 76.40 W, 73, 86 %, 2996 MiB
2026/08/03 19:07:28.635, 69.74 W, 74, 93 %, 2998 MiB
2026/08/03 19:07:29.643, 75.74 W, 74, 94 %, 2998 MiB
2026/08/03 19:07:30.648, 70.76 W, 73, 93 %, 2998 MiB
2026/08/03 19:07:31.653, 76.71 W, 74, 94 %, 2998 MiB
2026/08/03 19:07:32.656, 70.56 W, 73, 93 %, 3002 MiB
2026/08/03 19:07:33.660, 76.08 W, 74, 95 %, 3002 MiB
2026/08/03 19:07:34.665, 73.42 W, 73, 93 %, 3002 MiB
2026/08/03 19:07:35.671, 67.06 W, 74, 95 %, 3002 MiB
2026/08/03 19:07:36.674, 72.79 W, 74, 93 %, 3002 MiB
2026/08/03 19:07:37.677, 67.82 W, 75, 94 %, 3002 MiB
2026/08/03 19:07:38.683, 75.12 W, 74, 92 %, 3002 MiB
2026/08/03 19:07:39.687, 67.81 W, 74, 95 %, 3002 MiB
2026/08/03 19:07:40.691, 75.45 W, 74, 93 %, 3002 MiB
2026/08/03 19:07:41.695, 67.63 W, 74, 94 %, 3002 MiB
2026/08/03 19:07:42.699, 75.57 W, 74, 93 %, 3002 MiB
2026/08/03 19:07:43.705, 68.02 W, 74, 94 %, 3002 MiB
2026/08/03 19:07:44.709, 75.09 W, 74, 93 %, 3002 MiB
2026/08/03 19:07:45.714, 68.18 W, 74, 95 %, 3002 MiB
2026/08/03 19:07:46.719, 73.88 W, 73, 80 %, 1810 MiB
2026/08/03 19:07:47.725, 35.15 W, 69, 54 %, 1822 MiB
2026/08/03 19:07:48.728, 75.56 W, 74, 67 %, 2998 MiB
2026/08/03 19:07:49.732, 75.16 W, 74, 94 %, 2998 MiB
2026/08/03 19:07:50.735, 67.55 W, 74, 92 %, 2998 MiB
2026/08/03 19:07:51.739, 75.60 W, 75, 94 %, 2998 MiB
2026/08/03 19:07:52.743, 68.15 W, 74, 93 %, 2998 MiB
2026/08/03 19:07:53.747, 75.02 W, 75, 94 %, 2998 MiB
2026/08/03 19:07:54.751, 68.15 W, 74, 93 %, 2998 MiB
2026/08/03 19:07:55.759, 75.42 W, 74, 94 %, 2998 MiB
2026/08/03 19:07:56.763, 68.29 W, 74, 92 %, 2998 MiB
2026/08/03 19:07:57.767, 76.74 W, 74, 94 %, 2998 MiB
2026/08/03 19:07:58.776, 67.34 W, 74, 93 %, 2998 MiB
2026/08/03 19:07:59.781, 76.25 W, 74, 94 %, 2998 MiB
2026/08/03 19:08:00.784, 70.77 W, 73, 93 %, 3000 MiB
2026/08/03 19:08:01.791, 76.04 W, 74, 93 %, 3000 MiB
2026/08/03 19:08:02.799, 74.09 W, 73, 94 %, 3000 MiB
2026/08/03 19:08:03.802, 76.05 W, 74, 93 %, 3000 MiB
2026/08/03 19:08:04.807, 72.21 W, 73, 94 %, 3000 MiB
2026/08/03 19:08:05.814, 69.28 W, 74, 94 %, 3000 MiB
2026/08/03 19:08:06.818, 74.09 W, 74, 94 %, 3000 MiB
2026/08/03 19:08:07.821, 68.18 W, 74, 94 %, 3000 MiB
2026/08/03 19:08:08.829, 74.41 W, 71, 92 %, 1798 MiB
2026/08/03 19:08:09.832, 68.94 W, 74, 60 %, 2996 MiB
2026/08/03 19:08:10.836, 77.53 W, 74, 49 %, 2998 MiB
2026/08/03 19:08:11.841, 71.01 W, 74, 94 %, 3000 MiB
2026/08/03 19:08:12.845, 75.81 W, 74, 93 %, 3000 MiB
2026/08/03 19:08:13.851, 72.65 W, 74, 94 %, 3000 MiB
2026/08/03 19:08:14.857, 76.70 W, 74, 93 %, 3000 MiB
2026/08/03 19:08:15.866, 75.51 W, 73, 94 %, 3000 MiB
2026/08/03 19:08:16.872, 77.85 W, 74, 92 %, 3000 MiB
2026/08/03 19:08:17.876, 74.94 W, 73, 94 %, 3000 MiB
2026/08/03 19:08:18.880, 75.00 W, 74, 92 %, 3000 MiB
2026/08/03 19:08:19.884, 74.14 W, 75, 94 %, 3000 MiB
2026/08/03 19:08:20.888, 69.85 W, 74, 92 %, 3000 MiB
2026/08/03 19:08:21.892, 74.07 W, 75, 94 %, 3000 MiB
2026/08/03 19:08:22.896, 75.09 W, 74, 92 %, 3000 MiB
2026/08/03 19:08:23.900, 77.48 W, 74, 94 %, 3000 MiB
2026/08/03 19:08:24.906, 74.11 W, 74, 93 %, 3000 MiB
2026/08/03 19:08:25.911, 78.99 W, 74, 95 %, 3000 MiB
2026/08/03 19:08:26.916, 75.18 W, 74, 93 %, 3000 MiB
2026/08/03 19:08:27.922, 77.45 W, 74, 94 %, 3000 MiB
2026/08/03 19:08:28.930, 74.60 W, 74, 93 %, 3000 MiB
2026/08/03 19:08:29.934, 74.99 W, 74, 94 %, 1806 MiB
2026/08/03 19:08:30.938, 54.26 W, 72, 64 %, 2446 MiB
2026/08/03 19:08:31.941, 67.78 W, 74, 43 %, 2996 MiB
2026/08/03 19:08:32.945, 73.33 W, 74, 94 %, 2996 MiB
2026/08/03 19:08:33.951, 65.45 W, 74, 93 %, 2996 MiB
2026/08/03 19:08:34.956, 72.52 W, 74, 94 %, 2996 MiB
2026/08/03 19:08:35.962, 66.00 W, 74, 92 %, 2996 MiB
2026/08/03 19:08:36.966, 73.24 W, 74, 94 %, 2996 MiB
2026/08/03 19:08:37.971, 67.71 W, 74, 92 %, 2998 MiB
2026/08/03 19:08:38.976, 73.03 W, 74, 94 %, 2998 MiB
2026/08/03 19:08:39.980, 73.91 W, 74, 93 %, 2998 MiB
2026/08/03 19:08:40.986, 71.94 W, 74, 94 %, 2998 MiB
2026/08/03 19:08:41.994, 73.96 W, 74, 93 %, 2998 MiB
2026/08/03 19:08:42.998, 73.76 W, 74, 95 %, 3000 MiB
2026/08/03 19:08:44.002, 73.72 W, 73, 93 %, 3000 MiB
2026/08/03 19:08:45.009, 68.70 W, 74, 94 %, 3000 MiB
2026/08/03 19:08:46.013, 73.92 W, 73, 93 %, 3000 MiB
2026/08/03 19:08:47.016, 70.33 W, 74, 94 %, 3000 MiB
2026/08/03 19:08:48.022, 74.71 W, 74, 93 %, 3000 MiB
2026/08/03 19:08:49.026, 70.63 W, 74, 94 %, 3000 MiB
2026/08/03 19:08:50.031, 73.16 W, 75, 93 %, 3000 MiB
2026/08/03 19:08:51.039, 70.76 W, 74, 94 %, 1242 MiB
2026/08/03 19:08:52.044, 35.11 W, 69, 72 %, 1810 MiB
2026/08/03 19:08:53.047, 66.90 W, 74, 37 %, 2996 MiB
2026/08/03 19:08:54.051, 73.06 W, 74, 93 %, 2996 MiB
2026/08/03 19:08:55.055, 66.99 W, 74, 94 %, 2996 MiB
2026/08/03 19:08:56.059, 71.75 W, 74, 92 %, 2996 MiB
2026/08/03 19:08:57.069, 73.75 W, 74, 94 %, 2996 MiB
2026/08/03 19:08:58.073, 68.34 W, 74, 92 %, 2996 MiB
2026/08/03 19:08:59.077, 73.07 W, 73, 95 %, 2998 MiB
2026/08/03 19:09:00.083, 68.26 W, 74, 92 %, 2998 MiB
2026/08/03 19:09:01.088, 73.03 W, 74, 94 %, 2998 MiB
2026/08/03 19:09:02.092, 66.35 W, 75, 92 %, 2998 MiB
2026/08/03 19:09:03.098, 73.19 W, 74, 94 %, 2998 MiB
2026/08/03 19:09:04.102, 67.45 W, 74, 92 %, 2998 MiB
2026/08/03 19:09:05.106, 74.04 W, 74, 94 %, 2998 MiB
2026/08/03 19:09:06.113, 68.94 W, 74, 93 %, 2998 MiB
2026/08/03 19:09:07.117, 75.82 W, 74, 93 %, 2998 MiB
2026/08/03 19:09:08.121, 66.10 W, 74, 93 %, 2998 MiB
2026/08/03 19:09:09.127, 75.48 W, 74, 93 %, 2998 MiB
2026/08/03 19:09:10.131, 66.52 W, 74, 95 %, 2998 MiB
2026/08/03 19:09:11.135, 75.24 W, 74, 93 %, 2998 MiB
2026/08/03 19:09:12.141, 73.49 W, 74, 94 %, 3000 MiB
2026/08/03 19:09:13.144, 46.50 W, 73, 79 %, 1784 MiB
2026/08/03 19:09:14.149, 74.04 W, 73, 50 %, 2984 MiB
2026/08/03 19:09:15.154, 67.39 W, 74, 72 %, 2990 MiB
2026/08/03 19:09:16.157, 74.27 W, 74, 94 %, 2990 MiB
2026/08/03 19:09:17.161, 66.39 W, 74, 92 %, 2990 MiB
2026/08/03 19:09:18.167, 76.17 W, 74, 94 %, 2990 MiB
2026/08/03 19:09:19.173, 68.17 W, 74, 92 %, 2990 MiB
2026/08/03 19:09:20.177, 76.91 W, 74, 94 %, 2990 MiB
2026/08/03 19:09:21.182, 71.60 W, 74, 93 %, 2990 MiB
2026/08/03 19:09:22.190, 75.83 W, 74, 95 %, 2990 MiB
2026/08/03 19:09:23.194, 74.76 W, 73, 92 %, 2990 MiB
2026/08/03 19:09:24.199, 78.57 W, 74, 94 %, 2990 MiB
2026/08/03 19:09:25.203, 74.97 W, 73, 92 %, 2992 MiB
2026/08/03 19:09:26.207, 76.73 W, 74, 94 %, 2992 MiB
2026/08/03 19:09:27.210, 72.79 W, 75, 92 %, 2992 MiB
2026/08/03 19:09:28.216, 71.29 W, 74, 94 %, 2992 MiB
2026/08/03 19:09:29.220, 75.80 W, 74, 93 %, 2992 MiB
2026/08/03 19:09:30.225, 74.97 W, 74, 94 %, 2992 MiB
2026/08/03 19:09:31.232, 76.63 W, 74, 93 %, 2992 MiB
2026/08/03 19:09:32.236, 74.12 W, 74, 94 %, 2992 MiB
2026/08/03 19:09:33.241, 76.56 W, 74, 94 %, 2992 MiB
2026/08/03 19:09:34.246, 42.35 W, 72, 92 %, 1810 MiB
2026/08/03 19:09:35.251, 34.88 W, 69, 60 %, 1822 MiB
2026/08/03 19:09:36.254, 65.92 W, 73, 3 %, 3006 MiB
2026/08/03 19:09:37.260, 75.03 W, 74, 66 %, 3006 MiB
2026/08/03 19:09:38.264, 68.15 W, 74, 92 %, 3008 MiB
2026/08/03 19:09:39.268, 72.14 W, 74, 93 %, 3008 MiB
2026/08/03 19:09:40.275, 67.36 W, 74, 94 %, 3008 MiB
2026/08/03 19:09:41.279, 72.67 W, 74, 93 %, 3010 MiB
2026/08/03 19:09:42.284, 67.83 W, 74, 94 %, 3010 MiB
2026/08/03 19:09:43.291, 73.73 W, 74, 93 %, 3010 MiB
2026/08/03 19:09:44.295, 74.10 W, 74, 94 %, 3010 MiB
2026/08/03 19:09:45.298, 76.88 W, 74, 92 %, 3010 MiB
2026/08/03 19:09:46.305, 66.86 W, 74, 94 %, 3010 MiB
2026/08/03 19:09:47.309, 76.24 W, 74, 92 %, 3010 MiB
2026/08/03 19:09:48.314, 69.03 W, 75, 93 %, 3010 MiB
2026/08/03 19:09:49.319, 74.58 W, 74, 93 %, 3010 MiB
2026/08/03 19:09:50.324, 66.85 W, 74, 93 %, 3010 MiB
2026/08/03 19:09:51.328, 72.86 W, 74, 94 %, 3010 MiB
2026/08/03 19:09:52.333, 65.90 W, 74, 93 %, 3010 MiB
2026/08/03 19:09:53.337, 72.65 W, 74, 93 %, 3010 MiB
2026/08/03 19:09:54.341, 66.25 W, 74, 92 %, 3010 MiB
2026/08/03 19:09:55.350, 72.54 W, 74, 94 %, 3010 MiB
2026/08/03 19:09:56.353, 63.31 W, 73, 79 %, 1810 MiB
2026/08/03 19:09:57.358, 43.94 W, 72, 57 %, 2424 MiB
2026/08/03 19:09:58.362, 66.39 W, 74, 65 %, 3008 MiB
2026/08/03 19:09:59.370, 72.46 W, 74, 94 %, 3008 MiB
2026/08/03 19:10:00.374, 68.20 W, 74, 92 %, 3008 MiB
2026/08/03 19:10:01.378, 76.10 W, 74, 94 %, 3008 MiB
2026/08/03 19:10:02.387, 67.73 W, 74, 93 %, 3008 MiB
2026/08/03 19:10:03.391, 75.21 W, 74, 94 %, 3008 MiB
2026/08/03 19:10:04.394, 69.02 W, 75, 92 %, 3008 MiB
2026/08/03 19:10:05.398, 74.95 W, 74, 94 %, 3008 MiB
2026/08/03 19:10:06.402, 65.87 W, 74, 92 %, 3008 MiB
2026/08/03 19:10:07.408, 72.59 W, 74, 94 %, 3008 MiB
2026/08/03 19:10:08.412, 66.33 W, 74, 92 %, 3008 MiB
2026/08/03 19:10:09.416, 72.86 W, 74, 94 %, 3008 MiB
2026/08/03 19:10:10.424, 68.23 W, 74, 92 %, 3008 MiB
2026/08/03 19:10:11.428, 72.84 W, 74, 94 %, 3008 MiB
2026/08/03 19:10:12.432, 67.57 W, 75, 93 %, 3008 MiB
2026/08/03 19:10:13.440, 73.90 W, 74, 93 %, 3008 MiB
2026/08/03 19:10:14.444, 70.82 W, 74, 94 %, 3008 MiB
2026/08/03 19:10:15.448, 73.08 W, 74, 92 %, 3008 MiB
2026/08/03 19:10:16.452, 66.37 W, 74, 95 %, 3008 MiB
2026/08/03 19:10:17.456, 73.35 W, 71, 80 %, 1808 MiB
2026/08/03 19:10:18.460, 35.21 W, 69, 56 %, 1822 MiB
2026/08/03 19:10:19.463, 75.25 W, 74, 66 %, 3006 MiB
2026/08/03 19:10:20.468, 67.66 W, 74, 94 %, 3008 MiB
2026/08/03 19:10:21.473, 75.25 W, 74, 92 %, 3008 MiB
2026/08/03 19:10:22.477, 67.16 W, 74, 94 %, 3008 MiB
2026/08/03 19:10:23.482, 74.83 W, 74, 91 %, 3008 MiB
2026/08/03 19:10:24.489, 67.27 W, 74, 94 %, 3008 MiB
2026/08/03 19:10:25.493, 72.80 W, 74, 93 %, 3008 MiB
2026/08/03 19:10:26.497, 68.08 W, 74, 94 %, 3008 MiB
2026/08/03 19:10:27.505, 72.86 W, 75, 93 %, 3008 MiB
2026/08/03 19:10:28.509, 67.19 W, 74, 94 %, 3008 MiB
2026/08/03 19:10:29.513, 73.56 W, 74, 93 %, 3008 MiB
2026/08/03 19:10:30.521, 68.02 W, 74, 94 %, 3008 MiB
2026/08/03 19:10:31.526, 77.35 W, 75, 92 %, 3008 MiB
2026/08/03 19:10:32.530, 68.50 W, 74, 94 %, 3008 MiB
2026/08/03 19:10:33.535, 75.62 W, 74, 92 %, 3008 MiB
2026/08/03 19:10:34.540, 67.32 W, 74, 93 %, 3008 MiB
2026/08/03 19:10:35.544, 74.83 W, 74, 93 %, 3008 MiB
2026/08/03 19:10:36.551, 67.93 W, 74, 92 %, 3008 MiB
2026/08/03 19:10:37.555, 73.72 W, 74, 94 %, 3008 MiB
2026/08/03 19:10:38.559, 59.23 W, 73, 79 %, 1238 MiB
2026/08/03 19:10:39.567, 35.18 W, 69, 59 %, 1810 MiB
2026/08/03 19:10:40.570, 68.13 W, 74, 64 %, 3008 MiB
2026/08/03 19:10:41.574, 72.79 W, 74, 95 %, 3008 MiB
2026/08/03 19:10:42.579, 67.34 W, 74, 93 %, 3008 MiB
2026/08/03 19:10:43.586, 72.73 W, 74, 94 %, 3008 MiB
2026/08/03 19:10:44.591, 65.66 W, 74, 92 %, 3008 MiB
2026/08/03 19:10:45.594, 73.26 W, 74, 94 %, 3008 MiB
2026/08/03 19:10:46.603, 74.15 W, 74, 93 %, 3008 MiB
2026/08/03 19:10:47.607, 76.52 W, 74, 94 %, 3008 MiB
2026/08/03 19:10:48.610, 69.11 W, 75, 93 %, 3008 MiB
2026/08/03 19:10:49.619, 74.94 W, 74, 94 %, 3008 MiB
2026/08/03 19:10:50.624, 66.75 W, 74, 92 %, 3008 MiB
2026/08/03 19:10:51.629, 73.96 W, 75, 94 %, 3008 MiB
2026/08/03 19:10:52.633, 67.32 W, 75, 94 %, 3008 MiB
2026/08/03 19:10:53.637, 72.78 W, 75, 92 %, 3008 MiB
2026/08/03 19:10:54.642, 65.25 W, 74, 94 %, 3008 MiB
2026/08/03 19:10:55.648, 73.21 W, 74, 92 %, 3008 MiB
2026/08/03 19:10:56.654, 67.67 W, 74, 93 %, 3008 MiB
2026/08/03 19:10:57.658, 74.29 W, 74, 94 %, 3008 MiB
2026/08/03 19:10:58.663, 74.77 W, 74, 92 %, 3008 MiB
2026/08/03 19:10:59.666, 34.31 W, 70, 94 %, 2322 MiB
2026/08/03 19:11:00.670, 38.18 W, 70, 79 %, 1798 MiB
2026/08/03 19:11:01.673, 74.27 W, 74, 58 %, 3010 MiB
2026/08/03 19:11:02.677, 72.50 W, 74, 63 %, 3010 MiB
2026/08/03 19:11:03.683, 76.84 W, 74, 94 %, 3010 MiB
2026/08/03 19:11:04.689, 68.12 W, 74, 93 %, 3010 MiB
2026/08/03 19:11:05.693, 75.40 W, 74, 95 %, 3010 MiB
2026/08/03 19:11:06.699, 68.54 W, 74, 92 %, 3010 MiB
2026/08/03 19:11:07.703, 74.23 W, 74, 94 %, 3010 MiB
2026/08/03 19:11:08.707, 68.07 W, 75, 93 %, 3010 MiB
2026/08/03 19:11:09.712, 73.21 W, 74, 95 %, 3010 MiB
2026/08/03 19:11:10.716, 67.64 W, 74, 91 %, 3010 MiB
2026/08/03 19:11:11.720, 72.67 W, 74, 94 %, 3010 MiB
2026/08/03 19:11:12.727, 66.59 W, 74, 92 %, 3010 MiB
2026/08/03 19:11:13.731, 74.30 W, 75, 94 %, 3010 MiB
2026/08/03 19:11:14.735, 70.87 W, 75, 92 %, 3010 MiB
2026/08/03 19:11:15.739, 72.92 W, 75, 94 %, 3010 MiB
2026/08/03 19:11:16.742, 77.08 W, 75, 93 %, 3010 MiB
2026/08/03 19:11:17.748, 75.48 W, 74, 93 %, 3010 MiB
2026/08/03 19:11:18.754, 68.44 W, 74, 93 %, 3010 MiB
2026/08/03 19:11:19.758, 73.57 W, 74, 93 %, 3010 MiB
2026/08/03 19:11:20.762, 67.44 W, 74, 94 %, 3010 MiB
2026/08/03 19:11:21.765, 73.44 W, 71, 79 %, 1810 MiB
2026/08/03 19:11:22.768, 66.28 W, 73, 59 %, 3008 MiB
2026/08/03 19:11:23.774, 74.53 W, 74, 63 %, 3008 MiB
2026/08/03 19:11:24.779, 66.94 W, 74, 95 %, 3008 MiB
2026/08/03 19:11:25.783, 72.43 W, 74, 93 %, 3008 MiB
2026/08/03 19:11:26.787, 64.94 W, 74, 94 %, 3008 MiB
2026/08/03 19:11:27.791, 73.61 W, 74, 92 %, 3008 MiB
2026/08/03 19:11:28.795, 68.21 W, 74, 94 %, 3008 MiB
2026/08/03 19:11:29.799, 73.02 W, 74, 92 %, 3008 MiB
2026/08/03 19:11:30.804, 69.99 W, 74, 94 %, 3008 MiB
2026/08/03 19:11:31.808, 73.38 W, 74, 92 %, 3008 MiB
2026/08/03 19:11:32.812, 68.74 W, 74, 94 %, 3008 MiB
2026/08/03 19:11:33.816, 75.25 W, 74, 93 %, 3008 MiB
2026/08/03 19:11:34.823, 68.99 W, 75, 94 %, 3008 MiB
2026/08/03 19:11:35.827, 74.80 W, 75, 93 %, 3008 MiB
2026/08/03 19:11:36.830, 67.55 W, 74, 94 %, 3008 MiB
2026/08/03 19:11:37.838, 72.95 W, 75, 93 %, 3008 MiB
2026/08/03 19:11:38.842, 66.62 W, 75, 94 %, 3008 MiB
2026/08/03 19:11:39.846, 73.19 W, 74, 93 %, 3008 MiB
2026/08/03 19:11:40.852, 73.25 W, 75, 93 %, 3008 MiB
2026/08/03 19:11:41.856, 73.97 W, 74, 95 %, 3008 MiB
2026/08/03 19:11:42.860, 69.11 W, 73, 79 %, 1810 MiB
2026/08/03 19:11:43.867, 73.82 W, 74, 57 %, 3006 MiB
2026/08/03 19:11:44.873, 73.92 W, 74, 65 %, 3008 MiB
2026/08/03 19:11:45.877, 73.44 W, 74, 94 %, 3008 MiB
2026/08/03 19:11:46.883, 79.35 W, 74, 93 %, 3008 MiB
2026/08/03 19:11:47.891, 75.34 W, 74, 94 %, 3008 MiB
2026/08/03 19:11:48.894, 67.14 W, 74, 93 %, 3008 MiB
2026/08/03 19:11:49.898, 75.03 W, 74, 94 %, 3008 MiB
2026/08/03 19:11:50.901, 67.56 W, 74, 92 %, 3008 MiB
2026/08/03 19:11:51.905, 72.58 W, 74, 94 %, 3008 MiB
2026/08/03 19:11:52.910, 65.42 W, 74, 92 %, 3008 MiB
2026/08/03 19:11:53.914, 73.27 W, 74, 94 %, 3008 MiB
2026/08/03 19:11:54.918, 67.61 W, 74, 92 %, 3008 MiB
2026/08/03 19:11:55.922, 73.53 W, 74, 94 %, 3008 MiB
2026/08/03 19:11:56.926, 68.46 W, 74, 92 %, 3008 MiB
2026/08/03 19:11:57.931, 73.46 W, 74, 94 %, 3008 MiB
2026/08/03 19:11:58.935, 77.24 W, 74, 93 %, 3008 MiB
2026/08/03 19:11:59.939, 75.50 W, 73, 93 %, 3008 MiB
2026/08/03 19:12:00.944, 77.08 W, 75, 94 %, 3008 MiB
2026/08/03 19:12:01.948, 70.49 W, 73, 93 %, 3008 MiB
2026/08/03 19:12:02.951, 67.37 W, 74, 94 %, 3008 MiB
2026/08/03 19:12:03.956, 70.83 W, 71, 79 %, 1786 MiB
2026/08/03 19:12:04.959, 66.84 W, 73, 57 %, 2996 MiB
2026/08/03 19:12:05.963, 72.91 W, 74, 65 %, 3000 MiB
2026/08/03 19:12:06.966, 67.09 W, 74, 94 %, 3002 MiB
2026/08/03 19:12:07.970, 72.84 W, 73, 92 %, 3002 MiB
2026/08/03 19:12:08.975, 66.64 W, 74, 94 %, 3002 MiB
2026/08/03 19:12:09.979, 74.49 W, 74, 92 %, 3002 MiB
2026/08/03 19:12:10.983, 71.93 W, 74, 94 %, 3002 MiB
2026/08/03 19:12:11.987, 73.85 W, 74, 92 %, 3002 MiB
2026/08/03 19:12:12.990, 77.22 W, 74, 94 %, 3002 MiB
2026/08/03 19:12:13.995, 75.94 W, 74, 93 %, 3002 MiB
2026/08/03 19:12:14.998, 76.59 W, 74, 94 %, 3002 MiB
2026/08/03 19:12:16.001, 72.87 W, 73, 92 %, 3002 MiB
2026/08/03 19:12:17.005, 67.38 W, 75, 94 %, 3002 MiB
2026/08/03 19:12:18.009, 72.30 W, 73, 93 %, 3002 MiB
2026/08/03 19:12:19.016, 67.92 W, 74, 92 %, 3002 MiB
2026/08/03 19:12:20.020, 73.19 W, 73, 94 %, 3002 MiB
2026/08/03 19:12:21.024, 70.67 W, 74, 92 %, 3002 MiB
2026/08/03 19:12:22.031, 73.33 W, 73, 94 %, 3002 MiB
2026/08/03 19:12:23.034, 77.09 W, 74, 92 %, 3002 MiB
2026/08/03 19:12:24.039, 74.27 W, 73, 94 %, 3002 MiB
2026/08/03 19:12:25.042, 80.53 W, 73, 79 %, 1808 MiB
2026/08/03 19:12:26.046, 62.94 W, 72, 56 %, 2424 MiB
2026/08/03 19:12:27.050, 75.96 W, 74, 66 %, 2990 MiB
2026/08/03 19:12:28.054, 74.43 W, 74, 94 %, 2990 MiB
2026/08/03 19:12:29.057, 77.95 W, 74, 92 %, 2990 MiB
2026/08/03 19:12:30.064, 75.14 W, 74, 94 %, 2990 MiB
2026/08/03 19:12:31.067, 68.84 W, 74, 92 %, 2990 MiB
2026/08/03 19:12:32.071, 73.81 W, 74, 94 %, 2990 MiB
2026/08/03 19:12:33.078, 65.16 W, 74, 93 %, 2990 MiB
2026/08/03 19:12:34.082, 72.17 W, 74, 94 %, 2990 MiB
2026/08/03 19:12:35.085, 67.37 W, 74, 93 %, 2990 MiB
2026/08/03 19:12:36.089, 73.01 W, 74, 93 %, 2990 MiB
2026/08/03 19:12:37.095, 68.15 W, 74, 93 %, 2990 MiB
2026/08/03 19:12:38.099, 72.82 W, 74, 94 %, 2990 MiB
2026/08/03 19:12:39.102, 71.77 W, 74, 92 %, 2990 MiB
2026/08/03 19:12:40.106, 73.37 W, 74, 93 %, 2990 MiB
2026/08/03 19:12:41.113, 76.59 W, 74, 94 %, 2990 MiB
2026/08/03 19:12:42.117, 75.30 W, 74, 92 %, 2990 MiB
2026/08/03 19:12:43.120, 78.63 W, 74, 94 %, 2990 MiB
2026/08/03 19:12:44.128, 72.32 W, 74, 93 %, 2990 MiB
2026/08/03 19:12:45.132, 67.33 W, 74, 95 %, 2990 MiB
2026/08/03 19:12:46.136, 68.68 W, 71, 79 %, 1808 MiB
2026/08/03 19:12:47.139, 35.15 W, 69, 57 %, 1822 MiB
2026/08/03 19:12:48.142, 76.31 W, 74, 63 %, 3006 MiB
2026/08/03 19:12:49.147, 66.73 W, 74, 94 %, 3008 MiB
2026/08/03 19:12:50.152, 74.28 W, 74, 92 %, 3008 MiB
2026/08/03 19:12:51.156, 67.65 W, 74, 94 %, 3008 MiB
2026/08/03 19:12:52.162, 72.80 W, 74, 92 %, 3008 MiB
2026/08/03 19:12:53.167, 66.76 W, 74, 94 %, 3008 MiB
2026/08/03 19:12:54.170, 72.66 W, 74, 93 %, 3008 MiB
2026/08/03 19:12:55.179, 67.07 W, 74, 94 %, 3008 MiB
2026/08/03 19:12:56.183, 73.58 W, 74, 92 %, 3008 MiB
2026/08/03 19:12:57.187, 73.66 W, 74, 94 %, 3008 MiB
2026/08/03 19:12:58.194, 72.94 W, 74, 92 %, 3008 MiB
2026/08/03 19:12:59.198, 74.82 W, 74, 94 %, 3008 MiB
2026/08/03 19:13:00.202, 76.54 W, 75, 93 %, 3008 MiB
2026/08/03 19:13:01.205, 68.50 W, 74, 94 %, 3008 MiB
2026/08/03 19:13:02.209, 75.12 W, 74, 93 %, 3008 MiB
2026/08/03 19:13:03.213, 68.61 W, 74, 94 %, 3008 MiB
2026/08/03 19:13:04.216, 73.83 W, 74, 92 %, 3008 MiB
2026/08/03 19:13:05.220, 66.07 W, 74, 93 %, 3008 MiB
2026/08/03 19:13:06.226, 73.55 W, 74, 93 %, 3008 MiB
2026/08/03 19:13:07.229, 65.01 W, 74, 79 %, 1244 MiB
2026/08/03 19:13:08.234, 35.11 W, 69, 60 %, 1812 MiB
2026/08/03 19:13:09.237, 35.55 W, 69, 1 %, 1822 MiB
2026/08/03 19:13:10.241, 50.42 W, 69, 56 %, 1822 MiB
2026/08/03 19:13:11.244, 34.56 W, 68, 5 %, 1822 MiB
2026/08/03 19:13:12.247, 25.93 W, 67, 0 %, 1822 MiB
2026/08/03 19:13:13.250, 26.01 W, 66, 0 %, 1822 MiB
2026/08/03 19:13:14.253, 25.91 W, 66, 0 %, 1822 MiB
2026/08/03 19:13:15.257, 25.90 W, 65, 0 %, 1822 MiB
2026/08/03 19:13:16.260, 26.05 W, 65, 4 %, 380 MiB
