timestamp, power.draw [W], temperature.gpu, utilization.gpu [%], memory.used [MiB]
2026/08/03 19:20:02.220, 10.32 W, 35, 0 %, 7 MiB
2026/08/03 19:20:03.232, 10.06 W, 35, 0 %, 7 MiB
2026/08/03 19:20:04.240, 10.32 W, 35, 0 %, 7 MiB
2026/08/03 19:20:05.247, 25.05 W, 37, 0 %, 62 MiB
2026/08/03 19:20:06.251, 25.03 W, 37, 0 %, 62 MiB
2026/08/03 19:20:07.254, 24.96 W, 37, 0 %, 102 MiB
2026/08/03 19:20:08.257, 24.93 W, 37, 0 %, 102 MiB
2026/08/03 19:20:09.261, 25.02 W, 37, 0 %, 112 MiB
2026/08/03 19:20:10.264, 24.99 W, 37, 0 %, 112 MiB
2026/08/03 19:20:11.268, 24.93 W, 37, 2 %, 3702 MiB
2026/08/03 19:20:12.272, 25.14 W, 37, 12 %, 3390 MiB
2026/08/03 19:20:13.278, 27.15 W, 38, 0 %, 3390 MiB
2026/08/03 19:20:14.285, 25.09 W, 38, 12 %, 3448 MiB
2026/08/03 19:20:15.292, 47.68 W, 40, 1 %, 3382 MiB
2026/08/03 19:20:16.296, 74.74 W, 44, 46 %, 3412 MiB
2026/08/03 19:20:17.301, 76.68 W, 45, 87 %, 3420 MiB
2026/08/03 19:20:18.307, 59.52 W, 45, 90 %, 3420 MiB
2026/08/03 19:20:19.310, 76.81 W, 45, 90 %, 3420 MiB
2026/08/03 19:20:20.314, 72.41 W, 46, 90 %, 3420 MiB
2026/08/03 19:20:21.321, 61.46 W, 47, 91 %, 3420 MiB
2026/08/03 19:20:22.325, 64.08 W, 46, 92 %, 3420 MiB
2026/08/03 19:20:23.329, 72.22 W, 45, 90 %, 3424 MiB
2026/08/03 19:20:24.334, 75.29 W, 47, 90 %, 3424 MiB
2026/08/03 19:20:25.339, 74.91 W, 47, 90 %, 3424 MiB
2026/08/03 19:20:26.343, 60.66 W, 48, 91 %, 3424 MiB
2026/08/03 19:20:27.348, 64.38 W, 48, 91 %, 3424 MiB
2026/08/03 19:20:28.352, 72.74 W, 48, 90 %, 3424 MiB
2026/08/03 19:20:29.355, 74.80 W, 49, 90 %, 3424 MiB
2026/08/03 19:20:30.364, 74.91 W, 49, 90 %, 3424 MiB
2026/08/03 19:20:31.368, 60.49 W, 49, 91 %, 3424 MiB
2026/08/03 19:20:32.372, 63.97 W, 48, 91 %, 3424 MiB
2026/08/03 19:20:33.378, 73.26 W, 50, 89 %, 3426 MiB
2026/08/03 19:20:34.381, 75.60 W, 50, 89 %, 3426 MiB
2026/08/03 19:20:35.385, 76.27 W, 50, 90 %, 3426 MiB
2026/08/03 19:20:36.388, 58.98 W, 50, 92 %, 3426 MiB
2026/08/03 19:20:37.392, 73.55 W, 50, 91 %, 3426 MiB
2026/08/03 19:20:38.396, 75.46 W, 51, 90 %, 3426 MiB
2026/08/03 19:20:39.400, 67.38 W, 51, 90 %, 3426 MiB
2026/08/03 19:20:40.404, 52.46 W, 50, 88 %, 1102 MiB
2026/08/03 19:20:41.409, 63.03 W, 50, 68 %, 1816 MiB
2026/08/03 19:20:42.413, 70.12 W, 50, 33 %, 3434 MiB
2026/08/03 19:20:43.417, 72.47 W, 51, 72 %, 3442 MiB
2026/08/03 19:20:44.420, 75.56 W, 52, 90 %, 3442 MiB
2026/08/03 19:20:45.429, 75.56 W, 52, 90 %, 3442 MiB
2026/08/03 19:20:46.433, 59.55 W, 52, 90 %, 3442 MiB
2026/08/03 19:20:47.437, 69.51 W, 51, 90 %, 3442 MiB
2026/08/03 19:20:48.443, 73.72 W, 53, 93 %, 3442 MiB
2026/08/03 19:20:49.448, 75.72 W, 53, 90 %, 3442 MiB
2026/08/03 19:20:50.452, 76.44 W, 53, 90 %, 3442 MiB
2026/08/03 19:20:51.456, 57.63 W, 53, 90 %, 3442 MiB
2026/08/03 19:20:52.460, 73.03 W, 52, 90 %, 3442 MiB
2026/08/03 19:20:53.465, 76.21 W, 54, 92 %, 3442 MiB
2026/08/03 19:20:54.468, 66.34 W, 54, 90 %, 3442 MiB
2026/08/03 19:20:55.472, 58.10 W, 53, 90 %, 3442 MiB
2026/08/03 19:20:56.480, 72.94 W, 52, 89 %, 3442 MiB
2026/08/03 19:20:57.483, 75.69 W, 55, 92 %, 3442 MiB
2026/08/03 19:20:58.488, 75.26 W, 54, 91 %, 3442 MiB
2026/08/03 19:20:59.494, 60.39 W, 55, 90 %, 3442 MiB
2026/08/03 19:21:00.499, 68.40 W, 53, 89 %, 3442 MiB
2026/08/03 19:21:01.503, 73.25 W, 55, 90 %, 3442 MiB
2026/08/03 19:21:02.507, 76.96 W, 55, 93 %, 3442 MiB
2026/08/03 19:21:03.512, 76.22 W, 56, 90 %, 3442 MiB
2026/08/03 19:21:04.517, 59.01 W, 55, 90 %, 3442 MiB
2026/08/03 19:21:05.521, 74.55 W, 55, 90 %, 3442 MiB
2026/08/03 19:21:06.524, 74.28 W, 56, 90 %, 3442 MiB
2026/08/03 19:21:07.529, 78.19 W, 54, 78 %, 1818 MiB
2026/08/03 19:21:08.533, 50.67 W, 53, 76 %, 2386 MiB
2026/08/03 19:21:09.536, 70.71 W, 54, 13 %, 3512 MiB
2026/08/03 19:21:10.540, 73.26 W, 54, 89 %, 3514 MiB
2026/08/03 19:21:11.543, 77.53 W, 56, 90 %, 3516 MiB
2026/08/03 19:21:12.548, 75.23 W, 57, 92 %, 3518 MiB
2026/08/03 19:21:13.552, 60.34 W, 57, 91 %, 3518 MiB
2026/08/03 19:21:14.556, 77.74 W, 55, 90 %, 3518 MiB
2026/08/03 19:21:15.561, 73.72 W, 57, 90 %, 3518 MiB
2026/08/03 19:21:16.565, 76.83 W, 57, 90 %, 3518 MiB
2026/08/03 19:21:17.570, 70.54 W, 57, 93 %, 3518 MiB
2026/08/03 19:21:18.574, 56.57 W, 57, 89 %, 3518 MiB
2026/08/03 19:21:19.578, 75.37 W, 57, 90 %, 3518 MiB
2026/08/03 19:21:20.586, 73.91 W, 58, 90 %, 3518 MiB
2026/08/03 19:21:21.590, 75.66 W, 58, 90 %, 3518 MiB
2026/08/03 19:21:22.594, 73.79 W, 58, 93 %, 3518 MiB
2026/08/03 19:21:23.598, 73.71 W, 57, 90 %, 3518 MiB
2026/08/03 19:21:24.601, 76.90 W, 58, 89 %, 3518 MiB
2026/08/03 19:21:25.607, 71.09 W, 59, 90 %, 3518 MiB
2026/08/03 19:21:26.612, 57.88 W, 58, 92 %, 3518 MiB
2026/08/03 19:21:27.616, 75.40 W, 57, 90 %, 3518 MiB
2026/08/03 19:21:28.622, 73.84 W, 59, 90 %, 3518 MiB
2026/08/03 19:21:29.626, 75.46 W, 59, 90 %, 3518 MiB
2026/08/03 19:21:30.630, 62.15 W, 59, 90 %, 3518 MiB
2026/08/03 19:21:31.636, 64.05 W, 59, 93 %, 3518 MiB
2026/08/03 19:21:32.640, 73.28 W, 60, 90 %, 3518 MiB
2026/08/03 19:21:33.643, 76.09 W, 59, 90 %, 3518 MiB
2026/08/03 19:21:34.652, 73.06 W, 60, 78 %, 1830 MiB
2026/08/03 19:21:35.656, 51.91 W, 56, 70 %, 2398 MiB
2026/08/03 19:21:36.659, 60.07 W, 57, 18 %, 3532 MiB
2026/08/03 19:21:37.664, 73.89 W, 60, 90 %, 3532 MiB
2026/08/03 19:21:38.670, 75.34 W, 60, 90 %, 3536 MiB
2026/08/03 19:21:39.674, 59.79 W, 60, 90 %, 3536 MiB
2026/08/03 19:21:40.678, 76.55 W, 60, 90 %, 3536 MiB
2026/08/03 19:21:41.686, 73.71 W, 61, 93 %, 3536 MiB
2026/08/03 19:21:42.690, 76.06 W, 60, 89 %, 3536 MiB
2026/08/03 19:21:43.694, 62.97 W, 61, 90 %, 3538 MiB
2026/08/03 19:21:44.701, 63.13 W, 60, 90 %, 3538 MiB
2026/08/03 19:21:45.704, 72.96 W, 60, 92 %, 3538 MiB
2026/08/03 19:21:46.708, 76.74 W, 61, 92 %, 3538 MiB
2026/08/03 19:21:47.714, 75.43 W, 61, 91 %, 3538 MiB
2026/08/03 19:21:48.718, 60.07 W, 61, 90 %, 3538 MiB
2026/08/03 19:21:49.722, 73.72 W, 60, 90 %, 3538 MiB
2026/08/03 19:21:50.730, 73.08 W, 62, 90 %, 3538 MiB
2026/08/03 19:21:51.734, 76.99 W, 61, 93 %, 3538 MiB
2026/08/03 19:21:52.738, 69.20 W, 62, 90 %, 3538 MiB
2026/08/03 19:21:53.743, 58.68 W, 60, 90 %, 3538 MiB
2026/08/03 19:21:54.747, 77.10 W, 62, 90 %, 3538 MiB
2026/08/03 19:21:55.751, 76.34 W, 62, 91 %, 3538 MiB
2026/08/03 19:21:56.759, 60.71 W, 62, 91 %, 3538 MiB
2026/08/03 19:21:57.763, 77.73 W, 62, 90 %, 3538 MiB
2026/08/03 19:21:58.767, 72.99 W, 62, 90 %, 3538 MiB
2026/08/03 19:21:59.772, 75.54 W, 62, 90 %, 3538 MiB
2026/08/03 19:22:00.777, 66.32 W, 63, 93 %, 3538 MiB
2026/08/03 19:22:01.780, 59.39 W, 62, 90 %, 1140 MiB
2026/08/03 19:22:02.786, 56.55 W, 61, 78 %, 1852 MiB
2026/08/03 19:22:03.790, 59.95 W, 62, 64 %, 3468 MiB
2026/08/03 19:22:04.794, 69.81 W, 61, 36 %, 3470 MiB
2026/08/03 19:22:05.798, 73.87 W, 63, 90 %, 3470 MiB
2026/08/03 19:22:06.806, 77.49 W, 63, 90 %, 3472 MiB
2026/08/03 19:22:07.810, 73.87 W, 63, 92 %, 3472 MiB
2026/08/03 19:22:08.814, 58.07 W, 63, 91 %, 3472 MiB
2026/08/03 19:22:09.821, 74.81 W, 64, 90 %, 3472 MiB
2026/08/03 19:22:10.826, 73.58 W, 63, 90 %, 3472 MiB
2026/08/03 19:22:11.831, 60.57 W, 64, 90 %, 3472 MiB
2026/08/03 19:22:12.838, 73.49 W, 63, 93 %, 3472 MiB
2026/08/03 19:22:13.842, 73.21 W, 63, 90 %, 3472 MiB
2026/08/03 19:22:14.845, 76.62 W, 64, 90 %, 3472 MiB
2026/08/03 19:22:15.854, 70.43 W, 64, 90 %, 3472 MiB
2026/08/03 19:22:16.858, 58.78 W, 63, 91 %, 3472 MiB
2026/08/03 19:22:17.862, 74.27 W, 62, 92 %, 3472 MiB
2026/08/03 19:22:18.866, 73.75 W, 64, 90 %, 3472 MiB
2026/08/03 19:22:19.870, 74.76 W, 64, 90 %, 3472 MiB
2026/08/03 19:22:20.877, 58.44 W, 64, 90 %, 3472 MiB
2026/08/03 19:22:21.881, 67.95 W, 62, 93 %, 3472 MiB
2026/08/03 19:22:22.885, 73.31 W, 64, 90 %, 3472 MiB
2026/08/03 19:22:23.890, 77.76 W, 64, 90 %, 3472 MiB
2026/08/03 19:22:24.894, 74.26 W, 65, 90 %, 3472 MiB
2026/08/03 19:22:25.898, 72.34 W, 63, 91 %, 3472 MiB
2026/08/03 19:22:26.903, 75.15 W, 65, 92 %, 3472 MiB
2026/08/03 19:22:27.907, 76.14 W, 65, 90 %, 3472 MiB
2026/08/03 19:22:28.912, 77.81 W, 65, 90 %, 1804 MiB
2026/08/03 19:22:29.915, 48.85 W, 62, 71 %, 1804 MiB
2026/08/03 19:22:30.918, 72.82 W, 64, 53 %, 3448 MiB
2026/08/03 19:22:31.922, 59.21 W, 64, 54 %, 3462 MiB
2026/08/03 19:22:32.926, 75.21 W, 63, 90 %, 3462 MiB
2026/08/03 19:22:33.930, 73.12 W, 65, 93 %, 3462 MiB
2026/08/03 19:22:34.934, 73.92 W, 65, 90 %, 3462 MiB
2026/08/03 19:22:35.938, 61.08 W, 65, 90 %, 3462 MiB
2026/08/03 19:22:36.941, 70.90 W, 63, 90 %, 3462 MiB
2026/08/03 19:22:37.947, 74.17 W, 65, 93 %, 3462 MiB
2026/08/03 19:22:38.952, 78.14 W, 65, 90 %, 3462 MiB
2026/08/03 19:22:39.956, 71.93 W, 65, 90 %, 3462 MiB
2026/08/03 19:22:40.960, 59.26 W, 64, 90 %, 3462 MiB
2026/08/03 19:22:41.964, 76.39 W, 66, 90 %, 3462 MiB
2026/08/03 19:22:42.969, 76.50 W, 66, 92 %, 3462 MiB
2026/08/03 19:22:43.975, 59.84 W, 66, 90 %, 3462 MiB
2026/08/03 19:22:44.978, 76.07 W, 65, 90 %, 3462 MiB
2026/08/03 19:22:45.984, 73.72 W, 66, 90 %, 3462 MiB
2026/08/03 19:22:46.989, 74.59 W, 66, 93 %, 3462 MiB
2026/08/03 19:22:47.994, 61.78 W, 66, 90 %, 3462 MiB
2026/08/03 19:22:48.998, 67.72 W, 66, 90 %, 3462 MiB
2026/08/03 19:22:50.004, 73.47 W, 67, 90 %, 3462 MiB
2026/08/03 19:22:51.007, 76.78 W, 66, 91 %, 3462 MiB
2026/08/03 19:22:52.011, 73.57 W, 66, 92 %, 3462 MiB
2026/08/03 19:22:53.017, 58.07 W, 66, 90 %, 3462 MiB
2026/08/03 19:22:54.021, 74.83 W, 67, 90 %, 3462 MiB
2026/08/03 19:22:55.027, 73.28 W, 66, 90 %, 3462 MiB
2026/08/03 19:22:56.033, 74.24 W, 66, 92 %, 1860 MiB
2026/08/03 19:22:57.038, 49.96 W, 63, 69 %, 1860 MiB
2026/08/03 19:22:58.042, 67.01 W, 66, 38 %, 3432 MiB
2026/08/03 19:22:59.045, 59.53 W, 66, 71 %, 3432 MiB
2026/08/03 19:23:00.049, 73.68 W, 65, 90 %, 3432 MiB
2026/08/03 19:23:01.053, 74.82 W, 67, 90 %, 3432 MiB
2026/08/03 19:23:02.059, 77.22 W, 67, 90 %, 3432 MiB
2026/08/03 19:23:03.063, 60.81 W, 67, 93 %, 3432 MiB
2026/08/03 19:23:04.067, 76.21 W, 65, 90 %, 3432 MiB
2026/08/03 19:23:05.071, 73.61 W, 67, 89 %, 3432 MiB
2026/08/03 19:23:06.076, 75.83 W, 67, 90 %, 3432 MiB
2026/08/03 19:23:07.081, 63.18 W, 67, 92 %, 3432 MiB
2026/08/03 19:23:08.085, 65.23 W, 65, 91 %, 3432 MiB
2026/08/03 19:23:09.089, 73.56 W, 67, 90 %, 3432 MiB
2026/08/03 19:23:10.094, 77.44 W, 67, 90 %, 3432 MiB
2026/08/03 19:23:11.098, 73.15 W, 67, 90 %, 3432 MiB
2026/08/03 19:23:12.102, 73.21 W, 66, 92 %, 3432 MiB
2026/08/03 19:23:13.108, 75.19 W, 67, 90 %, 3432 MiB
2026/08/03 19:23:14.113, 76.11 W, 67, 90 %, 3432 MiB
2026/08/03 19:23:15.117, 61.03 W, 67, 90 %, 3432 MiB
2026/08/03 19:23:16.124, 75.62 W, 67, 93 %, 3432 MiB
2026/08/03 19:23:17.129, 73.93 W, 68, 90 %, 3432 MiB
2026/08/03 19:23:18.133, 76.10 W, 67, 90 %, 3432 MiB
2026/08/03 19:23:19.139, 63.65 W, 68, 90 %, 3432 MiB
2026/08/03 19:23:20.143, 64.82 W, 67, 91 %, 3432 MiB
2026/08/03 19:23:21.147, 73.74 W, 68, 92 %, 3432 MiB
2026/08/03 19:23:22.152, 76.94 W, 67, 90 %, 3432 MiB
2026/08/03 19:23:23.158, 72.91 W, 68, 90 %, 1864 MiB
2026/08/03 19:23:24.162, 50.55 W, 64, 61 %, 1864 MiB
2026/08/03 19:23:25.165, 76.97 W, 67, 30 %, 3426 MiB
2026/08/03 19:23:26.173, 75.29 W, 67, 87 %, 3428 MiB
2026/08/03 19:23:27.177, 59.17 W, 67, 90 %, 3432 MiB
2026/08/03 19:23:28.182, 75.35 W, 68, 93 %, 3432 MiB
2026/08/03 19:23:29.187, 76.33 W, 68, 90 %, 3432 MiB
2026/08/03 19:23:30.190, 60.72 W, 68, 90 %, 3432 MiB
2026/08/03 19:23:31.194, 77.07 W, 68, 90 %, 3432 MiB
2026/08/03 19:23:32.199, 74.09 W, 68, 92 %, 3432 MiB
2026/08/03 19:23:33.205, 76.28 W, 68, 91 %, 3432 MiB
2026/08/03 19:23:34.211, 67.71 W, 69, 90 %, 3432 MiB
2026/08/03 19:23:35.215, 59.33 W, 68, 90 %, 3432 MiB
2026/08/03 19:23:36.219, 73.18 W, 68, 90 %, 3432 MiB
2026/08/03 19:23:37.225, 74.76 W, 69, 93 %, 3432 MiB
2026/08/03 19:23:38.229, 75.30 W, 69, 90 %, 3432 MiB
2026/08/03 19:23:39.234, 59.53 W, 68, 90 %, 3432 MiB
2026/08/03 19:23:40.242, 73.40 W, 67, 90 %, 3432 MiB
2026/08/03 19:23:41.245, 73.57 W, 69, 92 %, 3432 MiB
2026/08/03 19:23:42.250, 75.26 W, 69, 91 %, 3432 MiB
2026/08/03 19:23:43.258, 68.91 W, 68, 90 %, 3432 MiB
2026/08/03 19:23:44.262, 73.39 W, 67, 90 %, 3432 MiB
2026/08/03 19:23:45.265, 78.04 W, 69, 90 %, 3432 MiB
2026/08/03 19:23:46.272, 73.24 W, 69, 93 %, 3432 MiB
2026/08/03 19:23:47.276, 59.26 W, 68, 90 %, 3432 MiB
2026/08/03 19:23:48.280, 74.51 W, 67, 90 %, 3432 MiB
2026/08/03 19:23:49.286, 74.66 W, 69, 90 %, 3432 MiB
2026/08/03 19:23:50.290, 73.50 W, 67, 78 %, 1862 MiB
2026/08/03 19:23:51.294, 39.43 W, 65, 74 %, 1862 MiB
2026/08/03 19:23:52.297, 72.65 W, 68, 27 %, 3446 MiB
2026/08/03 19:23:53.301, 75.49 W, 69, 92 %, 3448 MiB
2026/08/03 19:23:54.305, 61.95 W, 69, 91 %, 3448 MiB
2026/08/03 19:23:55.310, 67.46 W, 67, 90 %, 3448 MiB
2026/08/03 19:23:56.314, 73.59 W, 69, 90 %, 3450 MiB
2026/08/03 19:23:57.319, 77.16 W, 69, 90 %, 3450 MiB
2026/08/03 19:23:58.326, 75.89 W, 69, 93 %, 3450 MiB
2026/08/03 19:23:59.330, 73.54 W, 68, 90 %, 3450 MiB
2026/08/03 19:24:00.336, 74.75 W, 69, 90 %, 3450 MiB
2026/08/03 19:24:01.344, 75.35 W, 69, 90 %, 3450 MiB
2026/08/03 19:24:02.348, 61.52 W, 69, 93 %, 3450 MiB
2026/08/03 19:24:03.352, 75.83 W, 68, 91 %, 3454 MiB
2026/08/03 19:24:04.357, 73.36 W, 69, 89 %, 3454 MiB
2026/08/03 19:24:05.362, 74.05 W, 69, 90 %, 3454 MiB
2026/08/03 19:24:06.366, 60.73 W, 69, 92 %, 3454 MiB
2026/08/03 19:24:07.370, 76.47 W, 67, 91 %, 3454 MiB
2026/08/03 19:24:08.374, 73.23 W, 69, 90 %, 3454 MiB
2026/08/03 19:24:09.378, 76.38 W, 69, 90 %, 3454 MiB
2026/08/03 19:24:10.385, 65.42 W, 70, 90 %, 3454 MiB
2026/08/03 19:24:11.388, 62.59 W, 68, 93 %, 3454 MiB
2026/08/03 19:24:12.392, 73.16 W, 70, 90 %, 3454 MiB
2026/08/03 19:24:13.400, 77.04 W, 70, 90 %, 3454 MiB
2026/08/03 19:24:14.404, 74.98 W, 70, 90 %, 3454 MiB
2026/08/03 19:24:15.408, 73.64 W, 68, 93 %, 3454 MiB
2026/08/03 19:24:16.414, 76.29 W, 70, 89 %, 3454 MiB
2026/08/03 19:24:17.419, 72.94 W, 68, 78 %, 1866 MiB
2026/08/03 19:24:18.424, 37.91 W, 66, 61 %, 1866 MiB
2026/08/03 19:24:19.427, 73.22 W, 69, 40 %, 3448 MiB
2026/08/03 19:24:20.436, 76.90 W, 69, 90 %, 3448 MiB
2026/08/03 19:24:21.441, 61.82 W, 70, 90 %, 3448 MiB
2026/08/03 19:24:22.445, 67.90 W, 69, 90 %, 3450 MiB
2026/08/03 19:24:23.451, 72.99 W, 70, 93 %, 3450 MiB
2026/08/03 19:24:24.457, 77.42 W, 70, 89 %, 3450 MiB
2026/08/03 19:24:25.461, 68.91 W, 70, 90 %, 3450 MiB
2026/08/03 19:24:26.465, 59.99 W, 69, 90 %, 3450 MiB
2026/08/03 19:24:27.468, 73.11 W, 71, 90 %, 3450 MiB
2026/08/03 19:24:28.471, 74.67 W, 70, 93 %, 3450 MiB
2026/08/03 19:24:29.476, 74.95 W, 70, 90 %, 3452 MiB
2026/08/03 19:24:30.480, 58.45 W, 69, 90 %, 3452 MiB
2026/08/03 19:24:31.487, 75.25 W, 70, 90 %, 3452 MiB
2026/08/03 19:24:32.494, 75.83 W, 70, 93 %, 3452 MiB
2026/08/03 19:24:33.498, 60.13 W, 70, 91 %, 3452 MiB
2026/08/03 19:24:34.502, 75.71 W, 69, 90 %, 3452 MiB
2026/08/03 19:24:35.506, 73.30 W, 70, 90 %, 3452 MiB
2026/08/03 19:24:36.510, 74.05 W, 70, 91 %, 3452 MiB
2026/08/03 19:24:37.515, 61.99 W, 70, 92 %, 3452 MiB
2026/08/03 19:24:38.520, 68.32 W, 69, 90 %, 3452 MiB
2026/08/03 19:24:39.525, 74.05 W, 71, 90 %, 3452 MiB
2026/08/03 19:24:40.528, 77.65 W, 70, 90 %, 3452 MiB
2026/08/03 19:24:41.532, 69.97 W, 71, 93 %, 3452 MiB
2026/08/03 19:24:42.537, 60.13 W, 70, 89 %, 3452 MiB
2026/08/03 19:24:43.545, 72.97 W, 71, 90 %, 3452 MiB
2026/08/03 19:24:44.548, 57.91 W, 68, 90 %, 1850 MiB
2026/08/03 19:24:45.552, 34.89 W, 66, 72 %, 1854 MiB
2026/08/03 19:24:46.555, 60.59 W, 70, 49 %, 3456 MiB
2026/08/03 19:24:47.561, 74.84 W, 71, 61 %, 3456 MiB
2026/08/03 19:24:48.565, 75.98 W, 70, 90 %, 3456 MiB
2026/08/03 19:24:49.571, 61.01 W, 70, 91 %, 3456 MiB
2026/08/03 19:24:50.576, 74.35 W, 70, 92 %, 3456 MiB
2026/08/03 19:24:51.580, 72.32 W, 71, 90 %, 3456 MiB
2026/08/03 19:24:52.583, 74.97 W, 70, 89 %, 3456 MiB
2026/08/03 19:24:53.591, 59.91 W, 71, 90 %, 3456 MiB
2026/08/03 19:24:54.596, 73.13 W, 69, 93 %, 3456 MiB
2026/08/03 19:24:55.600, 73.49 W, 71, 90 %, 3456 MiB
2026/08/03 19:24:56.606, 76.55 W, 71, 90 %, 3456 MiB
2026/08/03 19:24:57.610, 66.01 W, 71, 90 %, 3460 MiB
2026/08/03 19:24:58.614, 62.06 W, 70, 93 %, 3460 MiB
2026/08/03 19:24:59.620, 72.15 W, 71, 90 %, 3460 MiB
2026/08/03 19:25:00.623, 75.62 W, 71, 90 %, 3460 MiB
2026/08/03 19:25:01.628, 75.49 W, 71, 90 %, 3460 MiB
2026/08/03 19:25:02.633, 58.93 W, 70, 92 %, 3460 MiB
2026/08/03 19:25:03.638, 75.06 W, 71, 91 %, 3460 MiB
2026/08/03 19:25:04.641, 75.37 W, 71, 90 %, 3460 MiB
2026/08/03 19:25:05.647, 60.24 W, 71, 90 %, 3460 MiB
2026/08/03 19:25:06.651, 75.19 W, 70, 91 %, 3460 MiB
2026/08/03 19:25:07.656, 73.68 W, 71, 92 %, 3460 MiB
2026/08/03 19:25:08.662, 74.92 W, 71, 90 %, 3460 MiB
2026/08/03 19:25:09.666, 59.89 W, 71, 90 %, 3460 MiB
2026/08/03 19:25:10.670, 73.69 W, 70, 90 %, 3460 MiB
2026/08/03 19:25:11.677, 45.65 W, 68, 93 %, 1858 MiB
2026/08/03 19:25:12.680, 34.78 W, 66, 67 %, 1864 MiB
2026/08/03 19:25:13.683, 66.11 W, 70, 30 %, 3480 MiB
2026/08/03 19:25:14.688, 65.08 W, 70, 80 %, 3480 MiB
2026/08/03 19:25:15.694, 74.06 W, 71, 93 %, 3484 MiB
2026/08/03 19:25:16.698, 77.24 W, 71, 90 %, 3484 MiB
2026/08/03 19:25:17.703, 73.56 W, 71, 90 %, 3484 MiB
2026/08/03 19:25:18.707, 72.13 W, 70, 90 %, 3486 MiB
2026/08/03 19:25:19.711, 75.54 W, 71, 92 %, 3486 MiB
2026/08/03 19:25:20.716, 75.99 W, 71, 91 %, 3486 MiB
2026/08/03 19:25:21.720, 58.07 W, 71, 89 %, 3486 MiB
2026/08/03 19:25:22.724, 74.33 W, 69, 90 %, 3486 MiB
2026/08/03 19:25:23.728, 74.79 W, 71, 91 %, 3486 MiB
2026/08/03 19:25:24.732, 75.17 W, 71, 91 %, 3486 MiB
2026/08/03 19:25:25.735, 60.88 W, 71, 90 %, 3486 MiB
2026/08/03 19:25:26.739, 76.45 W, 69, 90 %, 3486 MiB
2026/08/03 19:25:27.742, 73.91 W, 71, 90 %, 3486 MiB
2026/08/03 19:25:28.750, 75.05 W, 72, 93 %, 3486 MiB
2026/08/03 19:25:29.753, 58.18 W, 71, 90 %, 3486 MiB
2026/08/03 19:25:30.757, 71.21 W, 70, 90 %, 3486 MiB
2026/08/03 19:25:31.763, 72.94 W, 72, 90 %, 3486 MiB
2026/08/03 19:25:32.768, 75.42 W, 72, 93 %, 3486 MiB
2026/08/03 19:25:33.773, 74.46 W, 71, 90 %, 3486 MiB
2026/08/03 19:25:34.779, 72.83 W, 71, 90 %, 3486 MiB
2026/08/03 19:25:35.783, 75.77 W, 72, 90 %, 3486 MiB
2026/08/03 19:25:36.787, 65.20 W, 72, 93 %, 3486 MiB
2026/08/03 19:25:37.794, 63.37 W, 71, 90 %, 3486 MiB
2026/08/03 19:25:38.798, 42.38 W, 70, 89 %, 1864 MiB
2026/08/03 19:25:39.803, 34.76 W, 66, 63 %, 1870 MiB
2026/08/03 19:25:40.806, 75.86 W, 71, 27 %, 3452 MiB
2026/08/03 19:25:41.810, 60.58 W, 71, 92 %, 3452 MiB
2026/08/03 19:25:42.814, 75.57 W, 70, 90 %, 3452 MiB
2026/08/03 19:25:43.818, 73.14 W, 71, 90 %, 3452 MiB
2026/08/03 19:25:44.823, 74.29 W, 72, 90 %, 3452 MiB
2026/08/03 19:25:45.827, 59.32 W, 71, 93 %, 3452 MiB
2026/08/03 19:25:46.832, 71.42 W, 70, 90 %, 3452 MiB
2026/08/03 19:25:47.836, 72.59 W, 72, 89 %, 3452 MiB
2026/08/03 19:25:48.841, 59.13 W, 72, 90 %, 3452 MiB
2026/08/03 19:25:49.847, 71.04 W, 71, 93 %, 3452 MiB
2026/08/03 19:25:50.850, 73.30 W, 71, 90 %, 3452 MiB
2026/08/03 19:25:51.856, 75.45 W, 72, 90 %, 3452 MiB
2026/08/03 19:25:52.862, 63.96 W, 72, 90 %, 3452 MiB
2026/08/03 19:25:53.865, 65.33 W, 71, 93 %, 3452 MiB
2026/08/03 19:25:54.870, 73.23 W, 72, 90 %, 3452 MiB
2026/08/03 19:25:55.873, 76.98 W, 72, 90 %, 3452 MiB
2026/08/03 19:25:56.878, 74.16 W, 72, 90 %, 3452 MiB
2026/08/03 19:25:57.885, 55.51 W, 71, 91 %, 3452 MiB
2026/08/03 19:25:58.890, 74.05 W, 72, 91 %, 3452 MiB
2026/08/03 19:25:59.893, 74.43 W, 72, 90 %, 3452 MiB
2026/08/03 19:26:00.897, 75.80 W, 72, 89 %, 3452 MiB
2026/08/03 19:26:01.901, 60.82 W, 71, 90 %, 3452 MiB
2026/08/03 19:26:02.907, 76.23 W, 73, 93 %, 3452 MiB
2026/08/03 19:26:03.912, 75.52 W, 72, 90 %, 3452 MiB
2026/08/03 19:26:04.915, 57.41 W, 72, 90 %, 3452 MiB
2026/08/03 19:26:05.922, 38.55 W, 71, 78 %, 1842 MiB
2026/08/03 19:26:06.926, 34.82 W, 67, 64 %, 1846 MiB
2026/08/03 19:26:07.929, 74.32 W, 71, 36 %, 3436 MiB
2026/08/03 19:26:08.933, 61.18 W, 71, 90 %, 3438 MiB
2026/08/03 19:26:09.939, 71.03 W, 71, 90 %, 3438 MiB
2026/08/03 19:26:10.943, 73.37 W, 72, 93 %, 3438 MiB
2026/08/03 19:26:11.947, 76.81 W, 72, 90 %, 3438 MiB
2026/08/03 19:26:12.955, 67.84 W, 72, 90 %, 3438 MiB
2026/08/03 19:26:13.959, 63.14 W, 71, 90 %, 3438 MiB
2026/08/03 19:26:14.963, 73.45 W, 73, 92 %, 3438 MiB
2026/08/03 19:26:15.969, 77.54 W, 72, 91 %, 3438 MiB
2026/08/03 19:26:16.972, 74.95 W, 72, 90 %, 3440 MiB
2026/08/03 19:26:17.977, 59.20 W, 71, 89 %, 3440 MiB
2026/08/03 19:26:18.984, 73.56 W, 72, 90 %, 3440 MiB
2026/08/03 19:26:19.989, 75.32 W, 72, 92 %, 3440 MiB
2026/08/03 19:26:20.993, 58.06 W, 72, 90 %, 3440 MiB
2026/08/03 19:26:21.999, 73.93 W, 71, 90 %, 3440 MiB
2026/08/03 19:26:23.003, 74.65 W, 72, 90 %, 3440 MiB
2026/08/03 19:26:24.008, 75.48 W, 72, 93 %, 3440 MiB
2026/08/03 19:26:25.012, 60.42 W, 72, 90 %, 3440 MiB
2026/08/03 19:26:26.020, 75.68 W, 71, 90 %, 3440 MiB
2026/08/03 19:26:27.027, 73.87 W, 72, 90 %, 3440 MiB
2026/08/03 19:26:28.030, 75.26 W, 72, 93 %, 3440 MiB
2026/08/03 19:26:29.036, 60.90 W, 72, 90 %, 3440 MiB
2026/08/03 19:26:30.039, 70.29 W, 71, 90 %, 3440 MiB
2026/08/03 19:26:31.044, 72.98 W, 72, 90 %, 3440 MiB
2026/08/03 19:26:32.050, 77.28 W, 72, 92 %, 3440 MiB
2026/08/03 19:26:33.054, 75.74 W, 72, 75 %, 1860 MiB
2026/08/03 19:26:34.059, 34.81 W, 67, 50 %, 1878 MiB
2026/08/03 19:26:35.061, 73.02 W, 72, 51 %, 3450 MiB
2026/08/03 19:26:36.068, 76.89 W, 72, 92 %, 3450 MiB
2026/08/03 19:26:37.071, 66.64 W, 72, 90 %, 3452 MiB
2026/08/03 19:26:38.075, 73.22 W, 70, 90 %, 3452 MiB
2026/08/03 19:26:39.081, 77.70 W, 72, 90 %, 3452 MiB
2026/08/03 19:26:40.085, 73.83 W, 72, 91 %, 3452 MiB
2026/08/03 19:26:41.088, 58.81 W, 72, 93 %, 3452 MiB
2026/08/03 19:26:42.095, 73.43 W, 70, 90 %, 3452 MiB
2026/08/03 19:26:43.098, 75.71 W, 73, 90 %, 3452 MiB
2026/08/03 19:26:44.102, 76.59 W, 72, 90 %, 3452 MiB
2026/08/03 19:26:45.106, 60.48 W, 72, 93 %, 3452 MiB
2026/08/03 19:26:46.110, 76.11 W, 70, 90 %, 3452 MiB
2026/08/03 19:26:47.114, 72.14 W, 72, 90 %, 3452 MiB
2026/08/03 19:26:48.118, 76.18 W, 72, 90 %, 3452 MiB
2026/08/03 19:26:49.123, 64.19 W, 72, 93 %, 3452 MiB
2026/08/03 19:26:50.129, 66.90 W, 71, 91 %, 3452 MiB
2026/08/03 19:26:51.132, 73.55 W, 72, 90 %, 3452 MiB
2026/08/03 19:26:52.138, 66.29 W, 73, 90 %, 3452 MiB
2026/08/03 19:26:53.144, 63.29 W, 72, 91 %, 3452 MiB
2026/08/03 19:26:54.148, 73.21 W, 71, 92 %, 3452 MiB
2026/08/03 19:26:55.151, 76.49 W, 72, 90 %, 3452 MiB
2026/08/03 19:26:56.155, 76.31 W, 73, 90 %, 3452 MiB
2026/08/03 19:26:57.160, 60.62 W, 72, 90 %, 3452 MiB
2026/08/03 19:26:58.166, 74.94 W, 70, 93 %, 3452 MiB
2026/08/03 19:26:59.169, 74.07 W, 72, 90 %, 3452 MiB
2026/08/03 19:27:00.174, 74.26 W, 70, 71 %, 1874 MiB
2026/08/03 19:27:01.179, 34.64 W, 67, 30 %, 1880 MiB
2026/08/03 19:27:02.182, 68.58 W, 71, 77 %, 3450 MiB
2026/08/03 19:27:03.187, 73.44 W, 72, 91 %, 3452 MiB
2026/08/03 19:27:04.191, 77.38 W, 72, 90 %, 3452 MiB
2026/08/03 19:27:05.197, 69.51 W, 72, 90 %, 3452 MiB
2026/08/03 19:27:06.201, 58.77 W, 71, 90 %, 3452 MiB
2026/08/03 19:27:07.206, 73.05 W, 72, 93 %, 3452 MiB
2026/08/03 19:27:08.211, 75.56 W, 72, 90 %, 3452 MiB
2026/08/03 19:27:09.216, 58.55 W, 72, 90 %, 3452 MiB
2026/08/03 19:27:10.220, 73.45 W, 71, 90 %, 3452 MiB
2026/08/03 19:27:11.224, 75.16 W, 72, 90 %, 3452 MiB
2026/08/03 19:27:12.229, 76.19 W, 72, 93 %, 3452 MiB
2026/08/03 19:27:13.234, 60.12 W, 72, 90 %, 3452 MiB
2026/08/03 19:27:14.238, 75.69 W, 71, 90 %, 3452 MiB
2026/08/03 19:27:15.242, 72.86 W, 73, 90 %, 3452 MiB
2026/08/03 19:27:16.246, 75.21 W, 73, 93 %, 3452 MiB
2026/08/03 19:27:17.251, 62.23 W, 72, 90 %, 3452 MiB
2026/08/03 19:27:18.255, 71.02 W, 70, 90 %, 3452 MiB
2026/08/03 19:27:19.259, 73.47 W, 72, 90 %, 3452 MiB
2026/08/03 19:27:20.268, 75.26 W, 72, 92 %, 3452 MiB
2026/08/03 19:27:21.272, 62.82 W, 72, 91 %, 3452 MiB
2026/08/03 19:27:22.276, 65.84 W, 71, 90 %, 3452 MiB
2026/08/03 19:27:23.281, 73.58 W, 73, 90 %, 3452 MiB
2026/08/03 19:27:24.284, 65.45 W, 73, 90 %, 3452 MiB
2026/08/03 19:27:25.288, 63.18 W, 72, 92 %, 3452 MiB
2026/08/03 19:27:26.296, 72.99 W, 72, 90 %, 3452 MiB
2026/08/03 19:27:27.300, 56.83 W, 69, 90 %, 1866 MiB
2026/08/03 19:27:28.303, 34.65 W, 67, 62 %, 1874 MiB
2026/08/03 19:27:29.306, 59.79 W, 72, 28 %, 3448 MiB
2026/08/03 19:27:30.310, 74.19 W, 71, 90 %, 3452 MiB
2026/08/03 19:27:31.315, 72.33 W, 72, 90 %, 3452 MiB
2026/08/03 19:27:32.321, 76.06 W, 72, 90 %, 3452 MiB
2026/08/03 19:27:33.325, 64.33 W, 72, 91 %, 3452 MiB
2026/08/03 19:27:34.329, 63.96 W, 71, 92 %, 3452 MiB
2026/08/03 19:27:35.335, 73.32 W, 72, 90 %, 3452 MiB
2026/08/03 19:27:36.340, 78.05 W, 72, 90 %, 3452 MiB
2026/08/03 19:27:37.344, 72.07 W, 72, 89 %, 3452 MiB
2026/08/03 19:27:38.349, 58.92 W, 71, 93 %, 3452 MiB
2026/08/03 19:27:39.353, 72.92 W, 72, 90 %, 3452 MiB
2026/08/03 19:27:40.358, 72.78 W, 72, 90 %, 3452 MiB
2026/08/03 19:27:41.364, 59.35 W, 72, 90 %, 3452 MiB
2026/08/03 19:27:42.371, 73.55 W, 71, 93 %, 3452 MiB
2026/08/03 19:27:43.375, 74.50 W, 72, 90 %, 3452 MiB
2026/08/03 19:27:44.380, 76.36 W, 72, 90 %, 3452 MiB
2026/08/03 19:27:45.385, 61.09 W, 73, 90 %, 3452 MiB
2026/08/03 19:27:46.389, 74.14 W, 71, 93 %, 3452 MiB
2026/08/03 19:27:47.393, 73.37 W, 73, 90 %, 3452 MiB
2026/08/03 19:27:48.399, 75.16 W, 73, 90 %, 3452 MiB
2026/08/03 19:27:49.402, 60.69 W, 72, 90 %, 3452 MiB
2026/08/03 19:27:50.406, 76.82 W, 71, 92 %, 3452 MiB
2026/08/03 19:27:51.410, 73.29 W, 73, 91 %, 3452 MiB
2026/08/03 19:27:52.414, 74.90 W, 73, 90 %, 3452 MiB
2026/08/03 19:27:53.418, 71.94 W, 73, 90 %, 3452 MiB
2026/08/03 19:27:54.422, 56.04 W, 72, 79 %, 1868 MiB
2026/08/03 19:27:55.425, 62.09 W, 70, 66 %, 2888 MiB
2026/08/03 19:27:56.429, 70.29 W, 72, 36 %, 3448 MiB
2026/08/03 19:27:57.433, 59.88 W, 72, 90 %, 3452 MiB
2026/08/03 19:27:58.437, 73.07 W, 71, 90 %, 3452 MiB
2026/08/03 19:27:59.442, 75.25 W, 72, 93 %, 3452 MiB
2026/08/03 19:28:00.447, 75.07 W, 73, 90 %, 3452 MiB
2026/08/03 19:28:01.451, 60.47 W, 72, 90 %, 3452 MiB
2026/08/03 19:28:02.454, 75.34 W, 71, 90 %, 3452 MiB
2026/08/03 19:28:03.458, 73.55 W, 73, 92 %, 3452 MiB
2026/08/03 19:28:04.464, 74.75 W, 73, 91 %, 3452 MiB
2026/08/03 19:28:05.468, 59.46 W, 72, 90 %, 3452 MiB
2026/08/03 19:28:06.472, 73.60 W, 71, 90 %, 3452 MiB
2026/08/03 19:28:07.479, 74.07 W, 73, 91 %, 3452 MiB
2026/08/03 19:28:08.483, 75.13 W, 73, 92 %, 3452 MiB
2026/08/03 19:28:09.487, 64.54 W, 72, 90 %, 3452 MiB
2026/08/03 19:28:10.494, 73.61 W, 71, 90 %, 3452 MiB
2026/08/03 19:28:11.498, 75.27 W, 73, 90 %, 3452 MiB
2026/08/03 19:28:12.502, 63.11 W, 73, 93 %, 3452 MiB
2026/08/03 19:28:13.510, 65.89 W, 72, 90 %, 3452 MiB
2026/08/03 19:28:14.513, 72.61 W, 72, 90 %, 3452 MiB
2026/08/03 19:28:15.518, 77.51 W, 73, 90 %, 3452 MiB
2026/08/03 19:28:16.525, 70.60 W, 73, 93 %, 3452 MiB
2026/08/03 19:28:17.530, 59.19 W, 72, 90 %, 3452 MiB
2026/08/03 19:28:18.534, 73.04 W, 72, 90 %, 3452 MiB
2026/08/03 19:28:19.538, 75.40 W, 73, 90 %, 3452 MiB
2026/08/03 19:28:20.542, 77.39 W, 72, 93 %, 3452 MiB
2026/08/03 19:28:21.547, 76.24 W, 72, 74 %, 1864 MiB
2026/08/03 19:28:22.552, 75.28 W, 69, 49 %, 2942 MiB
2026/08/03 19:28:23.555, 73.28 W, 72, 54 %, 3454 MiB
2026/08/03 19:28:24.560, 76.08 W, 73, 90 %, 3456 MiB
2026/08/03 19:28:25.566, 65.29 W, 72, 93 %, 3456 MiB
2026/08/03 19:28:26.570, 73.60 W, 71, 90 %, 3458 MiB
2026/08/03 19:28:27.573, 76.52 W, 73, 90 %, 3458 MiB
2026/08/03 19:28:28.580, 65.21 W, 73, 89 %, 3460 MiB
2026/08/03 19:28:29.585, 63.66 W, 69, 93 %, 3460 MiB
2026/08/03 19:28:30.587, 73.33 W, 71, 57 %, 3460 MiB
2026/08/03 19:28:31.593, 77.46 W, 73, 90 %, 3460 MiB
2026/08/03 19:28:32.596, 72.68 W, 73, 90 %, 3460 MiB
2026/08/03 19:28:33.600, 58.76 W, 72, 93 %, 3460 MiB
2026/08/03 19:28:34.605, 72.74 W, 72, 90 %, 3460 MiB
2026/08/03 19:28:35.608, 75.74 W, 72, 90 %, 3460 MiB
2026/08/03 19:28:36.613, 75.26 W, 73, 89 %, 3460 MiB
2026/08/03 19:28:37.620, 59.18 W, 72, 93 %, 3460 MiB
2026/08/03 19:28:38.624, 73.89 W, 73, 90 %, 3460 MiB
2026/08/03 19:28:39.628, 74.86 W, 72, 90 %, 3460 MiB
2026/08/03 19:28:40.634, 76.33 W, 73, 90 %, 3460 MiB
2026/08/03 19:28:41.639, 61.27 W, 72, 92 %, 3460 MiB
2026/08/03 19:28:42.643, 74.95 W, 73, 91 %, 3460 MiB
2026/08/03 19:28:43.648, 75.85 W, 72, 90 %, 3460 MiB
2026/08/03 19:28:44.652, 60.92 W, 73, 90 %, 3460 MiB
2026/08/03 19:28:45.656, 75.72 W, 72, 91 %, 3460 MiB
2026/08/03 19:28:46.660, 73.84 W, 73, 93 %, 3460 MiB
2026/08/03 19:28:47.663, 76.60 W, 72, 90 %, 3460 MiB
2026/08/03 19:28:48.668, 76.91 W, 72, 78 %, 1870 MiB
2026/08/03 19:28:49.673, 34.80 W, 67, 56 %, 1874 MiB
2026/08/03 19:28:50.675, 73.28 W, 72, 45 %, 3448 MiB
2026/08/03 19:28:51.679, 75.01 W, 72, 91 %, 3448 MiB
2026/08/03 19:28:52.688, 75.84 W, 72, 90 %, 3448 MiB
2026/08/03 19:28:53.691, 62.00 W, 72, 90 %, 3448 MiB
2026/08/03 19:28:54.696, 75.96 W, 72, 92 %, 3450 MiB
2026/08/03 19:28:55.703, 73.11 W, 73, 92 %, 3450 MiB
2026/08/03 19:28:56.707, 74.77 W, 73, 90 %, 3450 MiB
2026/08/03 19:28:57.710, 74.14 W, 72, 90 %, 3450 MiB
2026/08/03 19:28:58.717, 74.12 W, 72, 90 %, 3452 MiB
2026/08/03 19:28:59.721, 76.07 W, 73, 93 %, 3452 MiB
2026/08/03 19:29:00.726, 65.34 W, 73, 91 %, 3452 MiB
2026/08/03 19:29:01.730, 62.69 W, 72, 90 %, 3452 MiB
2026/08/03 19:29:02.734, 72.69 W, 72, 90 %, 3452 MiB
2026/08/03 19:29:03.740, 77.79 W, 73, 92 %, 3452 MiB
2026/08/03 19:29:04.745, 70.25 W, 73, 89 %, 3452 MiB
2026/08/03 19:29:05.749, 58.65 W, 72, 90 %, 3452 MiB
2026/08/03 19:29:06.756, 72.60 W, 73, 90 %, 3452 MiB
2026/08/03 19:29:07.761, 75.62 W, 72, 92 %, 3452 MiB
2026/08/03 19:29:08.766, 74.79 W, 73, 91 %, 3452 MiB
2026/08/03 19:29:09.770, 58.46 W, 72, 90 %, 3452 MiB
2026/08/03 19:29:10.774, 75.01 W, 73, 90 %, 3452 MiB
2026/08/03 19:29:11.779, 73.76 W, 72, 91 %, 3452 MiB
2026/08/03 19:29:12.788, 61.18 W, 73, 92 %, 3452 MiB
2026/08/03 19:29:13.792, 75.77 W, 72, 90 %, 3452 MiB
2026/08/03 19:29:14.796, 73.15 W, 72, 90 %, 3452 MiB
2026/08/03 19:29:15.802, 73.95 W, 69, 71 %, 1866 MiB
2026/08/03 19:29:16.805, 34.60 W, 67, 41 %, 1874 MiB
2026/08/03 19:29:17.808, 63.43 W, 71, 67 %, 3448 MiB
2026/08/03 19:29:18.813, 72.68 W, 71, 90 %, 3448 MiB
2026/08/03 19:29:19.822, 77.11 W, 72, 90 %, 3448 MiB
2026/08/03 19:29:20.827, 69.33 W, 72, 93 %, 3450 MiB
2026/08/03 19:29:21.831, 59.70 W, 72, 91 %, 3450 MiB
2026/08/03 19:29:22.838, 73.38 W, 72, 90 %, 3450 MiB
2026/08/03 19:29:23.842, 75.28 W, 73, 90 %, 3450 MiB
2026/08/03 19:29:24.847, 76.10 W, 73, 91 %, 3450 MiB
2026/08/03 19:29:25.851, 61.05 W, 72, 92 %, 3450 MiB
2026/08/03 19:29:26.855, 75.70 W, 72, 90 %, 3450 MiB
2026/08/03 19:29:27.859, 73.12 W, 72, 90 %, 3450 MiB
2026/08/03 19:29:28.865, 74.39 W, 73, 90 %, 3450 MiB
2026/08/03 19:29:29.869, 76.06 W, 72, 93 %, 3450 MiB
2026/08/03 19:29:30.873, 73.57 W, 73, 90 %, 3450 MiB
2026/08/03 19:29:31.878, 74.48 W, 72, 89 %, 3450 MiB
2026/08/03 19:29:32.885, 59.06 W, 73, 90 %, 3450 MiB
2026/08/03 19:29:33.889, 73.85 W, 72, 93 %, 3450 MiB
2026/08/03 19:29:34.894, 73.29 W, 73, 89 %, 3452 MiB
2026/08/03 19:29:35.901, 75.59 W, 72, 90 %, 3452 MiB
2026/08/03 19:29:36.905, 61.18 W, 73, 90 %, 3452 MiB
2026/08/03 19:29:37.909, 68.32 W, 72, 93 %, 3452 MiB
2026/08/03 19:29:38.917, 73.26 W, 73, 90 %, 3452 MiB
2026/08/03 19:29:39.921, 76.97 W, 72, 90 %, 3452 MiB
2026/08/03 19:29:40.926, 66.77 W, 73, 89 %, 3452 MiB
2026/08/03 19:29:41.935, 61.92 W, 72, 91 %, 3452 MiB
2026/08/03 19:29:42.940, 37.58 W, 69, 66 %, 1844 MiB
2026/08/03 19:29:43.943, 34.53 W, 67, 27 %, 1848 MiB
2026/08/03 19:29:44.948, 76.17 W, 72, 86 %, 3454 MiB
2026/08/03 19:29:45.955, 60.53 W, 72, 90 %, 3458 MiB
2026/08/03 19:29:46.959, 74.27 W, 73, 93 %, 3458 MiB
2026/08/03 19:29:47.963, 74.86 W, 72, 90 %, 3458 MiB
2026/08/03 19:29:48.973, 59.23 W, 73, 90 %, 3458 MiB
2026/08/03 19:29:49.977, 77.72 W, 72, 90 %, 3458 MiB
2026/08/03 19:29:50.981, 74.06 W, 73, 93 %, 3458 MiB
2026/08/03 19:29:51.986, 74.69 W, 72, 90 %, 3458 MiB
2026/08/03 19:29:52.990, 59.77 W, 72, 90 %, 3458 MiB
2026/08/03 19:29:53.995, 71.57 W, 71, 90 %, 3458 MiB
2026/08/03 19:29:55.002, 73.23 W, 73, 90 %, 3458 MiB
2026/08/03 19:29:56.006, 76.51 W, 72, 93 %, 3458 MiB
2026/08/03 19:29:57.010, 69.24 W, 72, 91 %, 3458 MiB
2026/08/03 19:29:58.016, 60.78 W, 72, 90 %, 3464 MiB
2026/08/03 19:29:59.020, 73.19 W, 72, 89 %, 3464 MiB
2026/08/03 19:30:00.024, 77.78 W, 72, 92 %, 3464 MiB
2026/08/03 19:30:01.031, 74.01 W, 72, 91 %, 3464 MiB
2026/08/03 19:30:02.034, 60.08 W, 71, 90 %, 3464 MiB
2026/08/03 19:30:03.039, 75.91 W, 72, 90 %, 3464 MiB
2026/08/03 19:30:04.045, 77.09 W, 72, 91 %, 3464 MiB
2026/08/03 19:30:05.049, 58.39 W, 73, 93 %, 3464 MiB
2026/08/03 19:30:06.053, 75.52 W, 71, 90 %, 3464 MiB
2026/08/03 19:30:07.060, 73.57 W, 72, 90 %, 3464 MiB
2026/08/03 19:30:08.065, 75.43 W, 72, 90 %, 3464 MiB
2026/08/03 19:30:09.069, 62.65 W, 73, 92 %, 3464 MiB
2026/08/03 19:30:10.074, 38.66 W, 71, 84 %, 1864 MiB
2026/08/03 19:30:11.078, 50.59 W, 71, 67 %, 2888 MiB
2026/08/03 19:30:12.082, 76.07 W, 72, 25 %, 3430 MiB
2026/08/03 19:30:13.086, 63.73 W, 72, 92 %, 3430 MiB
2026/08/03 19:30:14.095, 64.07 W, 71, 90 %, 3430 MiB
2026/08/03 19:30:15.099, 72.42 W, 72, 90 %, 3430 MiB
2026/08/03 19:30:16.104, 77.66 W, 72, 90 %, 3430 MiB
2026/08/03 19:30:17.111, 72.99 W, 72, 91 %, 3432 MiB
2026/08/03 19:30:18.115, 58.39 W, 71, 91 %, 3432 MiB
2026/08/03 19:30:19.121, 73.49 W, 72, 90 %, 3432 MiB
2026/08/03 19:30:20.127, 74.75 W, 72, 90 %, 3432 MiB
2026/08/03 19:30:21.131, 58.04 W, 73, 90 %, 3432 MiB
2026/08/03 19:30:22.135, 73.42 W, 71, 93 %, 3432 MiB
2026/08/03 19:30:23.140, 75.24 W, 73, 89 %, 3432 MiB
2026/08/03 19:30:24.145, 76.73 W, 73, 90 %, 3432 MiB
2026/08/03 19:30:25.149, 58.30 W, 72, 90 %, 3432 MiB
2026/08/03 19:30:26.157, 73.20 W, 71, 92 %, 3432 MiB
2026/08/03 19:30:27.160, 75.26 W, 73, 90 %, 3432 MiB
2026/08/03 19:30:28.164, 76.24 W, 73, 90 %, 3432 MiB
2026/08/03 19:30:29.170, 57.81 W, 72, 90 %, 3432 MiB
2026/08/03 19:30:30.173, 74.03 W, 72, 93 %, 3432 MiB
2026/08/03 19:30:31.177, 75.09 W, 73, 90 %, 3432 MiB
2026/08/03 19:30:32.182, 75.75 W, 73, 90 %, 3432 MiB
2026/08/03 19:30:33.186, 61.56 W, 72, 89 %, 3432 MiB
2026/08/03 19:30:34.192, 76.08 W, 73, 93 %, 3432 MiB
2026/08/03 19:30:35.195, 74.56 W, 73, 90 %, 3432 MiB
2026/08/03 19:30:36.200, 66.30 W, 73, 90 %, 3432 MiB
2026/08/03 19:30:37.204, 45.20 W, 72, 78 %, 1870 MiB
2026/08/03 19:30:38.208, 58.82 W, 69, 61 %, 2934 MiB
2026/08/03 19:30:39.211, 77.48 W, 72, 40 %, 3446 MiB
2026/08/03 19:30:40.218, 72.22 W, 73, 90 %, 3448 MiB
2026/08/03 19:30:41.222, 57.93 W, 72, 90 %, 3450 MiB
2026/08/03 19:30:42.226, 73.04 W, 71, 90 %, 3450 MiB
2026/08/03 19:30:43.229, 76.48 W, 73, 93 %, 3450 MiB
2026/08/03 19:30:44.237, 75.83 W, 73, 90 %, 3450 MiB
2026/08/03 19:30:45.241, 57.77 W, 72, 90 %, 3450 MiB
2026/08/03 19:30:46.245, 74.08 W, 72, 90 %, 3450 MiB
2026/08/03 19:30:47.252, 74.90 W, 73, 93 %, 3450 MiB
2026/08/03 19:30:48.257, 75.18 W, 73, 90 %, 3450 MiB
2026/08/03 19:30:49.261, 60.64 W, 72, 90 %, 3450 MiB
2026/08/03 19:30:50.268, 76.04 W, 73, 89 %, 3450 MiB
2026/08/03 19:30:51.272, 76.11 W, 73, 93 %, 3450 MiB
2026/08/03 19:30:52.277, 60.90 W, 73, 90 %, 3450 MiB
2026/08/03 19:30:53.282, 76.48 W, 72, 90 %, 3450 MiB
2026/08/03 19:30:54.286, 73.60 W, 73, 90 %, 3450 MiB
2026/08/03 19:30:55.291, 74.97 W, 73, 92 %, 3450 MiB
2026/08/03 19:30:56.295, 61.63 W, 73, 91 %, 3450 MiB
2026/08/03 19:30:57.299, 69.32 W, 72, 90 %, 3450 MiB
2026/08/03 19:30:58.304, 73.44 W, 73, 90 %, 3450 MiB
2026/08/03 19:30:59.307, 76.98 W, 73, 91 %, 3450 MiB
2026/08/03 19:31:00.312, 65.68 W, 73, 92 %, 3452 MiB
2026/08/03 19:31:01.320, 64.68 W, 72, 90 %, 3452 MiB
2026/08/03 19:31:02.325, 73.65 W, 73, 89 %, 3452 MiB
2026/08/03 19:31:03.330, 58.15 W, 70, 91 %, 3452 MiB
2026/08/03 19:31:04.333, 72.39 W, 72, 73 %, 1870 MiB
2026/08/03 19:31:05.337, 60.37 W, 71, 49 %, 3446 MiB
2026/08/03 19:31:06.341, 75.69 W, 73, 58 %, 3448 MiB
2026/08/03 19:31:07.344, 75.64 W, 72, 90 %, 3450 MiB
2026/08/03 19:31:08.348, 61.33 W, 73, 93 %, 3450 MiB
2026/08/03 19:31:09.352, 76.79 W, 72, 90 %, 3450 MiB
2026/08/03 19:31:10.358, 73.42 W, 73, 90 %, 3450 MiB
2026/08/03 19:31:11.361, 74.86 W, 73, 90 %, 3450 MiB
2026/08/03 19:31:12.366, 60.90 W, 73, 92 %, 3450 MiB
2026/08/03 19:31:13.371, 68.80 W, 72, 91 %, 3454 MiB
2026/08/03 19:31:14.376, 72.57 W, 73, 90 %, 3454 MiB
2026/08/03 19:31:15.380, 76.54 W, 73, 90 %, 3454 MiB
2026/08/03 19:31:16.384, 66.99 W, 73, 91 %, 3454 MiB
2026/08/03 19:31:17.388, 61.77 W, 72, 92 %, 3454 MiB
2026/08/03 19:31:18.394, 73.04 W, 73, 90 %, 3454 MiB
2026/08/03 19:31:19.399, 76.06 W, 73, 90 %, 3454 MiB
2026/08/03 19:31:20.403, 59.62 W, 73, 90 %, 3454 MiB
2026/08/03 19:31:21.409, 73.79 W, 72, 93 %, 3454 MiB
2026/08/03 19:31:22.414, 75.53 W, 73, 90 %, 3454 MiB
2026/08/03 19:31:23.418, 75.45 W, 73, 91 %, 3454 MiB
2026/08/03 19:31:24.426, 61.41 W, 73, 90 %, 3454 MiB
2026/08/03 19:31:25.429, 76.70 W, 72, 93 %, 3454 MiB
2026/08/03 19:31:26.434, 72.84 W, 73, 91 %, 3454 MiB
2026/08/03 19:31:27.442, 75.90 W, 73, 90 %, 3454 MiB
2026/08/03 19:31:28.446, 62.50 W, 73, 90 %, 3454 MiB
2026/08/03 19:31:29.450, 70.72 W, 72, 91 %, 3454 MiB
2026/08/03 19:31:30.457, 33.53 W, 69, 92 %, 3440 MiB
2026/08/03 19:31:31.460, 65.54 W, 70, 68 %, 1870 MiB
2026/08/03 19:31:32.463, 69.17 W, 72, 28 %, 3446 MiB
2026/08/03 19:31:33.469, 58.01 W, 72, 80 %, 3450 MiB
2026/08/03 19:31:34.477, 72.55 W, 73, 93 %, 3450 MiB
2026/08/03 19:31:35.480, 76.36 W, 73, 89 %, 3450 MiB
2026/08/03 19:31:36.484, 75.60 W, 73, 90 %, 3450 MiB
2026/08/03 19:31:37.490, 60.45 W, 72, 90 %, 3450 MiB
2026/08/03 19:31:38.495, 76.33 W, 73, 93 %, 3450 MiB
2026/08/03 19:31:39.499, 76.14 W, 73, 90 %, 3450 MiB
2026/08/03 19:31:40.505, 59.27 W, 73, 90 %, 3450 MiB
2026/08/03 19:31:41.509, 74.82 W, 71, 90 %, 3450 MiB
2026/08/03 19:31:42.513, 75.09 W, 73, 93 %, 3450 MiB
2026/08/03 19:31:43.517, 75.06 W, 73, 91 %, 3450 MiB
2026/08/03 19:31:44.520, 59.90 W, 73, 90 %, 3450 MiB
2026/08/03 19:31:45.524, 76.77 W, 71, 90 %, 3450 MiB
2026/08/03 19:31:46.531, 73.79 W, 73, 92 %, 3450 MiB
2026/08/03 19:31:47.536, 75.55 W, 73, 91 %, 3452 MiB
2026/08/03 19:31:48.540, 61.98 W, 73, 90 %, 3452 MiB
2026/08/03 19:31:49.546, 68.19 W, 71, 90 %, 3452 MiB
2026/08/03 19:31:50.550, 73.27 W, 73, 90 %, 3452 MiB
2026/08/03 19:31:51.555, 76.96 W, 73, 93 %, 3452 MiB
2026/08/03 19:31:52.562, 71.04 W, 73, 90 %, 3452 MiB
2026/08/03 19:31:53.566, 73.32 W, 71, 90 %, 3452 MiB
2026/08/03 19:31:54.570, 76.54 W, 73, 90 %, 3452 MiB
2026/08/03 19:31:55.576, 71.40 W, 73, 93 %, 3452 MiB
2026/08/03 19:31:56.581, 57.93 W, 72, 90 %, 3452 MiB
2026/08/03 19:31:57.585, 33.85 W, 72, 90 %, 1138 MiB
2026/08/03 19:31:58.592, 52.53 W, 69, 61 %, 1866 MiB
2026/08/03 19:31:59.595, 75.08 W, 72, 27 %, 3456 MiB
2026/08/03 19:32:00.600, 60.38 W, 72, 91 %, 3460 MiB
2026/08/03 19:32:01.604, 76.72 W, 71, 90 %, 3460 MiB
2026/08/03 19:32:02.607, 73.79 W, 73, 90 %, 3460 MiB
2026/08/03 19:32:03.612, 75.14 W, 73, 91 %, 3460 MiB
2026/08/03 19:32:04.618, 62.56 W, 73, 93 %, 3460 MiB
2026/08/03 19:32:05.623, 67.52 W, 71, 90 %, 3460 MiB
2026/08/03 19:32:06.626, 73.56 W, 73, 91 %, 3460 MiB
2026/08/03 19:32:07.630, 77.12 W, 73, 90 %, 3460 MiB
2026/08/03 19:32:08.634, 72.44 W, 73, 93 %, 3460 MiB
2026/08/03 19:32:09.638, 72.93 W, 71, 90 %, 3460 MiB
2026/08/03 19:32:10.647, 74.64 W, 73, 91 %, 3460 MiB
2026/08/03 19:32:11.651, 76.54 W, 73, 90 %, 3460 MiB
2026/08/03 19:32:12.655, 61.10 W, 73, 93 %, 3460 MiB
2026/08/03 19:32:13.659, 74.41 W, 71, 91 %, 3460 MiB
2026/08/03 19:32:14.663, 74.20 W, 73, 90 %, 3460 MiB
2026/08/03 19:32:15.668, 74.20 W, 73, 89 %, 3460 MiB
2026/08/03 19:32:16.675, 60.75 W, 73, 91 %, 3460 MiB
2026/08/03 19:32:17.679, 74.44 W, 71, 92 %, 3460 MiB
2026/08/03 19:32:18.682, 72.74 W, 73, 90 %, 3460 MiB
2026/08/03 19:32:19.689, 75.88 W, 73, 90 %, 3460 MiB
2026/08/03 19:32:20.693, 64.40 W, 73, 90 %, 3460 MiB
2026/08/03 19:32:21.697, 62.74 W, 71, 93 %, 3460 MiB
2026/08/03 19:32:22.702, 72.75 W, 73, 90 %, 3460 MiB
2026/08/03 19:32:23.707, 77.23 W, 73, 90 %, 3460 MiB
2026/08/03 19:32:24.712, 60.93 W, 72, 78 %, 1866 MiB
2026/08/03 19:32:25.721, 37.20 W, 69, 62 %, 1876 MiB
2026/08/03 19:32:26.724, 73.56 W, 72, 41 %, 3446 MiB
2026/08/03 19:32:27.728, 75.22 W, 72, 90 %, 3450 MiB
2026/08/03 19:32:28.734, 59.29 W, 72, 90 %, 3450 MiB
2026/08/03 19:32:29.738, 72.41 W, 72, 90 %, 3452 MiB
2026/08/03 19:32:30.742, 73.30 W, 73, 93 %, 3452 MiB
2026/08/03 19:32:31.746, 75.67 W, 72, 90 %, 3452 MiB
2026/08/03 19:32:32.751, 62.86 W, 73, 90 %, 3452 MiB
2026/08/03 19:32:33.755, 66.08 W, 72, 90 %, 3452 MiB
2026/08/03 19:32:34.761, 73.07 W, 73, 90 %, 3452 MiB
2026/08/03 19:32:35.766, 77.85 W, 73, 93 %, 3452 MiB
2026/08/03 19:32:36.771, 68.33 W, 73, 90 %, 3452 MiB
2026/08/03 19:32:37.780, 60.82 W, 71, 90 %, 3452 MiB
2026/08/03 19:32:38.786, 72.59 W, 73, 90 %, 3452 MiB
2026/08/03 19:32:39.790, 76.61 W, 73, 93 %, 3452 MiB
2026/08/03 19:32:40.795, 73.75 W, 73, 89 %, 3452 MiB
2026/08/03 19:32:41.802, 73.06 W, 71, 90 %, 3452 MiB
2026/08/03 19:32:42.806, 76.85 W, 73, 90 %, 3452 MiB
2026/08/03 19:32:43.810, 72.56 W, 73, 92 %, 3452 MiB
2026/08/03 19:32:44.814, 58.53 W, 72, 90 %, 3452 MiB
2026/08/03 19:32:45.818, 73.69 W, 71, 90 %, 3452 MiB
2026/08/03 19:32:46.822, 74.64 W, 73, 90 %, 3452 MiB
2026/08/03 19:32:47.826, 75.62 W, 73, 92 %, 3452 MiB
2026/08/03 19:32:48.830, 62.76 W, 73, 91 %, 3452 MiB
2026/08/03 19:32:49.836, 75.64 W, 71, 90 %, 3452 MiB
2026/08/03 19:32:50.839, 73.46 W, 73, 90 %, 3452 MiB
2026/08/03 19:32:51.845, 74.31 W, 71, 90 %, 1860 MiB
2026/08/03 19:32:52.852, 36.25 W, 68, 73 %, 1870 MiB
2026/08/03 19:32:53.855, 63.29 W, 71, 49 %, 3448 MiB
2026/08/03 19:32:54.860, 73.12 W, 72, 58 %, 3450 MiB
2026/08/03 19:32:55.865, 76.99 W, 72, 90 %, 3450 MiB
2026/08/03 19:32:56.873, 75.12 W, 73, 93 %, 3450 MiB
2026/08/03 19:32:57.877, 72.91 W, 71, 90 %, 3450 MiB
2026/08/03 19:32:58.881, 76.78 W, 73, 90 %, 3450 MiB
2026/08/03 19:32:59.888, 76.62 W, 73, 90 %, 3450 MiB
2026/08/03 19:33:00.892, 59.51 W, 72, 91 %, 3450 MiB
2026/08/03 19:33:01.896, 74.52 W, 71, 91 %, 3450 MiB
2026/08/03 19:33:02.902, 74.52 W, 73, 90 %, 3450 MiB
2026/08/03 19:33:03.906, 73.63 W, 73, 90 %, 3452 MiB
2026/08/03 19:33:04.910, 60.37 W, 73, 90 %, 3452 MiB
2026/08/03 19:33:05.916, 73.52 W, 71, 93 %, 3452 MiB
2026/08/03 19:33:06.921, 72.63 W, 73, 90 %, 3452 MiB
2026/08/03 19:33:07.925, 75.68 W, 73, 90 %, 3452 MiB
2026/08/03 19:33:08.930, 62.92 W, 73, 89 %, 3452 MiB
2026/08/03 19:33:09.934, 68.44 W, 71, 93 %, 3452 MiB
2026/08/03 19:33:10.938, 73.51 W, 73, 90 %, 3452 MiB
2026/08/03 19:33:11.944, 77.58 W, 73, 90 %, 3452 MiB
2026/08/03 19:33:12.948, 64.36 W, 72, 90 %, 3452 MiB
2026/08/03 19:33:13.952, 73.89 W, 71, 92 %, 3452 MiB
2026/08/03 19:33:14.959, 77.46 W, 73, 90 %, 3452 MiB
2026/08/03 19:33:15.965, 72.86 W, 73, 90 %, 3452 MiB
2026/08/03 19:33:16.970, 59.26 W, 72, 90 %, 3452 MiB
2026/08/03 19:33:17.975, 73.88 W, 71, 92 %, 3452 MiB
2026/08/03 19:33:18.978, 60.82 W, 70, 91 %, 1834 MiB
2026/08/03 19:33:19.981, 35.07 W, 68, 69 %, 1848 MiB
2026/08/03 19:33:20.984, 59.61 W, 71, 29 %, 3456 MiB
2026/08/03 19:33:21.988, 75.65 W, 71, 77 %, 3456 MiB
2026/08/03 19:33:22.992, 74.13 W, 73, 93 %, 3458 MiB
2026/08/03 19:33:24.001, 74.94 W, 73, 89 %, 3458 MiB
2026/08/03 19:33:25.005, 61.74 W, 72, 90 %, 3460 MiB
2026/08/03 19:33:26.009, 73.45 W, 71, 90 %, 3460 MiB
2026/08/03 19:33:27.015, 73.20 W, 73, 93 %, 3460 MiB
2026/08/03 19:33:28.019, 76.28 W, 73, 90 %, 3460 MiB
2026/08/03 19:33:29.025, 73.75 W, 72, 90 %, 3460 MiB
2026/08/03 19:33:30.028, 73.94 W, 72, 90 %, 3460 MiB
2026/08/03 19:33:31.032, 76.00 W, 73, 93 %, 3460 MiB
2026/08/03 19:33:32.038, 64.13 W, 73, 89 %, 3460 MiB
2026/08/03 19:33:33.042, 67.17 W, 72, 90 %, 3460 MiB
2026/08/03 19:33:34.046, 73.82 W, 72, 90 %, 3460 MiB
2026/08/03 19:33:35.053, 77.53 W, 72, 92 %, 3460 MiB
2026/08/03 19:33:36.058, 67.59 W, 73, 90 %, 3460 MiB
2026/08/03 19:33:37.062, 60.51 W, 73, 90 %, 3460 MiB
2026/08/03 19:33:38.070, 72.98 W, 73, 90 %, 3460 MiB
2026/08/03 19:33:39.076, 75.65 W, 73, 92 %, 3460 MiB
2026/08/03 19:33:40.082, 76.53 W, 73, 91 %, 3460 MiB
2026/08/03 19:33:41.088, 61.40 W, 73, 90 %, 3460 MiB
2026/08/03 19:33:42.092, 75.06 W, 73, 90 %, 3460 MiB
2026/08/03 19:33:43.097, 73.81 W, 72, 90 %, 3460 MiB
2026/08/03 19:33:44.104, 76.15 W, 73, 93 %, 3460 MiB
2026/08/03 19:33:45.112, 75.09 W, 73, 90 %, 3460 MiB
2026/08/03 19:33:46.116, 51.14 W, 69, 90 %, 1864 MiB
2026/08/03 19:33:47.120, 34.95 W, 68, 61 %, 1876 MiB
2026/08/03 19:33:48.123, 59.43 W, 72, 27 %, 3450 MiB
2026/08/03 19:33:49.127, 74.64 W, 72, 90 %, 3450 MiB
2026/08/03 19:33:50.130, 72.98 W, 73, 90 %, 3450 MiB
2026/08/03 19:33:51.135, 76.35 W, 72, 90 %, 3450 MiB
2026/08/03 19:33:52.139, 61.91 W, 73, 93 %, 3450 MiB
2026/08/03 19:33:53.144, 68.29 W, 72, 90 %, 3450 MiB
2026/08/03 19:33:54.150, 73.52 W, 73, 90 %, 3450 MiB
2026/08/03 19:33:55.153, 76.91 W, 73, 90 %, 3450 MiB
2026/08/03 19:33:56.157, 68.04 W, 73, 92 %, 3450 MiB
2026/08/03 19:33:57.165, 59.22 W, 71, 91 %, 3450 MiB
2026/08/03 19:33:58.170, 73.71 W, 73, 90 %, 3450 MiB
2026/08/03 19:33:59.174, 77.19 W, 73, 90 %, 3450 MiB
2026/08/03 19:34:00.180, 71.58 W, 73, 91 %, 3450 MiB
2026/08/03 19:34:01.184, 73.67 W, 71, 91 %, 3450 MiB
2026/08/03 19:34:02.187, 78.03 W, 73, 90 %, 3450 MiB
2026/08/03 19:34:03.191, 70.04 W, 73, 90 %, 3450 MiB
2026/08/03 19:34:04.195, 60.78 W, 72, 91 %, 3450 MiB
2026/08/03 19:34:05.200, 72.68 W, 71, 92 %, 3450 MiB
2026/08/03 19:34:06.203, 75.72 W, 73, 90 %, 3450 MiB
2026/08/03 19:34:07.207, 74.59 W, 73, 90 %, 3450 MiB
2026/08/03 19:34:08.215, 58.56 W, 72, 90 %, 3450 MiB
2026/08/03 19:34:09.218, 73.65 W, 73, 93 %, 3450 MiB
2026/08/03 19:34:10.221, 75.63 W, 72, 89 %, 3450 MiB
2026/08/03 19:34:11.230, 75.98 W, 73, 90 %, 3450 MiB
2026/08/03 19:34:12.233, 61.13 W, 72, 90 %, 3450 MiB
2026/08/03 19:34:13.237, 39.17 W, 70, 78 %, 1868 MiB
2026/08/03 19:34:14.242, 34.98 W, 68, 72 %, 1878 MiB
2026/08/03 19:34:15.245, 77.30 W, 72, 31 %, 3474 MiB
2026/08/03 19:34:16.248, 64.82 W, 72, 90 %, 3476 MiB
2026/08/03 19:34:17.254, 73.64 W, 71, 91 %, 3476 MiB
2026/08/03 19:34:18.257, 77.04 W, 73, 91 %, 3478 MiB
2026/08/03 19:34:19.262, 67.39 W, 73, 90 %, 3478 MiB
2026/08/03 19:34:20.269, 60.26 W, 72, 90 %, 3478 MiB
2026/08/03 19:34:21.272, 73.15 W, 72, 90 %, 3478 MiB
2026/08/03 19:34:22.276, 76.13 W, 73, 92 %, 3478 MiB
2026/08/03 19:34:23.280, 75.77 W, 73, 90 %, 3478 MiB
2026/08/03 19:34:24.283, 58.96 W, 72, 90 %, 3478 MiB
2026/08/03 19:34:25.289, 74.40 W, 72, 90 %, 3478 MiB
2026/08/03 19:34:26.292, 75.16 W, 72, 93 %, 3478 MiB
2026/08/03 19:34:27.298, 75.44 W, 73, 90 %, 3478 MiB
2026/08/03 19:34:28.303, 60.87 W, 72, 90 %, 3478 MiB
2026/08/03 19:34:29.307, 75.90 W, 73, 90 %, 3478 MiB
2026/08/03 19:34:30.311, 74.92 W, 72, 93 %, 3478 MiB
2026/08/03 19:34:31.319, 61.11 W, 73, 90 %, 3478 MiB
2026/08/03 19:34:32.324, 73.97 W, 72, 90 %, 3478 MiB
2026/08/03 19:34:33.328, 73.66 W, 73, 90 %, 3478 MiB
2026/08/03 19:34:34.333, 76.21 W, 72, 92 %, 3478 MiB
2026/08/03 19:34:35.337, 64.29 W, 73, 91 %, 3478 MiB
2026/08/03 19:34:36.341, 64.32 W, 72, 90 %, 3478 MiB
2026/08/03 19:34:37.349, 73.05 W, 73, 90 %, 3478 MiB
2026/08/03 19:34:38.353, 77.39 W, 73, 91 %, 3478 MiB
2026/08/03 19:34:39.358, 74.81 W, 73, 93 %, 3478 MiB
2026/08/03 19:34:40.364, 67.87 W, 72, 76 %, 1866 MiB
2026/08/03 19:34:41.368, 34.87 W, 68, 52 %, 1878 MiB
2026/08/03 19:34:42.371, 73.49 W, 72, 49 %, 3452 MiB
2026/08/03 19:34:43.377, 75.63 W, 73, 93 %, 3452 MiB
2026/08/03 19:34:44.380, 60.82 W, 72, 90 %, 3454 MiB
2026/08/03 19:34:45.384, 76.54 W, 72, 90 %, 3454 MiB
2026/08/03 19:34:46.389, 75.18 W, 72, 90 %, 3454 MiB
2026/08/03 19:34:47.394, 61.25 W, 73, 92 %, 3456 MiB
2026/08/03 19:34:48.397, 69.84 W, 72, 91 %, 3456 MiB
2026/08/03 19:34:49.402, 73.26 W, 72, 91 %, 3456 MiB
2026/08/03 19:34:50.406, 77.46 W, 72, 90 %, 3458 MiB
2026/08/03 19:34:51.411, 67.22 W, 73, 90 %, 3458 MiB
2026/08/03 19:34:52.415, 61.17 W, 72, 92 %, 3458 MiB
2026/08/03 19:34:53.419, 73.49 W, 72, 90 %, 3458 MiB
2026/08/03 19:34:54.423, 76.54 W, 73, 90 %, 3458 MiB
2026/08/03 19:34:55.429, 76.40 W, 73, 90 %, 3458 MiB
2026/08/03 19:34:56.432, 59.60 W, 72, 93 %, 3458 MiB
2026/08/03 19:34:57.436, 74.73 W, 73, 90 %, 3458 MiB
2026/08/03 19:34:58.440, 75.48 W, 72, 90 %, 3458 MiB
2026/08/03 19:34:59.446, 75.40 W, 73, 89 %, 3458 MiB
2026/08/03 19:35:00.451, 73.68 W, 71, 93 %, 3458 MiB
2026/08/03 19:35:01.455, 74.69 W, 73, 90 %, 3458 MiB
2026/08/03 19:35:02.460, 75.54 W, 72, 90 %, 3458 MiB
2026/08/03 19:35:03.464, 60.79 W, 73, 90 %, 3458 MiB
2026/08/03 19:35:04.468, 75.36 W, 71, 93 %, 3458 MiB
2026/08/03 19:35:05.476, 71.89 W, 73, 90 %, 3458 MiB
2026/08/03 19:35:06.481, 75.21 W, 73, 89 %, 3458 MiB
2026/08/03 19:35:07.484, 79.01 W, 72, 71 %, 1862 MiB
2026/08/03 19:35:08.489, 34.78 W, 67, 37 %, 1874 MiB
2026/08/03 19:35:09.492, 73.32 W, 73, 73 %, 3484 MiB
2026/08/03 19:35:10.497, 76.78 W, 72, 90 %, 3484 MiB
2026/08/03 19:35:11.502, 74.94 W, 73, 90 %, 3484 MiB
2026/08/03 19:35:12.509, 59.02 W, 72, 90 %, 3484 MiB
2026/08/03 19:35:13.513, 74.10 W, 73, 93 %, 3484 MiB
2026/08/03 19:35:14.517, 75.01 W, 72, 90 %, 3484 MiB
2026/08/03 19:35:15.525, 74.95 W, 73, 90 %, 3484 MiB
2026/08/03 19:35:16.529, 74.74 W, 72, 90 %, 3484 MiB
2026/08/03 19:35:17.533, 73.74 W, 73, 90 %, 3484 MiB
2026/08/03 19:35:18.540, 74.57 W, 72, 92 %, 3484 MiB
2026/08/03 19:35:19.546, 60.19 W, 73, 91 %, 3484 MiB
2026/08/03 19:35:20.549, 74.47 W, 72, 90 %, 3484 MiB
2026/08/03 19:35:21.554, 73.77 W, 73, 90 %, 3484 MiB
2026/08/03 19:35:22.561, 75.95 W, 72, 91 %, 3484 MiB
2026/08/03 19:35:23.566, 63.96 W, 73, 92 %, 3484 MiB
2026/08/03 19:35:24.570, 66.93 W, 72, 90 %, 3484 MiB
2026/08/03 19:35:25.579, 73.33 W, 73, 90 %, 3484 MiB
2026/08/03 19:35:26.583, 77.26 W, 73, 90 %, 3484 MiB
2026/08/03 19:35:27.587, 64.86 W, 73, 93 %, 3484 MiB
2026/08/03 19:35:28.592, 64.39 W, 71, 89 %, 3484 MiB
2026/08/03 19:35:29.596, 73.61 W, 73, 90 %, 3484 MiB
2026/08/03 19:35:30.601, 77.35 W, 73, 90 %, 3484 MiB
2026/08/03 19:35:31.607, 68.21 W, 73, 93 %, 3484 MiB
2026/08/03 19:35:32.611, 60.46 W, 71, 89 %, 3484 MiB
2026/08/03 19:35:33.615, 77.48 W, 73, 90 %, 3484 MiB
2026/08/03 19:35:34.623, 72.75 W, 70, 90 %, 1860 MiB
2026/08/03 19:35:35.626, 34.73 W, 67, 61 %, 1868 MiB
2026/08/03 19:35:36.629, 73.22 W, 70, 26 %, 3440 MiB
2026/08/03 19:35:37.633, 75.01 W, 73, 90 %, 3440 MiB
2026/08/03 19:35:38.638, 77.07 W, 73, 90 %, 3440 MiB
2026/08/03 19:35:39.643, 60.13 W, 72, 93 %, 3440 MiB
2026/08/03 19:35:40.647, 75.37 W, 71, 90 %, 3440 MiB
2026/08/03 19:35:41.651, 74.79 W, 73, 89 %, 3440 MiB
2026/08/03 19:35:42.656, 75.57 W, 73, 90 %, 3440 MiB
2026/08/03 19:35:43.660, 59.57 W, 72, 92 %, 3440 MiB
2026/08/03 19:35:44.663, 75.36 W, 72, 90 %, 3440 MiB
2026/08/03 19:35:45.668, 73.73 W, 73, 90 %, 3440 MiB
2026/08/03 19:35:46.673, 74.51 W, 73, 90 %, 3440 MiB
2026/08/03 19:35:47.676, 77.19 W, 72, 91 %, 3440 MiB
2026/08/03 19:35:48.682, 73.52 W, 72, 92 %, 3440 MiB
2026/08/03 19:35:49.686, 75.91 W, 73, 90 %, 3440 MiB
2026/08/03 19:35:50.691, 60.76 W, 73, 89 %, 3440 MiB
2026/08/03 19:35:51.699, 70.80 W, 72, 90 %, 3440 MiB
2026/08/03 19:35:52.703, 73.67 W, 73, 92 %, 3440 MiB
2026/08/03 19:35:53.707, 76.39 W, 73, 90 %, 3440 MiB
2026/08/03 19:35:54.714, 63.47 W, 73, 90 %, 3440 MiB
2026/08/03 19:35:55.718, 65.84 W, 73, 89 %, 3440 MiB
2026/08/03 19:35:56.722, 73.61 W, 73, 93 %, 3440 MiB
2026/08/03 19:35:57.727, 77.47 W, 73, 90 %, 3440 MiB
2026/08/03 19:35:58.732, 68.30 W, 73, 90 %, 3440 MiB
2026/08/03 19:35:59.736, 61.29 W, 72, 90 %, 3440 MiB
2026/08/03 19:36:00.743, 73.22 W, 73, 93 %, 3440 MiB
2026/08/03 19:36:01.748, 54.52 W, 70, 82 %, 1864 MiB
2026/08/03 19:36:02.751, 34.61 W, 67, 69 %, 1874 MiB
2026/08/03 19:36:03.754, 75.55 W, 72, 26 %, 3450 MiB
2026/08/03 19:36:04.758, 73.02 W, 72, 90 %, 3450 MiB
2026/08/03 19:36:05.761, 74.64 W, 72, 92 %, 3450 MiB
2026/08/03 19:36:06.768, 59.86 W, 73, 90 %, 3450 MiB
2026/08/03 19:36:07.772, 71.49 W, 72, 90 %, 3450 MiB
2026/08/03 19:36:08.776, 73.62 W, 73, 89 %, 3450 MiB
2026/08/03 19:36:09.782, 76.12 W, 72, 93 %, 3450 MiB
2026/08/03 19:36:10.786, 63.54 W, 73, 89 %, 3454 MiB
2026/08/03 19:36:11.790, 64.01 W, 72, 90 %, 3454 MiB
2026/08/03 19:36:12.795, 73.05 W, 73, 90 %, 3454 MiB
2026/08/03 19:36:13.801, 77.05 W, 72, 93 %, 3454 MiB
2026/08/03 19:36:14.806, 75.60 W, 73, 90 %, 3454 MiB
2026/08/03 19:36:15.810, 57.02 W, 72, 90 %, 3454 MiB
2026/08/03 19:36:16.815, 72.61 W, 73, 89 %, 3454 MiB
2026/08/03 19:36:17.818, 75.90 W, 73, 93 %, 3454 MiB
2026/08/03 19:36:18.823, 75.66 W, 73, 90 %, 3454 MiB
2026/08/03 19:36:19.827, 73.44 W, 72, 90 %, 3454 MiB
2026/08/03 19:36:20.832, 75.30 W, 73, 90 %, 3454 MiB
2026/08/03 19:36:21.838, 76.07 W, 73, 92 %, 3454 MiB
2026/08/03 19:36:22.842, 58.92 W, 73, 91 %, 3454 MiB
2026/08/03 19:36:23.846, 74.62 W, 71, 89 %, 3454 MiB
2026/08/03 19:36:24.852, 75.01 W, 73, 90 %, 3454 MiB
2026/08/03 19:36:25.857, 75.40 W, 73, 91 %, 3454 MiB
2026/08/03 19:36:26.861, 60.43 W, 73, 92 %, 3454 MiB
2026/08/03 19:36:27.866, 67.05 W, 72, 90 %, 3454 MiB
2026/08/03 19:36:28.869, 37.58 W, 69, 78 %, 1864 MiB
2026/08/03 19:36:29.873, 34.61 W, 67, 57 %, 1874 MiB
2026/08/03 19:36:30.876, 72.24 W, 73, 45 %, 3452 MiB
2026/08/03 19:36:31.880, 58.81 W, 72, 90 %, 3452 MiB
2026/08/03 19:36:32.885, 73.70 W, 73, 90 %, 3452 MiB
2026/08/03 19:36:33.890, 74.80 W, 73, 90 %, 3452 MiB
2026/08/03 19:36:34.895, 59.92 W, 73, 92 %, 3452 MiB
2026/08/03 19:36:35.899, 73.95 W, 72, 91 %, 3452 MiB
2026/08/03 19:36:36.906, 74.83 W, 73, 90 %, 3452 MiB
2026/08/03 19:36:37.912, 76.08 W, 73, 90 %, 3452 MiB
2026/08/03 19:36:38.916, 60.29 W, 73, 91 %, 3452 MiB
2026/08/03 19:36:39.921, 75.12 W, 71, 92 %, 3452 MiB
2026/08/03 19:36:40.926, 74.63 W, 73, 90 %, 3452 MiB
2026/08/03 19:36:41.930, 75.42 W, 73, 90 %, 3452 MiB
2026/08/03 19:36:42.934, 62.16 W, 73, 91 %, 3452 MiB
2026/08/03 19:36:43.938, 75.72 W, 71, 93 %, 3452 MiB
2026/08/03 19:36:44.942, 73.98 W, 73, 90 %, 3452 MiB
2026/08/03 19:36:45.949, 74.60 W, 73, 90 %, 3452 MiB
2026/08/03 19:36:46.953, 59.63 W, 72, 90 %, 3452 MiB
2026/08/03 19:36:47.957, 75.68 W, 72, 92 %, 3452 MiB
2026/08/03 19:36:48.963, 72.43 W, 73, 90 %, 3452 MiB
2026/08/03 19:36:49.967, 75.28 W, 73, 90 %, 3452 MiB
2026/08/03 19:36:50.972, 74.05 W, 72, 90 %, 3452 MiB
2026/08/03 19:36:51.977, 73.64 W, 72, 93 %, 3452 MiB
2026/08/03 19:36:52.980, 76.63 W, 73, 90 %, 3452 MiB
2026/08/03 19:36:53.984, 64.91 W, 73, 90 %, 3452 MiB
2026/08/03 19:36:54.993, 60.46 W, 73, 90 %, 3452 MiB
2026/08/03 19:36:55.997, 36.68 W, 71, 71 %, 1834 MiB
2026/08/03 19:36:57.001, 35.95 W, 70, 46 %, 2894 MiB
2026/08/03 19:36:58.006, 74.19 W, 72, 64 %, 3456 MiB
2026/08/03 19:36:59.013, 59.37 W, 73, 90 %, 3456 MiB
2026/08/03 19:37:00.017, 73.68 W, 71, 90 %, 3458 MiB
2026/08/03 19:37:01.021, 73.92 W, 73, 93 %, 3458 MiB
2026/08/03 19:37:02.026, 76.16 W, 73, 90 %, 3458 MiB
2026/08/03 19:37:03.029, 63.41 W, 73, 90 %, 3458 MiB
2026/08/03 19:37:04.035, 64.05 W, 71, 90 %, 3458 MiB
2026/08/03 19:37:05.039, 73.04 W, 73, 93 %, 3458 MiB
2026/08/03 19:37:06.043, 77.95 W, 73, 90 %, 3458 MiB
2026/08/03 19:37:07.047, 62.19 W, 73, 90 %, 3458 MiB
2026/08/03 19:37:08.051, 73.41 W, 71, 90 %, 3458 MiB
2026/08/03 19:37:09.055, 76.79 W, 73, 92 %, 3458 MiB
2026/08/03 19:37:10.059, 76.50 W, 73, 91 %, 3460 MiB
2026/08/03 19:37:11.063, 60.50 W, 73, 90 %, 3460 MiB
2026/08/03 19:37:12.069, 74.58 W, 71, 90 %, 3462 MiB
2026/08/03 19:37:13.072, 74.58 W, 73, 90 %, 3462 MiB
2026/08/03 19:37:14.076, 75.59 W, 73, 93 %, 3462 MiB
2026/08/03 19:37:15.084, 61.43 W, 72, 90 %, 3462 MiB
2026/08/03 19:37:16.088, 76.40 W, 71, 90 %, 3462 MiB
2026/08/03 19:37:17.091, 74.21 W, 73, 90 %, 3462 MiB
2026/08/03 19:37:18.099, 76.21 W, 73, 93 %, 3462 MiB
2026/08/03 19:37:19.102, 64.25 W, 72, 90 %, 3462 MiB
2026/08/03 19:37:20.106, 63.47 W, 71, 90 %, 3462 MiB
2026/08/03 19:37:21.110, 78.00 W, 73, 90 %, 3462 MiB
2026/08/03 19:37:22.113, 78.68 W, 71, 90 %, 3462 MiB
2026/08/03 19:37:23.118, 69.59 W, 72, 65 %, 1860 MiB
2026/08/03 19:37:24.121, 71.49 W, 71, 27 %, 3428 MiB
2026/08/03 19:37:25.125, 72.26 W, 73, 90 %, 3428 MiB
2026/08/03 19:37:26.129, 76.01 W, 72, 90 %, 3430 MiB
2026/08/03 19:37:27.134, 66.72 W, 73, 92 %, 3432 MiB
2026/08/03 19:37:28.138, 62.88 W, 72, 91 %, 3432 MiB
2026/08/03 19:37:29.144, 72.84 W, 73, 90 %, 3432 MiB
2026/08/03 19:37:30.148, 76.96 W, 72, 90 %, 3432 MiB
2026/08/03 19:37:31.152, 74.16 W, 73, 91 %, 3434 MiB
2026/08/03 19:37:32.156, 57.98 W, 72, 91 %, 3434 MiB
2026/08/03 19:37:33.160, 74.06 W, 73, 90 %, 3434 MiB
2026/08/03 19:37:34.164, 74.99 W, 73, 90 %, 3434 MiB
2026/08/03 19:37:35.170, 76.07 W, 73, 91 %, 3434 MiB
2026/08/03 19:37:36.174, 73.82 W, 72, 92 %, 3434 MiB
2026/08/03 19:37:37.178, 75.55 W, 73, 90 %, 3434 MiB
2026/08/03 19:37:38.182, 75.99 W, 73, 90 %, 3434 MiB
2026/08/03 19:37:39.186, 61.75 W, 73, 90 %, 3434 MiB
2026/08/03 19:37:40.191, 76.13 W, 72, 93 %, 3434 MiB
2026/08/03 19:37:41.198, 73.76 W, 73, 90 %, 3434 MiB
2026/08/03 19:37:42.201, 76.00 W, 73, 90 %, 3434 MiB
2026/08/03 19:37:43.205, 62.51 W, 73, 90 %, 3434 MiB
2026/08/03 19:37:44.209, 68.88 W, 72, 92 %, 3434 MiB
2026/08/03 19:37:45.215, 73.19 W, 73, 90 %, 3434 MiB
2026/08/03 19:37:46.219, 76.81 W, 73, 90 %, 3434 MiB
2026/08/03 19:37:47.224, 64.89 W, 73, 89 %, 3434 MiB
2026/08/03 19:37:48.229, 66.02 W, 71, 91 %, 3434 MiB
2026/08/03 19:37:49.233, 33.57 W, 69, 81 %, 3434 MiB
2026/08/03 19:37:50.237, 61.58 W, 70, 70 %, 1870 MiB
2026/08/03 19:37:51.241, 76.16 W, 72, 28 %, 3446 MiB
2026/08/03 19:37:52.244, 60.68 W, 72, 90 %, 3450 MiB
2026/08/03 19:37:53.249, 74.16 W, 73, 92 %, 3452 MiB
2026/08/03 19:37:54.259, 74.24 W, 72, 90 %, 3452 MiB
2026/08/03 19:37:55.263, 59.96 W, 73, 90 %, 3452 MiB
2026/08/03 19:37:56.266, 73.16 W, 73, 90 %, 3452 MiB
2026/08/03 19:37:57.273, 73.23 W, 73, 90 %, 3452 MiB
2026/08/03 19:37:58.277, 76.54 W, 73, 93 %, 3452 MiB
2026/08/03 19:37:59.281, 64.25 W, 73, 90 %, 3452 MiB
2026/08/03 19:38:00.285, 62.57 W, 72, 90 %, 3452 MiB
2026/08/03 19:38:01.289, 73.16 W, 73, 90 %, 3452 MiB
2026/08/03 19:38:02.295, 76.55 W, 72, 91 %, 3452 MiB
2026/08/03 19:38:03.300, 75.42 W, 73, 92 %, 3452 MiB
2026/08/03 19:38:04.304, 58.58 W, 73, 90 %, 3452 MiB
2026/08/03 19:38:05.309, 74.55 W, 73, 90 %, 3452 MiB
2026/08/03 19:38:06.315, 74.91 W, 73, 90 %, 3452 MiB
2026/08/03 19:38:07.321, 75.12 W, 73, 93 %, 3452 MiB
2026/08/03 19:38:08.326, 75.44 W, 73, 90 %, 3452 MiB
2026/08/03 19:38:09.330, 74.18 W, 74, 90 %, 3452 MiB
2026/08/03 19:38:10.336, 75.60 W, 72, 90 %, 3452 MiB
2026/08/03 19:38:11.342, 60.62 W, 73, 93 %, 3452 MiB
2026/08/03 19:38:12.346, 71.27 W, 72, 90 %, 3452 MiB
2026/08/03 19:38:13.350, 73.93 W, 73, 90 %, 3452 MiB
2026/08/03 19:38:14.358, 75.54 W, 73, 90 %, 3452 MiB
2026/08/03 19:38:15.363, 64.73 W, 73, 92 %, 3452 MiB
2026/08/03 19:38:16.367, 59.43 W, 72, 91 %, 1152 MiB
2026/08/03 19:38:17.372, 36.18 W, 69, 77 %, 1866 MiB
2026/08/03 19:38:18.375, 74.67 W, 72, 51 %, 3448 MiB
2026/08/03 19:38:19.379, 75.35 W, 73, 48 %, 3448 MiB
2026/08/03 19:38:20.383, 60.04 W, 72, 93 %, 3450 MiB
2026/08/03 19:38:21.389, 74.45 W, 72, 90 %, 3450 MiB
2026/08/03 19:38:22.392, 74.65 W, 73, 90 %, 3450 MiB
2026/08/03 19:38:23.396, 74.82 W, 73, 90 %, 3450 MiB
2026/08/03 19:38:24.401, 73.92 W, 72, 93 %, 3450 MiB
2026/08/03 19:38:25.405, 75.19 W, 73, 90 %, 3450 MiB
2026/08/03 19:38:26.409, 74.97 W, 73, 90 %, 3450 MiB
2026/08/03 19:38:27.418, 60.48 W, 73, 90 %, 3450 MiB
2026/08/03 19:38:28.422, 73.71 W, 72, 93 %, 3450 MiB
2026/08/03 19:38:29.426, 72.88 W, 73, 90 %, 3450 MiB
2026/08/03 19:38:30.435, 75.65 W, 73, 90 %, 3450 MiB
2026/08/03 19:38:31.439, 63.26 W, 73, 90 %, 3450 MiB
2026/08/03 19:38:32.443, 64.86 W, 73, 91 %, 3450 MiB
2026/08/03 19:38:33.449, 73.35 W, 74, 92 %, 3450 MiB
2026/08/03 19:38:34.454, 77.45 W, 72, 90 %, 3450 MiB
2026/08/03 19:38:35.460, 71.56 W, 73, 90 %, 3450 MiB
2026/08/03 19:38:36.464, 60.06 W, 72, 90 %, 3452 MiB
2026/08/03 19:38:37.468, 73.81 W, 73, 93 %, 3452 MiB
2026/08/03 19:38:38.471, 75.64 W, 73, 90 %, 3452 MiB
2026/08/03 19:38:39.477, 76.03 W, 73, 90 %, 3452 MiB
2026/08/03 19:38:40.481, 74.01 W, 72, 90 %, 3454 MiB
2026/08/03 19:38:41.485, 75.45 W, 73, 93 %, 3454 MiB
2026/08/03 19:38:42.490, 75.38 W, 73, 90 %, 3454 MiB
2026/08/03 19:38:43.494, 76.50 W, 73, 90 %, 1868 MiB
2026/08/03 19:38:44.498, 38.30 W, 69, 71 %, 1868 MiB
2026/08/03 19:38:45.502, 73.26 W, 71, 37 %, 3448 MiB
2026/08/03 19:38:46.505, 76.79 W, 73, 73 %, 3450 MiB
2026/08/03 19:38:47.509, 73.99 W, 73, 90 %, 3450 MiB
2026/08/03 19:38:48.517, 58.41 W, 72, 90 %, 3450 MiB
2026/08/03 19:38:49.520, 74.50 W, 72, 90 %, 3450 MiB
2026/08/03 19:38:50.524, 75.26 W, 73, 93 %, 3454 MiB
2026/08/03 19:38:51.532, 76.41 W, 73, 89 %, 3454 MiB
2026/08/03 19:38:52.537, 60.56 W, 73, 90 %, 3454 MiB
2026/08/03 19:38:53.541, 75.70 W, 73, 90 %, 3454 MiB
2026/08/03 19:38:54.546, 73.92 W, 73, 93 %, 3454 MiB
2026/08/03 19:38:55.551, 74.72 W, 73, 90 %, 3454 MiB
2026/08/03 19:38:56.555, 76.48 W, 73, 90 %, 3454 MiB
2026/08/03 19:38:57.561, 73.54 W, 73, 90 %, 3454 MiB
2026/08/03 19:38:58.564, 75.33 W, 73, 92 %, 3454 MiB
2026/08/03 19:38:59.570, 59.15 W, 73, 91 %, 3454 MiB
2026/08/03 19:39:00.575, 71.90 W, 73, 89 %, 3454 MiB
2026/08/03 19:39:01.579, 74.57 W, 74, 90 %, 3454 MiB
2026/08/03 19:39:02.583, 76.09 W, 73, 91 %, 3454 MiB
2026/08/03 19:39:03.591, 64.02 W, 73, 92 %, 3454 MiB
2026/08/03 19:39:04.595, 66.71 W, 73, 90 %, 3454 MiB
2026/08/03 19:39:05.599, 73.97 W, 74, 90 %, 3454 MiB
2026/08/03 19:39:06.603, 77.65 W, 73, 90 %, 3454 MiB
2026/08/03 19:39:07.607, 68.73 W, 73, 93 %, 3454 MiB
2026/08/03 19:39:08.611, 59.15 W, 72, 90 %, 3454 MiB
2026/08/03 19:39:09.617, 73.42 W, 73, 90 %, 3454 MiB
2026/08/03 19:39:10.621, 61.23 W, 71, 91 %, 1852 MiB
2026/08/03 19:39:11.625, 34.92 W, 68, 61 %, 1860 MiB
2026/08/03 19:39:12.628, 67.53 W, 72, 31 %, 3438 MiB
2026/08/03 19:39:13.633, 74.51 W, 71, 90 %, 3438 MiB
2026/08/03 19:39:14.636, 77.26 W, 73, 89 %, 3438 MiB
2026/08/03 19:39:15.644, 67.37 W, 73, 90 %, 3438 MiB
2026/08/03 19:39:16.648, 60.33 W, 72, 93 %, 3438 MiB
2026/08/03 19:39:17.652, 72.99 W, 72, 90 %, 3438 MiB
2026/08/03 19:39:18.659, 75.62 W, 73, 90 %, 3438 MiB
2026/08/03 19:39:19.663, 76.81 W, 73, 90 %, 3438 MiB
2026/08/03 19:39:20.666, 59.38 W, 73, 93 %, 3438 MiB
2026/08/03 19:39:21.670, 74.99 W, 72, 90 %, 3438 MiB
2026/08/03 19:39:22.674, 75.12 W, 73, 90 %, 3438 MiB
2026/08/03 19:39:23.680, 75.68 W, 73, 90 %, 3438 MiB
2026/08/03 19:39:24.685, 61.88 W, 73, 92 %, 3438 MiB
2026/08/03 19:39:25.689, 76.58 W, 73, 91 %, 3438 MiB
2026/08/03 19:39:26.693, 74.37 W, 73, 90 %, 3440 MiB
2026/08/03 19:39:27.698, 59.96 W, 73, 90 %, 3440 MiB
2026/08/03 19:39:28.701, 74.37 W, 73, 91 %, 3440 MiB
2026/08/03 19:39:29.710, 73.18 W, 73, 92 %, 3440 MiB
2026/08/03 19:39:30.713, 74.36 W, 73, 89 %, 3440 MiB
2026/08/03 19:39:31.718, 62.53 W, 73, 90 %, 3440 MiB
2026/08/03 19:39:32.726, 70.25 W, 73, 90 %, 3440 MiB
2026/08/03 19:39:33.730, 73.62 W, 74, 92 %, 3440 MiB
2026/08/03 19:39:34.733, 76.81 W, 73, 90 %, 3440 MiB
2026/08/03 19:39:35.741, 67.38 W, 73, 90 %, 3440 MiB
2026/08/03 19:39:36.745, 63.56 W, 73, 89 %, 3440 MiB
2026/08/03 19:39:37.751, 39.77 W, 69, 79 %, 1868 MiB
2026/08/03 19:39:38.756, 34.88 W, 68, 70 %, 1868 MiB
2026/08/03 19:39:39.760, 74.33 W, 73, 32 %, 3446 MiB
2026/08/03 19:39:40.764, 60.53 W, 72, 90 %, 3452 MiB
2026/08/03 19:39:41.768, 73.42 W, 72, 91 %, 3452 MiB
2026/08/03 19:39:42.774, 72.67 W, 73, 92 %, 3452 MiB
2026/08/03 19:39:43.778, 58.57 W, 73, 89 %, 3452 MiB
2026/08/03 19:39:44.782, 73.69 W, 73, 90 %, 3452 MiB
2026/08/03 19:39:45.788, 72.15 W, 73, 90 %, 3452 MiB
2026/08/03 19:39:46.792, 75.64 W, 73, 93 %, 3452 MiB
2026/08/03 19:39:47.796, 66.55 W, 74, 90 %, 3452 MiB
2026/08/03 19:39:48.804, 63.02 W, 73, 90 %, 3452 MiB
2026/08/03 19:39:49.808, 73.48 W, 73, 90 %, 3452 MiB
2026/08/03 19:39:50.811, 76.68 W, 73, 93 %, 3452 MiB
2026/08/03 19:39:51.818, 67.57 W, 74, 89 %, 3452 MiB
2026/08/03 19:39:52.823, 61.60 W, 73, 89 %, 3452 MiB
2026/08/03 19:39:53.827, 73.55 W, 74, 90 %, 3452 MiB
2026/08/03 19:39:54.832, 76.99 W, 73, 93 %, 3452 MiB
2026/08/03 19:39:55.836, 73.28 W, 73, 90 %, 3452 MiB
2026/08/03 19:39:56.840, 59.05 W, 72, 90 %, 3452 MiB
2026/08/03 19:39:57.845, 73.70 W, 73, 90 %, 3452 MiB
2026/08/03 19:39:58.850, 75.34 W, 73, 92 %, 3452 MiB
2026/08/03 19:39:59.854, 58.57 W, 73, 91 %, 3452 MiB
2026/08/03 19:40:00.861, 74.70 W, 72, 90 %, 3452 MiB
2026/08/03 19:40:01.867, 75.28 W, 73, 90 %, 3452 MiB
2026/08/03 19:40:02.871, 75.08 W, 73, 92 %, 3452 MiB
2026/08/03 19:40:03.876, 60.86 W, 73, 91 %, 3452 MiB
2026/08/03 19:40:04.880, 35.99 W, 72, 78 %, 1858 MiB
2026/08/03 19:40:05.884, 34.98 W, 68, 51 %, 1874 MiB
2026/08/03 19:40:06.887, 77.28 W, 73, 49 %, 3450 MiB
2026/08/03 19:40:07.897, 69.28 W, 74, 93 %, 3450 MiB
2026/08/03 19:40:08.901, 60.22 W, 73, 89 %, 3450 MiB
2026/08/03 19:40:09.905, 72.84 W, 74, 90 %, 3450 MiB
2026/08/03 19:40:10.911, 77.76 W, 73, 90 %, 3450 MiB
2026/08/03 19:40:11.915, 73.33 W, 73, 93 %, 3450 MiB
2026/08/03 19:40:12.919, 56.67 W, 72, 90 %, 3450 MiB
2026/08/03 19:40:13.925, 72.92 W, 73, 90 %, 3450 MiB
2026/08/03 19:40:14.929, 75.06 W, 73, 90 %, 3450 MiB
2026/08/03 19:40:15.933, 58.55 W, 73, 92 %, 3450 MiB
2026/08/03 19:40:16.941, 74.17 W, 72, 91 %, 3450 MiB
2026/08/03 19:40:17.946, 74.90 W, 73, 90 %, 3450 MiB
2026/08/03 19:40:18.950, 75.22 W, 73, 90 %, 3450 MiB
2026/08/03 19:40:19.960, 61.76 W, 73, 91 %, 3450 MiB
2026/08/03 19:40:20.965, 75.76 W, 72, 92 %, 3450 MiB
2026/08/03 19:40:21.970, 73.09 W, 74, 90 %, 3450 MiB
2026/08/03 19:40:22.973, 76.45 W, 73, 90 %, 3450 MiB
2026/08/03 19:40:23.977, 64.25 W, 73, 90 %, 3450 MiB
2026/08/03 19:40:24.982, 65.50 W, 72, 93 %, 3450 MiB
2026/08/03 19:40:25.988, 72.46 W, 73, 90 %, 3450 MiB
2026/08/03 19:40:26.992, 77.46 W, 73, 90 %, 3450 MiB
2026/08/03 19:40:27.996, 70.10 W, 73, 90 %, 3450 MiB
2026/08/03 19:40:29.000, 60.75 W, 72, 93 %, 3450 MiB
2026/08/03 19:40:30.004, 72.67 W, 73, 89 %, 3450 MiB
2026/08/03 19:40:31.008, 68.74 W, 73, 90 %, 3450 MiB
2026/08/03 19:40:32.012, 63.94 W, 72, 71 %, 1830 MiB
2026/08/03 19:40:33.016, 34.85 W, 68, 37 %, 1842 MiB
2026/08/03 19:40:34.019, 74.66 W, 73, 71 %, 3454 MiB
2026/08/03 19:40:35.023, 74.69 W, 73, 90 %, 3456 MiB
2026/08/03 19:40:36.028, 61.58 W, 73, 89 %, 3456 MiB
2026/08/03 19:40:37.032, 75.32 W, 71, 90 %, 3458 MiB
2026/08/03 19:40:38.035, 73.73 W, 73, 93 %, 3458 MiB
2026/08/03 19:40:39.040, 75.06 W, 73, 93 %, 3458 MiB
2026/08/03 19:40:40.044, 60.21 W, 73, 89 %, 3458 MiB
2026/08/03 19:40:41.047, 76.09 W, 72, 90 %, 3460 MiB
2026/08/03 19:40:42.051, 73.00 W, 73, 89 %, 3460 MiB
2026/08/03 19:40:43.058, 75.53 W, 74, 93 %, 3460 MiB
2026/08/03 19:40:44.062, 60.95 W, 73, 90 %, 3460 MiB
2026/08/03 19:40:45.066, 70.61 W, 72, 89 %, 3460 MiB
2026/08/03 19:40:46.070, 73.69 W, 73, 90 %, 3460 MiB
2026/08/03 19:40:47.075, 61.40 W, 73, 93 %, 3460 MiB
2026/08/03 19:40:48.079, 68.84 W, 73, 89 %, 3460 MiB
2026/08/03 19:40:49.085, 73.43 W, 72, 90 %, 3460 MiB
2026/08/03 19:40:50.088, 77.13 W, 73, 90 %, 3460 MiB
2026/08/03 19:40:51.092, 68.49 W, 73, 93 %, 3460 MiB
2026/08/03 19:40:52.101, 58.74 W, 73, 91 %, 3460 MiB
2026/08/03 19:40:53.105, 73.94 W, 72, 90 %, 3460 MiB
2026/08/03 19:40:54.108, 75.43 W, 73, 90 %, 3460 MiB
2026/08/03 19:40:55.117, 75.28 W, 73, 91 %, 3460 MiB
2026/08/03 19:40:56.121, 60.79 W, 73, 92 %, 3460 MiB
2026/08/03 19:40:57.125, 76.13 W, 72, 90 %, 3460 MiB
2026/08/03 19:40:58.130, 73.73 W, 73, 90 %, 3460 MiB
2026/08/03 19:40:59.134, 70.66 W, 71, 90 %, 1866 MiB
2026/08/03 19:41:00.137, 34.67 W, 68, 62 %, 1874 MiB
2026/08/03 19:41:01.140, 59.66 W, 71, 28 %, 3448 MiB
2026/08/03 19:41:02.144, 77.05 W, 73, 90 %, 3448 MiB
2026/08/03 19:41:03.149, 67.29 W, 73, 89 %, 3448 MiB
2026/08/03 19:41:04.155, 61.09 W, 73, 92 %, 3450 MiB
2026/08/03 19:41:05.159, 73.18 W, 72, 90 %, 3450 MiB
2026/08/03 19:41:06.162, 77.28 W, 73, 90 %, 3450 MiB
2026/08/03 19:41:07.171, 73.99 W, 73, 90 %, 3450 MiB
2026/08/03 19:41:08.175, 58.96 W, 73, 91 %, 3450 MiB
2026/08/03 19:41:09.179, 73.08 W, 72, 91 %, 3450 MiB
2026/08/03 19:41:10.183, 75.22 W, 74, 90 %, 3450 MiB
2026/08/03 19:41:11.187, 75.75 W, 73, 90 %, 3450 MiB
2026/08/03 19:41:12.192, 62.45 W, 73, 90 %, 3450 MiB
2026/08/03 19:41:13.200, 75.49 W, 72, 93 %, 3450 MiB
2026/08/03 19:41:14.203, 73.47 W, 74, 90 %, 3450 MiB
2026/08/03 19:41:15.207, 74.91 W, 73, 90 %, 3450 MiB
2026/08/03 19:41:16.214, 61.34 W, 73, 90 %, 3450 MiB
2026/08/03 19:41:17.217, 72.85 W, 72, 93 %, 3450 MiB
2026/08/03 19:41:18.221, 74.28 W, 73, 90 %, 3450 MiB
2026/08/03 19:41:19.228, 59.36 W, 73, 90 %, 3450 MiB
2026/08/03 19:41:20.231, 72.97 W, 73, 90 %, 3450 MiB
2026/08/03 19:41:21.236, 74.64 W, 73, 93 %, 3450 MiB
2026/08/03 19:41:22.242, 76.11 W, 73, 89 %, 3450 MiB
2026/08/03 19:41:23.247, 60.99 W, 73, 90 %, 3450 MiB
2026/08/03 19:41:24.251, 69.98 W, 73, 89 %, 3450 MiB
2026/08/03 19:41:25.258, 73.24 W, 73, 93 %, 3450 MiB
2026/08/03 19:41:26.262, 63.03 W, 70, 81 %, 1870 MiB
2026/08/03 19:41:27.265, 34.65 W, 68, 70 %, 1874 MiB
2026/08/03 19:41:28.267, 60.36 W, 72, 29 %, 3450 MiB
2026/08/03 19:41:29.271, 74.02 W, 72, 89 %, 3450 MiB
2026/08/03 19:41:30.275, 73.43 W, 73, 93 %, 3450 MiB
2026/08/03 19:41:31.281, 76.14 W, 73, 90 %, 3450 MiB
2026/08/03 19:41:32.285, 64.01 W, 73, 90 %, 3450 MiB
2026/08/03 19:41:33.290, 67.09 W, 72, 91 %, 3450 MiB
2026/08/03 19:41:34.297, 75.62 W, 73, 93 %, 3450 MiB
2026/08/03 19:41:35.302, 65.96 W, 74, 90 %, 3450 MiB
2026/08/03 19:41:36.306, 63.06 W, 73, 90 %, 3450 MiB
2026/08/03 19:41:37.313, 73.20 W, 72, 90 %, 3450 MiB
2026/08/03 19:41:38.317, 77.31 W, 73, 91 %, 3452 MiB
2026/08/03 19:41:39.321, 67.89 W, 74, 92 %, 3452 MiB
2026/08/03 19:41:40.327, 58.35 W, 73, 89 %, 3452 MiB
2026/08/03 19:41:41.331, 72.75 W, 73, 90 %, 3452 MiB
2026/08/03 19:41:42.334, 76.20 W, 73, 91 %, 3452 MiB
2026/08/03 19:41:43.342, 75.60 W, 73, 93 %, 3452 MiB
2026/08/03 19:41:44.346, 58.85 W, 73, 90 %, 3452 MiB
2026/08/03 19:41:45.351, 74.37 W, 73, 90 %, 3452 MiB
2026/08/03 19:41:46.358, 75.29 W, 73, 90 %, 3452 MiB
2026/08/03 19:41:47.363, 74.85 W, 73, 93 %, 3452 MiB
2026/08/03 19:41:48.367, 61.74 W, 73, 90 %, 3452 MiB
2026/08/03 19:41:49.375, 75.76 W, 73, 90 %, 3452 MiB
2026/08/03 19:41:50.379, 74.83 W, 73, 90 %, 3452 MiB
2026/08/03 19:41:51.384, 61.31 W, 73, 93 %, 3452 MiB
2026/08/03 19:41:52.390, 69.82 W, 73, 89 %, 3452 MiB
2026/08/03 19:41:53.394, 40.13 W, 71, 78 %, 1868 MiB
2026/08/03 19:41:54.398, 34.58 W, 71, 55 %, 2888 MiB
2026/08/03 19:41:55.402, 75.53 W, 73, 47 %, 3428 MiB
2026/08/03 19:41:56.410, 57.28 W, 72, 93 %, 3430 MiB
2026/08/03 19:41:57.414, 74.24 W, 72, 90 %, 3430 MiB
2026/08/03 19:41:58.417, 74.94 W, 73, 90 %, 3430 MiB
2026/08/03 19:41:59.426, 75.46 W, 73, 90 %, 3430 MiB
2026/08/03 19:42:00.430, 61.08 W, 73, 93 %, 3430 MiB
2026/08/03 19:42:01.434, 76.35 W, 72, 90 %, 3430 MiB
2026/08/03 19:42:02.439, 73.22 W, 73, 89 %, 3430 MiB
2026/08/03 19:42:03.443, 75.30 W, 73, 89 %, 3430 MiB
2026/08/03 19:42:04.447, 60.71 W, 72, 93 %, 3430 MiB
2026/08/03 19:42:05.453, 75.31 W, 73, 89 %, 3430 MiB
2026/08/03 19:42:06.456, 75.92 W, 73, 90 %, 3430 MiB
2026/08/03 19:42:07.460, 61.83 W, 73, 90 %, 3430 MiB
2026/08/03 19:42:08.468, 75.66 W, 73, 93 %, 3430 MiB
2026/08/03 19:42:09.472, 73.18 W, 74, 90 %, 3430 MiB
2026/08/03 19:42:10.476, 74.42 W, 73, 90 %, 3430 MiB
2026/08/03 19:42:11.481, 59.96 W, 73, 90 %, 3430 MiB
2026/08/03 19:42:12.485, 73.14 W, 72, 92 %, 3430 MiB
2026/08/03 19:42:13.491, 73.94 W, 74, 91 %, 3430 MiB
2026/08/03 19:42:14.495, 76.41 W, 73, 90 %, 3430 MiB
2026/08/03 19:42:15.499, 65.98 W, 73, 91 %, 3430 MiB
2026/08/03 19:42:16.503, 60.44 W, 73, 91 %, 3430 MiB
2026/08/03 19:42:17.511, 72.50 W, 74, 92 %, 3430 MiB
2026/08/03 19:42:18.515, 76.80 W, 73, 90 %, 3430 MiB
2026/08/03 19:42:19.519, 76.95 W, 73, 90 %, 3430 MiB
2026/08/03 19:42:20.525, 73.87 W, 72, 71 %, 1866 MiB
2026/08/03 19:42:21.528, 64.81 W, 70, 40 %, 2956 MiB
2026/08/03 19:42:22.531, 75.97 W, 73, 71 %, 3468 MiB
2026/08/03 19:42:23.536, 65.46 W, 73, 90 %, 3468 MiB
2026/08/03 19:42:24.540, 62.53 W, 73, 90 %, 3470 MiB
2026/08/03 19:42:25.545, 72.96 W, 72, 90 %, 3470 MiB
2026/08/03 19:42:26.550, 77.25 W, 73, 93 %, 3470 MiB
2026/08/03 19:42:27.554, 71.20 W, 73, 89 %, 3470 MiB
2026/08/03 19:42:28.559, 60.20 W, 72, 90 %, 3470 MiB
2026/08/03 19:42:29.563, 72.92 W, 73, 90 %, 3470 MiB
2026/08/03 19:42:30.566, 76.52 W, 73, 93 %, 3470 MiB
2026/08/03 19:42:31.575, 74.67 W, 73, 89 %, 3472 MiB
2026/08/03 19:42:32.579, 57.07 W, 72, 90 %, 3472 MiB
2026/08/03 19:42:33.583, 73.37 W, 73, 90 %, 3472 MiB
2026/08/03 19:42:34.591, 74.68 W, 72, 93 %, 3472 MiB
2026/08/03 19:42:35.595, 76.38 W, 73, 90 %, 3472 MiB
2026/08/03 19:42:36.599, 74.49 W, 73, 90 %, 3472 MiB
2026/08/03 19:42:37.606, 74.97 W, 73, 90 %, 3472 MiB
2026/08/03 19:42:38.609, 75.97 W, 73, 93 %, 3472 MiB
2026/08/03 19:42:39.613, 60.95 W, 73, 90 %, 3472 MiB
2026/08/03 19:42:40.621, 76.35 W, 72, 90 %, 3472 MiB
2026/08/03 19:42:41.626, 73.01 W, 73, 90 %, 3472 MiB
2026/08/03 19:42:42.630, 74.51 W, 73, 92 %, 3472 MiB
2026/08/03 19:42:43.639, 60.07 W, 73, 90 %, 3472 MiB
2026/08/03 19:42:44.642, 72.82 W, 72, 90 %, 3472 MiB
2026/08/03 19:42:45.647, 73.64 W, 73, 90 %, 3472 MiB
2026/08/03 19:42:46.655, 64.48 W, 70, 90 %, 3472 MiB
2026/08/03 19:42:47.658, 73.55 W, 73, 64 %, 1858 MiB
2026/08/03 19:42:48.662, 58.62 W, 71, 26 %, 3458 MiB
2026/08/03 19:42:49.667, 74.61 W, 72, 90 %, 3460 MiB
2026/08/03 19:42:50.675, 74.20 W, 73, 90 %, 3460 MiB
2026/08/03 19:42:51.679, 74.30 W, 73, 93 %, 3460 MiB
2026/08/03 19:42:52.683, 59.73 W, 72, 91 %, 3460 MiB
2026/08/03 19:42:53.690, 73.35 W, 72, 90 %, 3460 MiB
2026/08/03 19:42:54.694, 75.14 W, 73, 90 %, 3460 MiB
2026/08/03 19:42:55.699, 59.33 W, 73, 91 %, 3460 MiB
2026/08/03 19:42:56.703, 71.96 W, 72, 91 %, 3460 MiB
2026/08/03 19:42:57.706, 73.60 W, 73, 89 %, 3460 MiB
2026/08/03 19:42:58.712, 75.71 W, 73, 90 %, 3460 MiB
2026/08/03 19:42:59.717, 66.48 W, 73, 90 %, 3460 MiB
2026/08/03 19:43:00.721, 63.06 W, 73, 93 %, 3460 MiB
2026/08/03 19:43:01.727, 73.00 W, 73, 90 %, 3460 MiB
2026/08/03 19:43:02.732, 76.74 W, 72, 90 %, 3460 MiB
2026/08/03 19:43:03.737, 74.69 W, 73, 90 %, 3460 MiB
2026/08/03 19:43:04.742, 58.90 W, 73, 93 %, 3460 MiB
2026/08/03 19:43:05.746, 73.14 W, 73, 90 %, 3460 MiB
2026/08/03 19:43:06.749, 75.16 W, 73, 90 %, 3460 MiB
2026/08/03 19:43:07.753, 75.24 W, 73, 90 %, 3460 MiB
2026/08/03 19:43:08.758, 74.01 W, 72, 93 %, 3460 MiB
2026/08/03 19:43:09.764, 75.31 W, 73, 89 %, 3462 MiB
2026/08/03 19:43:10.769, 76.49 W, 73, 90 %, 3462 MiB
2026/08/03 19:43:11.773, 62.62 W, 73, 90 %, 3462 MiB
2026/08/03 19:43:12.779, 75.64 W, 71, 92 %, 3462 MiB
2026/08/03 19:43:13.784, 37.76 W, 69, 79 %, 3448 MiB
2026/08/03 19:43:14.787, 69.20 W, 70, 71 %, 1868 MiB
2026/08/03 19:43:15.791, 70.33 W, 72, 29 %, 3446 MiB
2026/08/03 19:43:16.798, 60.06 W, 72, 90 %, 3450 MiB
2026/08/03 19:43:17.802, 72.61 W, 73, 93 %, 3450 MiB
2026/08/03 19:43:18.805, 77.29 W, 72, 89 %, 3450 MiB
2026/08/03 19:43:19.815, 73.51 W, 72, 90 %, 3450 MiB
2026/08/03 19:43:20.819, 59.32 W, 72, 90 %, 3450 MiB
2026/08/03 19:43:21.822, 72.57 W, 73, 90 %, 3450 MiB
2026/08/03 19:43:22.830, 77.21 W, 73, 92 %, 3450 MiB
2026/08/03 19:43:23.834, 72.37 W, 73, 89 %, 3450 MiB
2026/08/03 19:43:24.838, 72.33 W, 71, 90 %, 3450 MiB
2026/08/03 19:43:25.844, 77.04 W, 73, 90 %, 3450 MiB
2026/08/03 19:43:26.848, 75.60 W, 73, 93 %, 3450 MiB
2026/08/03 19:43:27.851, 58.50 W, 73, 90 %, 3450 MiB
2026/08/03 19:43:28.855, 74.26 W, 71, 90 %, 3450 MiB
2026/08/03 19:43:29.858, 75.57 W, 73, 90 %, 3450 MiB
2026/08/03 19:43:30.863, 74.69 W, 73, 92 %, 3450 MiB
2026/08/03 19:43:31.869, 60.67 W, 73, 91 %, 3450 MiB
2026/08/03 19:43:32.873, 76.06 W, 71, 90 %, 3450 MiB
2026/08/03 19:43:33.876, 73.50 W, 73, 90 %, 3450 MiB
2026/08/03 19:43:34.884, 74.79 W, 73, 91 %, 3450 MiB
2026/08/03 19:43:35.888, 61.36 W, 72, 91 %, 3452 MiB
2026/08/03 19:43:36.892, 76.21 W, 72, 90 %, 3452 MiB
2026/08/03 19:43:37.897, 73.54 W, 73, 90 %, 3452 MiB
2026/08/03 19:43:38.901, 74.27 W, 73, 91 %, 3452 MiB
2026/08/03 19:43:39.906, 76.00 W, 72, 92 %, 3452 MiB
2026/08/03 19:43:40.911, 33.19 W, 71, 90 %, 1148 MiB
2026/08/03 19:43:41.916, 63.20 W, 69, 79 %, 1860 MiB
2026/08/03 19:43:42.920, 76.02 W, 72, 56 %, 3446 MiB
2026/08/03 19:43:43.924, 60.68 W, 72, 46 %, 3448 MiB
2026/08/03 19:43:44.929, 75.76 W, 71, 91 %, 3448 MiB
2026/08/03 19:43:45.934, 73.18 W, 73, 90 %, 3448 MiB
2026/08/03 19:43:46.938, 74.51 W, 72, 89 %, 3448 MiB
2026/08/03 19:43:47.942, 59.78 W, 73, 90 %, 3448 MiB
2026/08/03 19:43:48.947, 74.31 W, 71, 92 %, 3448 MiB
2026/08/03 19:43:49.952, 72.86 W, 73, 89 %, 3448 MiB
2026/08/03 19:43:50.956, 74.11 W, 73, 89 %, 3448 MiB
2026/08/03 19:43:51.960, 59.61 W, 72, 91 %, 3448 MiB
2026/08/03 19:43:52.967, 72.57 W, 71, 92 %, 3448 MiB
2026/08/03 19:43:53.970, 73.85 W, 73, 90 %, 3448 MiB
2026/08/03 19:43:54.974, 76.08 W, 73, 90 %, 3448 MiB
2026/08/03 19:43:55.980, 73.21 W, 72, 90 %, 3448 MiB
2026/08/03 19:43:56.984, 73.40 W, 72, 93 %, 3448 MiB
2026/08/03 19:43:57.988, 76.11 W, 73, 90 %, 3450 MiB
2026/08/03 19:43:58.995, 63.57 W, 73, 90 %, 3450 MiB
2026/08/03 19:43:59.999, 67.23 W, 72, 90 %, 3450 MiB
2026/08/03 19:44:01.003, 73.47 W, 72, 93 %, 3450 MiB
2026/08/03 19:44:02.009, 77.53 W, 73, 90 %, 3450 MiB
2026/08/03 19:44:03.014, 72.64 W, 73, 90 %, 3450 MiB
2026/08/03 19:44:04.017, 59.69 W, 72, 90 %, 3450 MiB
2026/08/03 19:44:05.024, 74.49 W, 72, 93 %, 3450 MiB
2026/08/03 19:44:06.028, 74.85 W, 73, 91 %, 3450 MiB
2026/08/03 19:44:07.032, 75.13 W, 73, 90 %, 3450 MiB
2026/08/03 19:44:08.040, 76.59 W, 72, 90 %, 1116 MiB
2026/08/03 19:44:09.045, 38.03 W, 69, 70 %, 1834 MiB
2026/08/03 19:44:10.048, 73.41 W, 72, 43 %, 3452 MiB
2026/08/03 19:44:11.052, 76.54 W, 72, 67 %, 3460 MiB
2026/08/03 19:44:12.061, 74.48 W, 72, 90 %, 3460 MiB
2026/08/03 19:44:13.065, 72.57 W, 71, 90 %, 3460 MiB
2026/08/03 19:44:14.070, 76.74 W, 73, 92 %, 3460 MiB
2026/08/03 19:44:15.074, 76.40 W, 72, 91 %, 3460 MiB
2026/08/03 19:44:16.079, 59.12 W, 73, 90 %, 3460 MiB
2026/08/03 19:44:17.083, 75.12 W, 71, 90 %, 3460 MiB
2026/08/03 19:44:18.088, 73.85 W, 73, 91 %, 3460 MiB
2026/08/03 19:44:19.094, 75.18 W, 72, 93 %, 3460 MiB
2026/08/03 19:44:20.098, 59.75 W, 73, 90 %, 3460 MiB
2026/08/03 19:44:21.104, 71.76 W, 71, 90 %, 3460 MiB
2026/08/03 19:44:22.109, 73.59 W, 73, 90 %, 3460 MiB
2026/08/03 19:44:23.113, 77.05 W, 73, 93 %, 3460 MiB
2026/08/03 19:44:24.119, 68.24 W, 73, 90 %, 3460 MiB
2026/08/03 19:44:25.123, 59.76 W, 72, 90 %, 3460 MiB
2026/08/03 19:44:26.128, 73.00 W, 73, 90 %, 3460 MiB
2026/08/03 19:44:27.132, 75.17 W, 72, 92 %, 3460 MiB
2026/08/03 19:44:28.137, 75.98 W, 73, 91 %, 3460 MiB
2026/08/03 19:44:29.141, 73.63 W, 72, 90 %, 3460 MiB
2026/08/03 19:44:30.146, 74.80 W, 73, 90 %, 3460 MiB
2026/08/03 19:44:31.150, 75.86 W, 73, 91 %, 3460 MiB
2026/08/03 19:44:32.155, 61.00 W, 73, 93 %, 3460 MiB
2026/08/03 19:44:33.160, 75.57 W, 72, 90 %, 3460 MiB
2026/08/03 19:44:34.166, 73.12 W, 73, 90 %, 3460 MiB
2026/08/03 19:44:35.170, 72.95 W, 70, 90 %, 1864 MiB
2026/08/03 19:44:36.175, 34.99 W, 68, 61 %, 1866 MiB
2026/08/03 19:44:37.179, 59.33 W, 71, 29 %, 3460 MiB
2026/08/03 19:44:38.183, 74.19 W, 71, 90 %, 3460 MiB
2026/08/03 19:44:39.186, 74.58 W, 73, 90 %, 3462 MiB
2026/08/03 19:44:40.190, 75.25 W, 73, 90 %, 3462 MiB
2026/08/03 19:44:41.195, 61.44 W, 72, 93 %, 3462 MiB
2026/08/03 19:44:42.200, 74.01 W, 71, 90 %, 3462 MiB
2026/08/03 19:44:43.203, 73.49 W, 73, 90 %, 3462 MiB
2026/08/03 19:44:44.208, 59.11 W, 73, 90 %, 3462 MiB
2026/08/03 19:44:45.215, 71.05 W, 72, 93 %, 3464 MiB
2026/08/03 19:44:46.218, 73.19 W, 72, 90 %, 3464 MiB
2026/08/03 19:44:47.223, 75.32 W, 73, 90 %, 3464 MiB
2026/08/03 19:44:48.227, 66.36 W, 73, 90 %, 3464 MiB
2026/08/03 19:44:49.231, 61.71 W, 72, 93 %, 3464 MiB
2026/08/03 19:44:50.236, 72.95 W, 73, 91 %, 3464 MiB
2026/08/03 19:44:51.239, 77.62 W, 73, 90 %, 3464 MiB
2026/08/03 19:44:52.243, 70.66 W, 73, 90 %, 3464 MiB
2026/08/03 19:44:53.247, 59.33 W, 72, 92 %, 3464 MiB
2026/08/03 19:44:54.251, 73.25 W, 73, 91 %, 3464 MiB
2026/08/03 19:44:55.255, 74.77 W, 72, 90 %, 3464 MiB
2026/08/03 19:44:56.258, 77.17 W, 73, 90 %, 3464 MiB
2026/08/03 19:44:57.263, 60.01 W, 72, 91 %, 3464 MiB
2026/08/03 19:44:58.273, 75.57 W, 73, 92 %, 3464 MiB
2026/08/03 19:44:59.277, 76.65 W, 73, 90 %, 3464 MiB
2026/08/03 19:45:00.281, 59.08 W, 73, 90 %, 3464 MiB
2026/08/03 19:45:01.287, 74.31 W, 71, 90 %, 3464 MiB
2026/08/03 19:45:02.291, 57.33 W, 69, 79 %, 1864 MiB
2026/08/03 19:45:03.294, 34.88 W, 68, 72 %, 1870 MiB
2026/08/03 19:45:04.297, 61.92 W, 72, 30 %, 3448 MiB
2026/08/03 19:45:05.301, 68.46 W, 71, 89 %, 3452 MiB
2026/08/03 19:45:06.305, 73.32 W, 73, 93 %, 3452 MiB
2026/08/03 19:45:07.309, 75.57 W, 72, 90 %, 3452 MiB
2026/08/03 19:45:08.313, 64.43 W, 72, 90 %, 3452 MiB
2026/08/03 19:45:09.317, 63.73 W, 71, 90 %, 3452 MiB
2026/08/03 19:45:10.323, 73.43 W, 72, 92 %, 3452 MiB
2026/08/03 19:45:11.328, 76.62 W, 73, 91 %, 3452 MiB
2026/08/03 19:45:12.333, 75.48 W, 73, 90 %, 3452 MiB
2026/08/03 19:45:13.340, 72.72 W, 71, 90 %, 3452 MiB
2026/08/03 19:45:14.345, 76.65 W, 73, 90 %, 3452 MiB
2026/08/03 19:45:15.350, 75.46 W, 72, 92 %, 3452 MiB
2026/08/03 19:45:16.357, 56.99 W, 73, 90 %, 3452 MiB
2026/08/03 19:45:17.361, 74.03 W, 71, 89 %, 3452 MiB
2026/08/03 19:45:18.365, 75.45 W, 73, 89 %, 3452 MiB
2026/08/03 19:45:19.369, 75.43 W, 73, 93 %, 3452 MiB
2026/08/03 19:45:20.373, 60.72 W, 72, 90 %, 3452 MiB
2026/08/03 19:45:21.377, 75.22 W, 71, 89 %, 3452 MiB
2026/08/03 19:45:22.380, 73.53 W, 73, 89 %, 3452 MiB
2026/08/03 19:45:23.385, 74.77 W, 73, 93 %, 3452 MiB
2026/08/03 19:45:24.388, 60.55 W, 72, 90 %, 3452 MiB
2026/08/03 19:45:25.393, 75.50 W, 72, 90 %, 3452 MiB
2026/08/03 19:45:26.396, 72.48 W, 73, 90 %, 3452 MiB
2026/08/03 19:45:27.402, 75.54 W, 73, 93 %, 3452 MiB
2026/08/03 19:45:28.405, 73.74 W, 72, 90 %, 3452 MiB
2026/08/03 19:45:29.409, 47.00 W, 71, 78 %, 1868 MiB
2026/08/03 19:45:30.417, 34.83 W, 68, 54 %, 1872 MiB
2026/08/03 19:45:31.420, 75.84 W, 72, 47 %, 3450 MiB
2026/08/03 19:45:32.424, 60.22 W, 72, 93 %, 3450 MiB
2026/08/03 19:45:33.428, 75.46 W, 71, 90 %, 3450 MiB
2026/08/03 19:45:34.433, 72.97 W, 72, 90 %, 3450 MiB
2026/08/03 19:45:35.438, 74.87 W, 72, 89 %, 3450 MiB
2026/08/03 19:45:36.443, 60.64 W, 72, 93 %, 3450 MiB
2026/08/03 19:45:37.447, 76.86 W, 71, 90 %, 3450 MiB
2026/08/03 19:45:38.451, 73.64 W, 73, 90 %, 3450 MiB
2026/08/03 19:45:39.455, 76.03 W, 73, 90 %, 3450 MiB
2026/08/03 19:45:40.459, 63.34 W, 72, 92 %, 3450 MiB
2026/08/03 19:45:41.462, 67.00 W, 71, 91 %, 3450 MiB
2026/08/03 19:45:42.466, 73.28 W, 73, 90 %, 3450 MiB
2026/08/03 19:45:43.470, 65.32 W, 73, 90 %, 3450 MiB
2026/08/03 19:45:44.475, 61.99 W, 72, 91 %, 3450 MiB
2026/08/03 19:45:45.478, 72.56 W, 71, 93 %, 3450 MiB
2026/08/03 19:45:46.481, 77.04 W, 73, 90 %, 3450 MiB
2026/08/03 19:45:47.487, 74.99 W, 73, 90 %, 3452 MiB
2026/08/03 19:45:48.491, 58.27 W, 72, 90 %, 3452 MiB
2026/08/03 19:45:49.497, 75.05 W, 71, 93 %, 3452 MiB
2026/08/03 19:45:50.501, 73.58 W, 73, 90 %, 3452 MiB
2026/08/03 19:45:51.506, 74.41 W, 73, 90 %, 3452 MiB
2026/08/03 19:45:52.511, 61.31 W, 72, 90 %, 3452 MiB
2026/08/03 19:45:53.515, 72.20 W, 71, 92 %, 3452 MiB
2026/08/03 19:45:54.518, 72.96 W, 73, 90 %, 3452 MiB
2026/08/03 19:45:55.524, 76.37 W, 73, 90 %, 3452 MiB
2026/08/03 19:45:56.528, 73.38 W, 72, 71 %, 1860 MiB
2026/08/03 19:45:57.533, 34.59 W, 67, 35 %, 1874 MiB
2026/08/03 19:45:58.535, 74.02 W, 72, 76 %, 3472 MiB
2026/08/03 19:45:59.539, 75.35 W, 72, 76 %, 3472 MiB
2026/08/03 19:46:00.544, 60.48 W, 73, 90 %, 3472 MiB
2026/08/03 19:46:01.551, 68.37 W, 72, 90 %, 3472 MiB
2026/08/03 19:46:02.555, 73.59 W, 72, 90 %, 3472 MiB
2026/08/03 19:46:03.558, 77.48 W, 73, 91 %, 3472 MiB
2026/08/03 19:46:04.567, 72.18 W, 73, 92 %, 3472 MiB
2026/08/03 19:46:05.570, 59.31 W, 72, 90 %, 3472 MiB
2026/08/03 19:46:06.574, 73.33 W, 72, 90 %, 3472 MiB
2026/08/03 19:46:07.578, 75.18 W, 72, 90 %, 3472 MiB
2026/08/03 19:46:08.583, 75.40 W, 73, 93 %, 3472 MiB
2026/08/03 19:46:09.588, 60.19 W, 72, 90 %, 3472 MiB
2026/08/03 19:46:10.592, 76.40 W, 72, 89 %, 3472 MiB
2026/08/03 19:46:11.595, 73.32 W, 72, 90 %, 3472 MiB
2026/08/03 19:46:12.601, 60.27 W, 73, 93 %, 3472 MiB
2026/08/03 19:46:13.604, 76.96 W, 72, 90 %, 3472 MiB
2026/08/03 19:46:14.610, 73.15 W, 73, 90 %, 3472 MiB
2026/08/03 19:46:15.616, 75.70 W, 72, 90 %, 3472 MiB
2026/08/03 19:46:16.620, 63.80 W, 73, 92 %, 3472 MiB
2026/08/03 19:46:17.626, 65.18 W, 72, 92 %, 3472 MiB
2026/08/03 19:46:18.631, 73.78 W, 73, 90 %, 3472 MiB
2026/08/03 19:46:19.634, 77.02 W, 72, 90 %, 3472 MiB
2026/08/03 19:46:20.642, 72.70 W, 73, 90 %, 3472 MiB
2026/08/03 19:46:21.647, 58.56 W, 72, 93 %, 3472 MiB
2026/08/03 19:46:22.651, 74.31 W, 72, 90 %, 3472 MiB
2026/08/03 19:46:23.655, 51.62 W, 69, 90 %, 1856 MiB
2026/08/03 19:46:24.658, 34.56 W, 67, 61 %, 1868 MiB
2026/08/03 19:46:25.681, 64.57 W, 72, 27 %, 3438 MiB
2026/08/03 19:46:26.686, 63.72 W, 71, 92 %, 3438 MiB
2026/08/03 19:46:27.690, 73.63 W, 72, 90 %, 3438 MiB
2026/08/03 19:46:28.695, 77.17 W, 72, 90 %, 3440 MiB
2026/08/03 19:46:29.701, 74.14 W, 72, 90 %, 3440 MiB
2026/08/03 19:46:30.705, 72.39 W, 71, 93 %, 3440 MiB
2026/08/03 19:46:31.709, 76.65 W, 72, 90 %, 3440 MiB
2026/08/03 19:46:32.715, 76.44 W, 72, 90 %, 3440 MiB
2026/08/03 19:46:33.720, 58.71 W, 72, 90 %, 3440 MiB
2026/08/03 19:46:34.724, 74.20 W, 71, 93 %, 3440 MiB
2026/08/03 19:46:35.728, 74.86 W, 72, 90 %, 3440 MiB
2026/08/03 19:46:36.732, 74.81 W, 73, 90 %, 3440 MiB
2026/08/03 19:46:37.736, 58.69 W, 72, 90 %, 3440 MiB
2026/08/03 19:46:38.740, 74.38 W, 71, 92 %, 3440 MiB
2026/08/03 19:46:39.744, 73.64 W, 73, 91 %, 3440 MiB
2026/08/03 19:46:40.748, 75.42 W, 73, 90 %, 3440 MiB
2026/08/03 19:46:41.752, 61.63 W, 72, 90 %, 3440 MiB
2026/08/03 19:46:42.756, 69.34 W, 71, 91 %, 3440 MiB
2026/08/03 19:46:43.762, 73.16 W, 73, 92 %, 3440 MiB
2026/08/03 19:46:44.767, 76.84 W, 73, 90 %, 3440 MiB
2026/08/03 19:46:45.770, 69.47 W, 72, 90 %, 3440 MiB
2026/08/03 19:46:46.778, 73.28 W, 72, 90 %, 3440 MiB
2026/08/03 19:46:47.782, 76.38 W, 73, 92 %, 3440 MiB
2026/08/03 19:46:48.786, 64.15 W, 73, 89 %, 3440 MiB
2026/08/03 19:46:49.790, 60.97 W, 73, 90 %, 3440 MiB
2026/08/03 19:46:50.794, 35.58 W, 72, 79 %, 1862 MiB
2026/08/03 19:46:51.798, 45.65 W, 71, 63 %, 2888 MiB
2026/08/03 19:46:52.802, 76.43 W, 72, 41 %, 3450 MiB
2026/08/03 19:46:53.806, 64.71 W, 72, 90 %, 3450 MiB
2026/08/03 19:46:54.810, 63.74 W, 72, 90 %, 3450 MiB
2026/08/03 19:46:55.815, 73.71 W, 73, 90 %, 3450 MiB
2026/08/03 19:46:56.819, 77.67 W, 73, 93 %, 3450 MiB
2026/08/03 19:46:57.823, 73.25 W, 72, 90 %, 3450 MiB
2026/08/03 19:46:58.828, 59.30 W, 72, 90 %, 3450 MiB
2026/08/03 19:46:59.832, 73.79 W, 73, 90 %, 3450 MiB
2026/08/03 19:47:00.837, 75.67 W, 73, 92 %, 3450 MiB
2026/08/03 19:47:01.847, 57.93 W, 73, 90 %, 3450 MiB
2026/08/03 19:47:02.851, 74.97 W, 72, 90 %, 3450 MiB
2026/08/03 19:47:03.857, 74.31 W, 73, 90 %, 3450 MiB
2026/08/03 19:47:04.860, 75.02 W, 73, 92 %, 3452 MiB
2026/08/03 19:47:05.865, 59.28 W, 73, 92 %, 3452 MiB
2026/08/03 19:47:06.869, 70.30 W, 72, 90 %, 3452 MiB
2026/08/03 19:47:07.877, 73.31 W, 73, 90 %, 3452 MiB
2026/08/03 19:47:08.881, 76.56 W, 73, 90 %, 3452 MiB
2026/08/03 19:47:09.884, 67.21 W, 73, 93 %, 3452 MiB
2026/08/03 19:47:10.892, 62.97 W, 72, 90 %, 3452 MiB
2026/08/03 19:47:11.897, 73.03 W, 73, 90 %, 3452 MiB
2026/08/03 19:47:12.900, 76.55 W, 73, 90 %, 3452 MiB
2026/08/03 19:47:13.907, 74.89 W, 73, 93 %, 3452 MiB
2026/08/03 19:47:14.911, 58.28 W, 72, 90 %, 3452 MiB
2026/08/03 19:47:15.915, 74.16 W, 73, 90 %, 3452 MiB
2026/08/03 19:47:16.919, 76.91 W, 70, 90 %, 3452 MiB
2026/08/03 19:47:17.922, 76.40 W, 73, 71 %, 1864 MiB
2026/08/03 19:47:18.928, 65.86 W, 71, 45 %, 3470 MiB
2026/08/03 19:47:19.932, 73.40 W, 71, 65 %, 3470 MiB
2026/08/03 19:47:20.939, 78.26 W, 73, 90 %, 3470 MiB
2026/08/03 19:47:21.944, 69.38 W, 73, 90 %, 3470 MiB
2026/08/03 19:47:22.948, 58.87 W, 72, 93 %, 3470 MiB
2026/08/03 19:47:23.955, 73.03 W, 71, 90 %, 3470 MiB
2026/08/03 19:47:24.958, 75.16 W, 73, 90 %, 3470 MiB
2026/08/03 19:47:25.962, 75.72 W, 73, 90 %, 3470 MiB
2026/08/03 19:47:26.966, 60.44 W, 72, 92 %, 3470 MiB
2026/08/03 19:47:27.970, 74.73 W, 72, 91 %, 3470 MiB
2026/08/03 19:47:28.974, 74.36 W, 73, 90 %, 3472 MiB
2026/08/03 19:47:29.984, 74.32 W, 73, 90 %, 3472 MiB
2026/08/03 19:47:30.988, 60.85 W, 72, 91 %, 3472 MiB
2026/08/03 19:47:31.992, 71.16 W, 72, 93 %, 3472 MiB
2026/08/03 19:47:32.996, 73.56 W, 73, 90 %, 3472 MiB
2026/08/03 19:47:34.000, 61.30 W, 73, 90 %, 3472 MiB
2026/08/03 19:47:35.004, 69.35 W, 73, 90 %, 3472 MiB
2026/08/03 19:47:36.013, 73.81 W, 72, 93 %, 3472 MiB
2026/08/03 19:47:37.016, 77.50 W, 73, 90 %, 3472 MiB
2026/08/03 19:47:38.020, 69.68 W, 73, 90 %, 3472 MiB
2026/08/03 19:47:39.027, 61.23 W, 73, 89 %, 3472 MiB
2026/08/03 19:47:40.030, 72.63 W, 72, 93 %, 3472 MiB
2026/08/03 19:47:41.034, 76.27 W, 73, 90 %, 3472 MiB
2026/08/03 19:47:42.042, 76.60 W, 74, 90 %, 3472 MiB
2026/08/03 19:47:43.045, 61.06 W, 73, 90 %, 3472 MiB
2026/08/03 19:47:44.049, 35.13 W, 71, 90 %, 1120 MiB
2026/08/03 19:47:45.058, 40.84 W, 69, 64 %, 1832 MiB
2026/08/03 19:47:46.062, 77.27 W, 72, 27 %, 3432 MiB
2026/08/03 19:47:47.065, 68.95 W, 73, 90 %, 3436 MiB
2026/08/03 19:47:48.069, 60.54 W, 72, 90 %, 3438 MiB
2026/08/03 19:47:49.078, 72.58 W, 73, 93 %, 3438 MiB
2026/08/03 19:47:50.082, 77.20 W, 73, 90 %, 3438 MiB
2026/08/03 19:47:51.086, 62.13 W, 73, 90 %, 3438 MiB
2026/08/03 19:47:52.093, 73.06 W, 71, 90 %, 3438 MiB
2026/08/03 19:47:53.096, 77.33 W, 73, 93 %, 3438 MiB
2026/08/03 19:47:54.100, 74.93 W, 73, 91 %, 3438 MiB
2026/08/03 19:47:55.106, 57.05 W, 72, 90 %, 3438 MiB
2026/08/03 19:47:56.111, 73.28 W, 71, 90 %, 3438 MiB
2026/08/03 19:47:57.114, 75.19 W, 73, 92 %, 3438 MiB
2026/08/03 19:47:58.121, 76.32 W, 73, 91 %, 3438 MiB
2026/08/03 19:47:59.125, 61.21 W, 73, 90 %, 3438 MiB
2026/08/03 19:48:00.129, 76.04 W, 71, 90 %, 3438 MiB
2026/08/03 19:48:01.135, 73.35 W, 73, 90 %, 3438 MiB
2026/08/03 19:48:02.140, 74.46 W, 73, 93 %, 3438 MiB
2026/08/03 19:48:03.143, 62.22 W, 73, 90 %, 3438 MiB
2026/08/03 19:48:04.148, 70.02 W, 72, 90 %, 3438 MiB
2026/08/03 19:48:05.151, 76.08 W, 73, 90 %, 3438 MiB
2026/08/03 19:48:06.157, 64.36 W, 73, 93 %, 3438 MiB
2026/08/03 19:48:07.161, 69.95 W, 72, 89 %, 3438 MiB
2026/08/03 19:48:08.164, 73.53 W, 72, 90 %, 3438 MiB
2026/08/03 19:48:09.173, 76.37 W, 73, 90 %, 3438 MiB
2026/08/03 19:48:10.177, 64.31 W, 73, 93 %, 3438 MiB
2026/08/03 19:48:11.181, 55.65 W, 72, 81 %, 1152 MiB
2026/08/03 19:48:12.188, 35.65 W, 69, 69 %, 1866 MiB
2026/08/03 19:48:13.191, 73.63 W, 72, 27 %, 3446 MiB
2026/08/03 19:48:14.195, 75.42 W, 73, 91 %, 3448 MiB
2026/08/03 19:48:15.200, 60.99 W, 72, 92 %, 3450 MiB
2026/08/03 19:48:16.204, 75.28 W, 71, 90 %, 3450 MiB
2026/08/03 19:48:17.207, 73.19 W, 73, 90 %, 3450 MiB
2026/08/03 19:48:18.213, 75.45 W, 73, 90 %, 3450 MiB
2026/08/03 19:48:19.217, 59.59 W, 72, 93 %, 3452 MiB
2026/08/03 19:48:20.220, 72.19 W, 72, 90 %, 3452 MiB
2026/08/03 19:48:21.227, 74.44 W, 73, 90 %, 3452 MiB
2026/08/03 19:48:22.231, 61.40 W, 73, 90 %, 3452 MiB
2026/08/03 19:48:23.235, 70.39 W, 72, 93 %, 3452 MiB
2026/08/03 19:48:24.240, 73.59 W, 72, 90 %, 3452 MiB
2026/08/03 19:48:25.243, 77.78 W, 73, 90 %, 3452 MiB
2026/08/03 19:48:26.247, 68.35 W, 74, 90 %, 3452 MiB
2026/08/03 19:48:27.253, 59.49 W, 72, 92 %, 3452 MiB
2026/08/03 19:48:28.256, 73.00 W, 72, 91 %, 3452 MiB
2026/08/03 19:48:29.262, 76.44 W, 73, 89 %, 3452 MiB
2026/08/03 19:48:30.268, 75.06 W, 73, 90 %, 3452 MiB
2026/08/03 19:48:31.272, 59.22 W, 73, 91 %, 3452 MiB
2026/08/03 19:48:32.278, 74.12 W, 73, 92 %, 3452 MiB
2026/08/03 19:48:33.281, 75.43 W, 73, 90 %, 3452 MiB
2026/08/03 19:48:34.285, 74.88 W, 74, 90 %, 3452 MiB
2026/08/03 19:48:35.291, 60.49 W, 73, 90 %, 3452 MiB
2026/08/03 19:48:36.295, 72.99 W, 74, 93 %, 3452 MiB
2026/08/03 19:48:37.299, 74.57 W, 72, 89 %, 3452 MiB
2026/08/03 19:48:38.308, 79.01 W, 73, 78 %, 1860 MiB
2026/08/03 19:48:39.317, 38.11 W, 68, 55 %, 1864 MiB
2026/08/03 19:48:40.321, 74.12 W, 71, 46 %, 3448 MiB
2026/08/03 19:48:41.326, 74.81 W, 73, 93 %, 3450 MiB
2026/08/03 19:48:42.331, 75.38 W, 73, 90 %, 3450 MiB
2026/08/03 19:48:43.335, 61.18 W, 73, 90 %, 3450 MiB
2026/08/03 19:48:44.340, 75.43 W, 71, 90 %, 3450 MiB
2026/08/03 19:48:45.344, 73.64 W, 73, 90 %, 3450 MiB
2026/08/03 19:48:46.348, 75.12 W, 73, 92 %, 3452 MiB
2026/08/03 19:48:47.352, 60.50 W, 73, 90 %, 3452 MiB
2026/08/03 19:48:48.356, 74.20 W, 71, 90 %, 3452 MiB
2026/08/03 19:48:49.363, 73.84 W, 73, 89 %, 3452 MiB
2026/08/03 19:48:50.367, 75.92 W, 74, 93 %, 3452 MiB
2026/08/03 19:48:51.372, 65.16 W, 73, 90 %, 3452 MiB
2026/08/03 19:48:52.378, 63.73 W, 71, 90 %, 3452 MiB
2026/08/03 19:48:53.382, 76.97 W, 73, 90 %, 3452 MiB
2026/08/03 19:48:54.386, 67.19 W, 73, 92 %, 3452 MiB
2026/08/03 19:48:55.391, 60.55 W, 73, 91 %, 3452 MiB
2026/08/03 19:48:56.395, 72.92 W, 71, 90 %, 3452 MiB
2026/08/03 19:48:57.398, 77.54 W, 73, 90 %, 3452 MiB
2026/08/03 19:48:58.403, 73.97 W, 73, 90 %, 3452 MiB
2026/08/03 19:48:59.407, 57.59 W, 73, 92 %, 3452 MiB
2026/08/03 19:49:00.411, 73.36 W, 72, 90 %, 3452 MiB
2026/08/03 19:49:01.414, 75.20 W, 73, 89 %, 3452 MiB
2026/08/03 19:49:02.419, 75.99 W, 74, 90 %, 3452 MiB
2026/08/03 19:49:03.427, 61.18 W, 73, 93 %, 3452 MiB
2026/08/03 19:49:04.431, 75.96 W, 72, 90 %, 3452 MiB
2026/08/03 19:49:05.434, 45.94 W, 70, 90 %, 1862 MiB
2026/08/03 19:49:06.440, 34.83 W, 68, 71 %, 1866 MiB
2026/08/03 19:49:07.443, 75.36 W, 73, 38 %, 3446 MiB
2026/08/03 19:49:08.447, 75.24 W, 73, 74 %, 3452 MiB
2026/08/03 19:49:09.452, 73.75 W, 73, 90 %, 3452 MiB
2026/08/03 19:49:10.457, 74.49 W, 73, 90 %, 3452 MiB
2026/08/03 19:49:11.463, 60.99 W, 73, 90 %, 3452 MiB
2026/08/03 19:49:12.468, 71.45 W, 73, 93 %, 3456 MiB
2026/08/03 19:49:13.472, 72.52 W, 74, 90 %, 3456 MiB
2026/08/03 19:49:14.475, 76.28 W, 73, 90 %, 3456 MiB
2026/08/03 19:49:15.479, 66.07 W, 73, 90 %, 3456 MiB
2026/08/03 19:49:16.482, 63.56 W, 73, 92 %, 3456 MiB
2026/08/03 19:49:17.488, 73.07 W, 74, 91 %, 3456 MiB
2026/08/03 19:49:18.492, 77.00 W, 73, 90 %, 3456 MiB
2026/08/03 19:49:19.496, 71.56 W, 73, 90 %, 3456 MiB
2026/08/03 19:49:20.500, 58.59 W, 72, 91 %, 3456 MiB
2026/08/03 19:49:21.504, 73.78 W, 73, 92 %, 3456 MiB
2026/08/03 19:49:22.511, 75.17 W, 73, 90 %, 3456 MiB
2026/08/03 19:49:23.515, 58.48 W, 73, 90 %, 3456 MiB
2026/08/03 19:49:24.518, 74.89 W, 72, 90 %, 3456 MiB
2026/08/03 19:49:25.526, 74.78 W, 73, 93 %, 3456 MiB
2026/08/03 19:49:26.531, 74.74 W, 73, 90 %, 3456 MiB
2026/08/03 19:49:27.535, 62.14 W, 73, 89 %, 3456 MiB
2026/08/03 19:49:28.541, 77.25 W, 72, 90 %, 3456 MiB
2026/08/03 19:49:29.545, 73.01 W, 73, 93 %, 3456 MiB
2026/08/03 19:49:30.551, 75.88 W, 73, 90 %, 3456 MiB
2026/08/03 19:49:31.557, 62.29 W, 73, 90 %, 3456 MiB
2026/08/03 19:49:32.561, 54.62 W, 72, 90 %, 1868 MiB
2026/08/03 19:49:33.566, 34.86 W, 68, 62 %, 1874 MiB
2026/08/03 19:49:34.568, 73.15 W, 73, 31 %, 3446 MiB
2026/08/03 19:49:35.576, 74.97 W, 73, 90 %, 3450 MiB
2026/08/03 19:49:36.579, 61.20 W, 72, 90 %, 3450 MiB
2026/08/03 19:49:37.584, 72.35 W, 72, 90 %, 3450 MiB
2026/08/03 19:49:38.589, 73.26 W, 73, 93 %, 3450 MiB
2026/08/03 19:49:39.593, 61.51 W, 73, 91 %, 3450 MiB
2026/08/03 19:49:40.597, 67.05 W, 72, 90 %, 3450 MiB
2026/08/03 19:49:41.603, 73.45 W, 72, 90 %, 3452 MiB
2026/08/03 19:49:42.607, 77.08 W, 73, 91 %, 3452 MiB
2026/08/03 19:49:43.611, 67.18 W, 73, 91 %, 3452 MiB
2026/08/03 19:49:44.619, 65.36 W, 72, 90 %, 3452 MiB
2026/08/03 19:49:45.623, 73.52 W, 73, 90 %, 3452 MiB
2026/08/03 19:49:46.626, 77.03 W, 73, 91 %, 3452 MiB
2026/08/03 19:49:47.632, 71.39 W, 73, 93 %, 3452 MiB
2026/08/03 19:49:48.636, 58.36 W, 72, 89 %, 3452 MiB
2026/08/03 19:49:49.640, 74.47 W, 73, 90 %, 3452 MiB
2026/08/03 19:49:50.645, 74.93 W, 73, 90 %, 3452 MiB
2026/08/03 19:49:51.649, 75.88 W, 73, 93 %, 3452 MiB
2026/08/03 19:49:52.654, 61.03 W, 73, 89 %, 3452 MiB
2026/08/03 19:49:53.662, 75.22 W, 73, 90 %, 3452 MiB
2026/08/03 19:49:54.668, 75.51 W, 73, 90 %, 3452 MiB
2026/08/03 19:49:55.671, 61.15 W, 73, 92 %, 3452 MiB
2026/08/03 19:49:56.675, 76.01 W, 73, 90 %, 3452 MiB
2026/08/03 19:49:57.679, 73.47 W, 73, 90 %, 3452 MiB
2026/08/03 19:49:58.683, 74.93 W, 73, 90 %, 3452 MiB
2026/08/03 19:49:59.689, 76.08 W, 72, 79 %, 1854 MiB
2026/08/03 19:50:00.694, 34.75 W, 68, 67 %, 1868 MiB
2026/08/03 19:50:01.697, 75.78 W, 71, 38 %, 3458 MiB
2026/08/03 19:50:02.703, 73.64 W, 73, 90 %, 3458 MiB
2026/08/03 19:50:03.707, 75.28 W, 73, 90 %, 3458 MiB
2026/08/03 19:50:04.711, 59.76 W, 72, 92 %, 3458 MiB
2026/08/03 19:50:05.716, 69.91 W, 71, 91 %, 3458 MiB
2026/08/03 19:50:06.720, 73.46 W, 73, 90 %, 3458 MiB
2026/08/03 19:50:07.724, 76.66 W, 73, 90 %, 3458 MiB
2026/08/03 19:50:08.732, 65.14 W, 72, 91 %, 3458 MiB
2026/08/03 19:50:09.735, 64.75 W, 71, 92 %, 3458 MiB
2026/08/03 19:50:10.739, 76.76 W, 73, 90 %, 3458 MiB
2026/08/03 19:50:11.744, 67.14 W, 73, 90 %, 3458 MiB
2026/08/03 19:50:12.747, 64.29 W, 72, 90 %, 3458 MiB
2026/08/03 19:50:13.753, 73.48 W, 72, 93 %, 3458 MiB
2026/08/03 19:50:14.759, 77.64 W, 73, 90 %, 3458 MiB
2026/08/03 19:50:15.764, 69.22 W, 73, 90 %, 3458 MiB
2026/08/03 19:50:16.768, 60.85 W, 72, 89 %, 3458 MiB
2026/08/03 19:50:17.772, 72.78 W, 72, 93 %, 3458 MiB
2026/08/03 19:50:18.776, 75.74 W, 73, 90 %, 3458 MiB
2026/08/03 19:50:19.781, 77.23 W, 73, 90 %, 3458 MiB
2026/08/03 19:50:20.789, 61.18 W, 72, 90 %, 3458 MiB
2026/08/03 19:50:21.792, 75.70 W, 72, 93 %, 3458 MiB
2026/08/03 19:50:22.796, 74.12 W, 73, 90 %, 3458 MiB
2026/08/03 19:50:23.804, 74.60 W, 73, 89 %, 3458 MiB
2026/08/03 19:50:24.808, 60.14 W, 72, 89 %, 3458 MiB
2026/08/03 19:50:25.811, 71.42 W, 72, 92 %, 3458 MiB
2026/08/03 19:50:26.817, 74.94 W, 70, 74 %, 1870 MiB
2026/08/03 19:50:27.821, 34.61 W, 67, 49 %, 1874 MiB
2026/08/03 19:50:28.823, 63.62 W, 72, 56 %, 3450 MiB
2026/08/03 19:50:29.828, 73.44 W, 71, 90 %, 3450 MiB
2026/08/03 19:50:30.832, 76.69 W, 73, 93 %, 3450 MiB
2026/08/03 19:50:31.837, 75.05 W, 73, 90 %, 3450 MiB
2026/08/03 19:50:32.842, 56.10 W, 72, 90 %, 3450 MiB
2026/08/03 19:50:33.846, 73.48 W, 72, 89 %, 3450 MiB
2026/08/03 19:50:34.849, 75.75 W, 73, 93 %, 3450 MiB
2026/08/03 19:50:35.854, 75.55 W, 73, 90 %, 3450 MiB
2026/08/03 19:50:36.858, 61.90 W, 72, 90 %, 3450 MiB
2026/08/03 19:50:37.863, 75.12 W, 72, 90 %, 3450 MiB
2026/08/03 19:50:38.867, 73.53 W, 73, 93 %, 3450 MiB
2026/08/03 19:50:39.872, 75.06 W, 73, 91 %, 3450 MiB
2026/08/03 19:50:40.877, 60.12 W, 72, 90 %, 3450 MiB
2026/08/03 19:50:41.881, 72.94 W, 73, 90 %, 3450 MiB
2026/08/03 19:50:42.884, 74.77 W, 72, 91 %, 3450 MiB
2026/08/03 19:50:43.891, 60.06 W, 73, 91 %, 3450 MiB
2026/08/03 19:50:44.895, 74.48 W, 72, 90 %, 3450 MiB
2026/08/03 19:50:45.899, 73.56 W, 73, 90 %, 3450 MiB
2026/08/03 19:50:46.908, 75.68 W, 72, 91 %, 3450 MiB
2026/08/03 19:50:47.911, 63.18 W, 73, 93 %, 3450 MiB
2026/08/03 19:50:48.915, 65.56 W, 72, 90 %, 3450 MiB
2026/08/03 19:50:49.921, 73.42 W, 73, 90 %, 3450 MiB
2026/08/03 19:50:50.925, 77.63 W, 72, 90 %, 3450 MiB
2026/08/03 19:50:51.928, 72.47 W, 73, 93 %, 3450 MiB
2026/08/03 19:50:52.936, 61.58 W, 72, 90 %, 3450 MiB
2026/08/03 19:50:53.940, 35.82 W, 69, 71 %, 1860 MiB
2026/08/03 19:50:54.945, 47.59 W, 70, 29 %, 2888 MiB
2026/08/03 19:50:55.950, 75.96 W, 73, 78 %, 3430 MiB
2026/08/03 19:50:56.956, 64.66 W, 72, 93 %, 3430 MiB
2026/08/03 19:50:57.961, 73.52 W, 71, 90 %, 3430 MiB
2026/08/03 19:50:58.964, 76.72 W, 73, 90 %, 3430 MiB
2026/08/03 19:50:59.968, 64.82 W, 73, 90 %, 3430 MiB
2026/08/03 19:51:00.971, 63.92 W, 72, 93 %, 3430 MiB
2026/08/03 19:51:01.977, 73.30 W, 72, 90 %, 3430 MiB
2026/08/03 19:51:02.980, 76.64 W, 73, 90 %, 3430 MiB
2026/08/03 19:51:03.984, 72.05 W, 73, 90 %, 3432 MiB
2026/08/03 19:51:04.989, 58.00 W, 72, 93 %, 3432 MiB
2026/08/03 19:51:05.993, 73.25 W, 72, 90 %, 3432 MiB
2026/08/03 19:51:06.997, 75.37 W, 73, 90 %, 3432 MiB
2026/08/03 19:51:08.003, 76.35 W, 73, 90 %, 3432 MiB
2026/08/03 19:51:09.007, 59.37 W, 72, 92 %, 3432 MiB
2026/08/03 19:51:10.011, 74.48 W, 73, 91 %, 3432 MiB
2026/08/03 19:51:11.018, 73.33 W, 73, 90 %, 3432 MiB
2026/08/03 19:51:12.022, 74.50 W, 73, 90 %, 3432 MiB
2026/08/03 19:51:13.026, 75.19 W, 73, 91 %, 3432 MiB
2026/08/03 19:51:14.032, 73.75 W, 73, 92 %, 3432 MiB
2026/08/03 19:51:15.036, 75.08 W, 72, 90 %, 3432 MiB
2026/08/03 19:51:16.041, 61.12 W, 73, 90 %, 3432 MiB
2026/08/03 19:51:17.047, 68.19 W, 72, 90 %, 3432 MiB
2026/08/03 19:51:18.051, 74.13 W, 73, 93 %, 3432 MiB
2026/08/03 19:51:19.054, 76.52 W, 72, 90 %, 3432 MiB
2026/08/03 19:51:20.061, 77.12 W, 73, 90 %, 3432 MiB
2026/08/03 19:51:21.065, 66.79 W, 72, 61 %, 1834 MiB
2026/08/03 19:51:22.070, 66.77 W, 70, 26 %, 2898 MiB
2026/08/03 19:51:23.074, 75.02 W, 72, 26 %, 3438 MiB
2026/08/03 19:51:24.080, 75.75 W, 73, 90 %, 3438 MiB
2026/08/03 19:51:25.083, 59.96 W, 72, 90 %, 3438 MiB
2026/08/03 19:51:26.089, 75.53 W, 72, 90 %, 3438 MiB
2026/08/03 19:51:27.093, 73.53 W, 73, 91 %, 3438 MiB
2026/08/03 19:51:28.097, 61.35 W, 73, 92 %, 3438 MiB
2026/08/03 19:51:29.102, 74.55 W, 72, 90 %, 3438 MiB
2026/08/03 19:51:30.106, 72.58 W, 72, 90 %, 3438 MiB
2026/08/03 19:51:31.110, 75.78 W, 73, 90 %, 3438 MiB
2026/08/03 19:51:32.119, 63.46 W, 73, 93 %, 3438 MiB
2026/08/03 19:51:33.122, 66.87 W, 72, 90 %, 3438 MiB
2026/08/03 19:51:34.127, 73.29 W, 73, 90 %, 3438 MiB
2026/08/03 19:51:35.132, 77.66 W, 72, 90 %, 3438 MiB
2026/08/03 19:51:36.136, 70.24 W, 73, 93 %, 3438 MiB
2026/08/03 19:51:37.139, 61.97 W, 72, 90 %, 3438 MiB
2026/08/03 19:51:38.149, 72.82 W, 73, 89 %, 3440 MiB
2026/08/03 19:51:39.153, 75.28 W, 73, 91 %, 3440 MiB
2026/08/03 19:51:40.157, 75.08 W, 73, 92 %, 3440 MiB
2026/08/03 19:51:41.165, 61.23 W, 72, 91 %, 3440 MiB
2026/08/03 19:51:42.170, 77.17 W, 72, 90 %, 3440 MiB
2026/08/03 19:51:43.173, 73.63 W, 73, 90 %, 3440 MiB
2026/08/03 19:51:44.179, 61.81 W, 73, 90 %, 3440 MiB
2026/08/03 19:51:45.183, 75.35 W, 72, 93 %, 3440 MiB
2026/08/03 19:51:46.187, 73.29 W, 73, 90 %, 3440 MiB
2026/08/03 19:51:47.195, 68.62 W, 69, 90 %, 3440 MiB
2026/08/03 19:51:48.198, 73.49 W, 71, 79 %, 1862 MiB
2026/08/03 19:51:49.201, 58.89 W, 71, 62 %, 3448 MiB
2026/08/03 19:51:50.207, 74.00 W, 71, 39 %, 3450 MiB
2026/08/03 19:51:51.213, 74.70 W, 73, 90 %, 3450 MiB
2026/08/03 19:51:52.218, 76.29 W, 73, 90 %, 3450 MiB
2026/08/03 19:51:53.222, 61.88 W, 72, 91 %, 3450 MiB
2026/08/03 19:51:54.228, 76.15 W, 71, 92 %, 3450 MiB
2026/08/03 19:51:55.231, 73.36 W, 73, 90 %, 3450 MiB
2026/08/03 19:51:56.236, 75.06 W, 73, 90 %, 3450 MiB
2026/08/03 19:51:57.240, 62.67 W, 72, 90 %, 3450 MiB
2026/08/03 19:51:58.244, 66.96 W, 71, 94 %, 3452 MiB
2026/08/03 19:51:59.248, 72.93 W, 73, 90 %, 3452 MiB
2026/08/03 19:52:00.253, 64.46 W, 73, 90 %, 3452 MiB
2026/08/03 19:52:01.257, 64.94 W, 72, 90 %, 3454 MiB
2026/08/03 19:52:02.262, 72.87 W, 71, 93 %, 3454 MiB
2026/08/03 19:52:03.266, 77.13 W, 73, 89 %, 3454 MiB
2026/08/03 19:52:04.270, 66.97 W, 73, 90 %, 3454 MiB
2026/08/03 19:52:05.274, 63.95 W, 72, 90 %, 3454 MiB
2026/08/03 19:52:06.278, 73.32 W, 72, 92 %, 3454 MiB
2026/08/03 19:52:07.282, 77.08 W, 73, 90 %, 3454 MiB
2026/08/03 19:52:08.291, 74.05 W, 73, 90 %, 3454 MiB
2026/08/03 19:52:09.295, 57.37 W, 72, 90 %, 3454 MiB
2026/08/03 19:52:10.299, 74.23 W, 72, 91 %, 3454 MiB
2026/08/03 19:52:11.306, 75.16 W, 73, 92 %, 3454 MiB
2026/08/03 19:52:12.310, 75.91 W, 73, 90 %, 3454 MiB
2026/08/03 19:52:13.315, 60.90 W, 72, 90 %, 3454 MiB
2026/08/03 19:52:14.319, 42.73 W, 70, 90 %, 1152 MiB
2026/08/03 19:52:15.324, 70.51 W, 69, 72 %, 1864 MiB
2026/08/03 19:52:16.327, 65.40 W, 72, 48 %, 3452 MiB
2026/08/03 19:52:17.331, 60.84 W, 72, 60 %, 3454 MiB
2026/08/03 19:52:18.334, 73.34 W, 71, 90 %, 3456 MiB
2026/08/03 19:52:19.337, 77.34 W, 73, 92 %, 3456 MiB
2026/08/03 19:52:20.344, 73.93 W, 73, 91 %, 3458 MiB
2026/08/03 19:52:21.347, 57.28 W, 72, 90 %, 3458 MiB
2026/08/03 19:52:22.352, 73.50 W, 72, 90 %, 3458 MiB
2026/08/03 19:52:23.356, 75.00 W, 73, 92 %, 3458 MiB
2026/08/03 19:52:24.359, 76.41 W, 73, 92 %, 3458 MiB
2026/08/03 19:52:25.365, 60.99 W, 72, 90 %, 3458 MiB
2026/08/03 19:52:26.369, 75.50 W, 72, 90 %, 3458 MiB
2026/08/03 19:52:27.372, 74.32 W, 72, 90 %, 3458 MiB
2026/08/03 19:52:28.378, 75.38 W, 73, 93 %, 3458 MiB
2026/08/03 19:52:29.382, 61.28 W, 73, 90 %, 3458 MiB
2026/08/03 19:52:30.387, 73.79 W, 73, 90 %, 3458 MiB
2026/08/03 19:52:31.392, 73.94 W, 73, 90 %, 3458 MiB
2026/08/03 19:52:32.396, 60.14 W, 73, 93 %, 3458 MiB
2026/08/03 19:52:33.399, 75.79 W, 72, 90 %, 3458 MiB
2026/08/03 19:52:34.405, 73.41 W, 74, 90 %, 3458 MiB
2026/08/03 19:52:35.409, 76.26 W, 73, 90 %, 3458 MiB
2026/08/03 19:52:36.415, 63.13 W, 73, 93 %, 3458 MiB
2026/08/03 19:52:37.418, 69.09 W, 72, 90 %, 3458 MiB
2026/08/03 19:52:38.422, 73.73 W, 74, 90 %, 3458 MiB
2026/08/03 19:52:39.426, 77.45 W, 73, 90 %, 3458 MiB
2026/08/03 19:52:40.433, 68.03 W, 73, 92 %, 3458 MiB
2026/08/03 19:52:41.437, 62.44 W, 72, 91 %, 1148 MiB
2026/08/03 19:52:42.441, 35.45 W, 69, 69 %, 1862 MiB
2026/08/03 19:52:43.444, 72.14 W, 72, 28 %, 3454 MiB
2026/08/03 19:52:44.448, 74.24 W, 73, 81 %, 3458 MiB
2026/08/03 19:52:45.451, 63.02 W, 72, 93 %, 3458 MiB
2026/08/03 19:52:46.458, 72.53 W, 72, 90 %, 3458 MiB
2026/08/03 19:52:47.461, 75.15 W, 73, 90 %, 3458 MiB
2026/08/03 19:52:48.465, 64.15 W, 73, 90 %, 3458 MiB
2026/08/03 19:52:49.471, 65.82 W, 72, 92 %, 3458 MiB
2026/08/03 19:52:50.475, 73.78 W, 72, 90 %, 3458 MiB
2026/08/03 19:52:51.479, 77.38 W, 73, 90 %, 3458 MiB
2026/08/03 19:52:52.483, 70.95 W, 73, 90 %, 3458 MiB
2026/08/03 19:52:53.487, 58.28 W, 72, 91 %, 3458 MiB
2026/08/03 19:52:54.493, 73.16 W, 72, 92 %, 3458 MiB
2026/08/03 19:52:55.497, 75.42 W, 73, 90 %, 3458 MiB
2026/08/03 19:52:56.502, 75.78 W, 73, 90 %, 3458 MiB
2026/08/03 19:52:57.508, 60.55 W, 72, 90 %, 3458 MiB
2026/08/03 19:52:58.512, 74.77 W, 73, 93 %, 3458 MiB
2026/08/03 19:52:59.516, 74.19 W, 73, 90 %, 3458 MiB
2026/08/03 19:53:00.523, 62.15 W, 73, 90 %, 3458 MiB
2026/08/03 19:53:01.527, 76.54 W, 72, 90 %, 3458 MiB
2026/08/03 19:53:02.531, 73.21 W, 73, 93 %, 3458 MiB
2026/08/03 19:53:03.537, 75.86 W, 73, 90 %, 3458 MiB
2026/08/03 19:53:04.543, 62.16 W, 73, 90 %, 3458 MiB
2026/08/03 19:53:05.546, 67.30 W, 72, 90 %, 3458 MiB
2026/08/03 19:53:06.554, 73.78 W, 73, 92 %, 3458 MiB
2026/08/03 19:53:07.558, 76.49 W, 73, 91 %, 3458 MiB
2026/08/03 19:53:08.563, 75.67 W, 73, 87 %, 1864 MiB
2026/08/03 19:53:09.570, 38.27 W, 68, 65 %, 1868 MiB
2026/08/03 19:53:10.573, 74.60 W, 70, 26 %, 3450 MiB
2026/08/03 19:53:11.577, 72.17 W, 73, 93 %, 3450 MiB
2026/08/03 19:53:12.582, 75.35 W, 73, 90 %, 3450 MiB
2026/08/03 19:53:13.587, 62.97 W, 73, 90 %, 3450 MiB
2026/08/03 19:53:14.591, 68.17 W, 71, 90 %, 3450 MiB
2026/08/03 19:53:15.594, 73.38 W, 73, 92 %, 3450 MiB
2026/08/03 19:53:16.601, 77.28 W, 73, 91 %, 3450 MiB
2026/08/03 19:53:17.604, 63.21 W, 73, 90 %, 3450 MiB
2026/08/03 19:53:18.609, 73.37 W, 71, 90 %, 3450 MiB
2026/08/03 19:53:19.617, 75.56 W, 73, 90 %, 3450 MiB
2026/08/03 19:53:20.621, 75.73 W, 73, 93 %, 3450 MiB
2026/08/03 19:53:21.625, 58.77 W, 73, 90 %, 3450 MiB
2026/08/03 19:53:22.630, 74.52 W, 71, 90 %, 3450 MiB
2026/08/03 19:53:23.633, 73.70 W, 73, 90 %, 3450 MiB
2026/08/03 19:53:24.637, 74.08 W, 73, 93 %, 3450 MiB
2026/08/03 19:53:25.644, 61.42 W, 73, 90 %, 3450 MiB
2026/08/03 19:53:26.649, 75.51 W, 71, 90 %, 3450 MiB
2026/08/03 19:53:27.652, 73.56 W, 73, 90 %, 3450 MiB
2026/08/03 19:53:28.659, 75.98 W, 73, 92 %, 3450 MiB
2026/08/03 19:53:29.662, 65.83 W, 73, 91 %, 3452 MiB
2026/08/03 19:53:30.666, 60.78 W, 71, 90 %, 3452 MiB
2026/08/03 19:53:31.674, 72.83 W, 73, 90 %, 3452 MiB
2026/08/03 19:53:32.680, 76.98 W, 73, 90 %, 3452 MiB
2026/08/03 19:53:33.683, 58.98 W, 73, 93 %, 3452 MiB
2026/08/03 19:53:34.689, 73.53 W, 71, 90 %, 3452 MiB
2026/08/03 19:53:35.693, 61.89 W, 69, 78 %, 1850 MiB
2026/08/03 19:53:36.696, 34.93 W, 68, 55 %, 1854 MiB
2026/08/03 19:53:37.699, 63.20 W, 73, 46 %, 3458 MiB
2026/08/03 19:53:38.708, 69.40 W, 72, 90 %, 3458 MiB
2026/08/03 19:53:39.712, 72.19 W, 73, 90 %, 3458 MiB
2026/08/03 19:53:40.717, 75.94 W, 72, 90 %, 3458 MiB
2026/08/03 19:53:41.723, 65.79 W, 73, 91 %, 3458 MiB
2026/08/03 19:53:42.726, 62.90 W, 72, 92 %, 3458 MiB
2026/08/03 19:53:43.730, 72.49 W, 73, 90 %, 3458 MiB
2026/08/03 19:53:44.738, 76.94 W, 72, 90 %, 3458 MiB
2026/08/03 19:53:45.744, 74.86 W, 73, 90 %, 3458 MiB
2026/08/03 19:53:46.747, 59.10 W, 72, 93 %, 3458 MiB
2026/08/03 19:53:47.752, 74.07 W, 73, 90 %, 3460 MiB
2026/08/03 19:53:48.758, 75.13 W, 73, 90 %, 3460 MiB
2026/08/03 19:53:49.762, 75.88 W, 73, 90 %, 3460 MiB
2026/08/03 19:53:50.766, 73.71 W, 72, 93 %, 3460 MiB
2026/08/03 19:53:51.772, 74.98 W, 73, 90 %, 3460 MiB
2026/08/03 19:53:52.776, 76.18 W, 73, 90 %, 3460 MiB
2026/08/03 19:53:53.782, 61.05 W, 73, 90 %, 3460 MiB
2026/08/03 19:53:54.786, 74.50 W, 71, 93 %, 3460 MiB
2026/08/03 19:53:55.790, 74.08 W, 73, 90 %, 3460 MiB
2026/08/03 19:53:56.795, 74.70 W, 73, 90 %, 3460 MiB
2026/08/03 19:53:57.799, 59.63 W, 73, 90 %, 3460 MiB
2026/08/03 19:53:58.803, 72.05 W, 71, 92 %, 3460 MiB
2026/08/03 19:53:59.807, 72.92 W, 73, 91 %, 3460 MiB
2026/08/03 19:54:00.812, 75.55 W, 73, 90 %, 3460 MiB
2026/08/03 19:54:01.817, 65.11 W, 73, 90 %, 3460 MiB
2026/08/03 19:54:02.821, 63.28 W, 72, 71 %, 1866 MiB
2026/08/03 19:54:03.826, 34.41 W, 68, 42 %, 1874 MiB
2026/08/03 19:54:04.829, 72.64 W, 73, 42 %, 3432 MiB
2026/08/03 19:54:05.835, 75.72 W, 73, 70 %, 3432 MiB
2026/08/03 19:54:06.838, 69.56 W, 72, 90 %, 3432 MiB
2026/08/03 19:54:07.843, 73.29 W, 72, 90 %, 3432 MiB
2026/08/03 19:54:08.848, 77.20 W, 73, 91 %, 3432 MiB
2026/08/03 19:54:09.852, 69.18 W, 73, 93 %, 3432 MiB
2026/08/03 19:54:10.856, 60.04 W, 72, 90 %, 3432 MiB
2026/08/03 19:54:11.861, 72.96 W, 72, 90 %, 3432 MiB
2026/08/03 19:54:12.865, 76.34 W, 73, 89 %, 3432 MiB
2026/08/03 19:54:13.869, 73.91 W, 73, 93 %, 3432 MiB
2026/08/03 19:54:14.873, 57.88 W, 72, 90 %, 3432 MiB
2026/08/03 19:54:15.877, 74.45 W, 72, 90 %, 3432 MiB
2026/08/03 19:54:16.881, 75.66 W, 72, 90 %, 3432 MiB
2026/08/03 19:54:17.888, 76.09 W, 73, 92 %, 3432 MiB
2026/08/03 19:54:18.892, 57.45 W, 72, 90 %, 3432 MiB
2026/08/03 19:54:19.896, 74.45 W, 74, 90 %, 3432 MiB
2026/08/03 19:54:20.904, 74.49 W, 73, 90 %, 3432 MiB
2026/08/03 19:54:21.909, 60.72 W, 73, 93 %, 3432 MiB
2026/08/03 19:54:22.913, 75.94 W, 73, 90 %, 3432 MiB
2026/08/03 19:54:23.919, 73.69 W, 73, 90 %, 3432 MiB
2026/08/03 19:54:24.925, 74.62 W, 72, 90 %, 3432 MiB
2026/08/03 19:54:25.930, 60.35 W, 73, 91 %, 3432 MiB
2026/08/03 19:54:26.934, 69.62 W, 73, 92 %, 3432 MiB
2026/08/03 19:54:27.938, 73.52 W, 73, 90 %, 3434 MiB
2026/08/03 19:54:28.942, 77.35 W, 73, 90 %, 3434 MiB
2026/08/03 19:54:29.952, 72.54 W, 72, 90 %, 1860 MiB
2026/08/03 19:54:30.955, 34.74 W, 67, 61 %, 1874 MiB
2026/08/03 19:54:31.958, 74.64 W, 71, 30 %, 3450 MiB
2026/08/03 19:54:32.963, 72.50 W, 73, 90 %, 3450 MiB
2026/08/03 19:54:33.967, 75.69 W, 73, 90 %, 3450 MiB
2026/08/03 19:54:34.971, 65.69 W, 72, 90 %, 3450 MiB
2026/08/03 19:54:35.976, 65.90 W, 71, 93 %, 3450 MiB
2026/08/03 19:54:36.979, 76.74 W, 73, 90 %, 3450 MiB
2026/08/03 19:54:37.984, 65.12 W, 73, 89 %, 3450 MiB
2026/08/03 19:54:38.990, 65.57 W, 72, 90 %, 3450 MiB
2026/08/03 19:54:39.994, 73.67 W, 72, 93 %, 3450 MiB
2026/08/03 19:54:40.998, 77.46 W, 73, 89 %, 3450 MiB
2026/08/03 19:54:42.002, 69.31 W, 73, 90 %, 3450 MiB
2026/08/03 19:54:43.006, 60.04 W, 72, 90 %, 3452 MiB
2026/08/03 19:54:44.012, 74.15 W, 72, 93 %, 3452 MiB
2026/08/03 19:54:45.015, 75.27 W, 73, 90 %, 3452 MiB
2026/08/03 19:54:46.019, 76.22 W, 73, 90 %, 3452 MiB
2026/08/03 19:54:47.026, 60.91 W, 72, 90 %, 3452 MiB
2026/08/03 19:54:48.029, 74.84 W, 73, 92 %, 3452 MiB
2026/08/03 19:54:49.032, 73.38 W, 73, 91 %, 3452 MiB
2026/08/03 19:54:50.041, 74.95 W, 73, 89 %, 3452 MiB
2026/08/03 19:54:51.045, 61.20 W, 72, 90 %, 3452 MiB
2026/08/03 19:54:52.049, 75.06 W, 73, 92 %, 3452 MiB
2026/08/03 19:54:53.053, 76.18 W, 73, 90 %, 3452 MiB
2026/08/03 19:54:54.057, 60.50 W, 73, 90 %, 3452 MiB
2026/08/03 19:54:55.061, 75.40 W, 72, 90 %, 3452 MiB
2026/08/03 19:54:56.069, 73.96 W, 72, 91 %, 3452 MiB
2026/08/03 19:54:57.073, 73.33 W, 70, 80 %, 1832 MiB
2026/08/03 19:54:58.076, 34.54 W, 67, 70 %, 1842 MiB
2026/08/03 19:54:59.080, 59.33 W, 72, 30 %, 3434 MiB
2026/08/03 19:55:00.084, 73.84 W, 71, 90 %, 3438 MiB
2026/08/03 19:55:01.087, 74.76 W, 73, 92 %, 3440 MiB
2026/08/03 19:55:02.091, 74.82 W, 73, 90 %, 3440 MiB
2026/08/03 19:55:03.096, 61.26 W, 72, 90 %, 3440 MiB
2026/08/03 19:55:04.100, 77.44 W, 72, 90 %, 3440 MiB
2026/08/03 19:55:05.104, 73.08 W, 73, 91 %, 3440 MiB
2026/08/03 19:55:06.109, 75.61 W, 73, 92 %, 3440 MiB
2026/08/03 19:55:07.115, 73.31 W, 72, 90 %, 3440 MiB
2026/08/03 19:55:08.118, 73.38 W, 72, 90 %, 3440 MiB
2026/08/03 19:55:09.122, 76.48 W, 73, 90 %, 3440 MiB
2026/08/03 19:55:10.126, 64.75 W, 73, 93 %, 3440 MiB
2026/08/03 19:55:11.130, 63.21 W, 72, 90 %, 3440 MiB
2026/08/03 19:55:12.138, 73.36 W, 72, 90 %, 3440 MiB
2026/08/03 19:55:13.142, 78.14 W, 73, 90 %, 3440 MiB
2026/08/03 19:55:14.147, 69.79 W, 73, 93 %, 3440 MiB
2026/08/03 19:55:15.153, 58.55 W, 72, 90 %, 3440 MiB
2026/08/03 19:55:16.157, 72.97 W, 73, 90 %, 3440 MiB
2026/08/03 19:55:17.161, 74.61 W, 72, 90 %, 3440 MiB
2026/08/03 19:55:18.167, 75.94 W, 73, 92 %, 3440 MiB
2026/08/03 19:55:19.171, 60.62 W, 72, 91 %, 3440 MiB
2026/08/03 19:55:20.175, 75.27 W, 73, 90 %, 3442 MiB
2026/08/03 19:55:21.181, 74.65 W, 72, 90 %, 3442 MiB
2026/08/03 19:55:22.186, 61.25 W, 73, 91 %, 3442 MiB
2026/08/03 19:55:23.190, 67.86 W, 73, 92 %, 3442 MiB
2026/08/03 19:55:24.194, 37.48 W, 70, 76 %, 1860 MiB
2026/08/03 19:55:25.199, 34.58 W, 70, 50 %, 2888 MiB
2026/08/03 19:55:26.203, 76.18 W, 72, 53 %, 3448 MiB
2026/08/03 19:55:27.208, 61.78 W, 72, 91 %, 3448 MiB
2026/08/03 19:55:28.213, 75.51 W, 71, 92 %, 3448 MiB
2026/08/03 19:55:29.217, 72.76 W, 72, 90 %, 3450 MiB
2026/08/03 19:55:30.221, 74.36 W, 72, 90 %, 3450 MiB
2026/08/03 19:55:31.225, 61.46 W, 72, 90 %, 3450 MiB
2026/08/03 19:55:32.229, 71.25 W, 71, 93 %, 3450 MiB
2026/08/03 19:55:33.236, 72.56 W, 73, 90 %, 3450 MiB
2026/08/03 19:55:34.241, 77.03 W, 73, 90 %, 3450 MiB
2026/08/03 19:55:35.245, 65.87 W, 72, 89 %, 3450 MiB
2026/08/03 19:55:36.249, 61.69 W, 71, 93 %, 3450 MiB
2026/08/03 19:55:37.253, 72.12 W, 72, 90 %, 3450 MiB
2026/08/03 19:55:38.257, 68.64 W, 73, 90 %, 3450 MiB
2026/08/03 19:55:39.263, 58.52 W, 73, 90 %, 3450 MiB
2026/08/03 19:55:40.267, 74.06 W, 71, 92 %, 3450 MiB
2026/08/03 19:55:41.270, 74.96 W, 72, 91 %, 3450 MiB
2026/08/03 19:55:42.276, 77.31 W, 73, 90 %, 3450 MiB
2026/08/03 19:55:43.280, 61.82 W, 73, 91 %, 3450 MiB
2026/08/03 19:55:44.284, 75.90 W, 71, 91 %, 3450 MiB
2026/08/03 19:55:45.289, 74.29 W, 73, 93 %, 3450 MiB
2026/08/03 19:55:46.293, 74.80 W, 73, 90 %, 3450 MiB
2026/08/03 19:55:47.297, 60.61 W, 73, 91 %, 3450 MiB
2026/08/03 19:55:48.301, 69.35 W, 71, 90 %, 3450 MiB
2026/08/03 19:55:49.305, 73.68 W, 73, 93 %, 3450 MiB
2026/08/03 19:55:50.309, 61.79 W, 70, 90 %, 3450 MiB
2026/08/03 19:55:51.312, 72.71 W, 72, 70 %, 1860 MiB
2026/08/03 19:55:52.315, 73.85 W, 71, 28 %, 3446 MiB
2026/08/03 19:55:53.321, 73.82 W, 71, 80 %, 3448 MiB
2026/08/03 19:55:54.324, 76.34 W, 72, 93 %, 3450 MiB
2026/08/03 19:55:55.328, 65.39 W, 73, 90 %, 3450 MiB
2026/08/03 19:55:56.332, 61.19 W, 72, 90 %, 3450 MiB
2026/08/03 19:55:57.336, 72.75 W, 72, 90 %, 3450 MiB
2026/08/03 19:55:58.341, 76.15 W, 73, 92 %, 3450 MiB
2026/08/03 19:55:59.345, 76.79 W, 73, 91 %, 3450 MiB
2026/08/03 19:56:00.349, 58.72 W, 72, 90 %, 3450 MiB
2026/08/03 19:56:01.353, 75.38 W, 72, 90 %, 3450 MiB
2026/08/03 19:56:02.357, 74.07 W, 73, 91 %, 3450 MiB
2026/08/03 19:56:03.363, 74.69 W, 73, 93 %, 3452 MiB
2026/08/03 19:56:04.367, 59.47 W, 72, 90 %, 3452 MiB
2026/08/03 19:56:05.371, 72.80 W, 72, 90 %, 3452 MiB
2026/08/03 19:56:06.379, 76.10 W, 73, 90 %, 3452 MiB
2026/08/03 19:56:07.382, 63.75 W, 73, 93 %, 3452 MiB
2026/08/03 19:56:08.386, 65.26 W, 72, 90 %, 3452 MiB
2026/08/03 19:56:09.390, 73.59 W, 72, 90 %, 3452 MiB
2026/08/03 19:56:10.394, 77.61 W, 73, 90 %, 3452 MiB
2026/08/03 19:56:11.400, 74.48 W, 73, 92 %, 3452 MiB
2026/08/03 19:56:12.404, 58.44 W, 72, 92 %, 3452 MiB
2026/08/03 19:56:13.407, 73.51 W, 72, 90 %, 3452 MiB
2026/08/03 19:56:14.411, 74.92 W, 73, 90 %, 3452 MiB
2026/08/03 19:56:15.415, 76.45 W, 73, 90 %, 3452 MiB
2026/08/03 19:56:16.420, 59.55 W, 72, 93 %, 3452 MiB
2026/08/03 19:56:17.425, 36.23 W, 70, 84 %, 1152 MiB
2026/08/03 19:56:18.429, 36.88 W, 69, 68 %, 1864 MiB
2026/08/03 19:56:19.433, 76.49 W, 72, 26 %, 3448 MiB
2026/08/03 19:56:20.437, 58.62 W, 72, 91 %, 3450 MiB
2026/08/03 19:56:21.441, 73.08 W, 70, 92 %, 3450 MiB
2026/08/03 19:56:22.446, 75.49 W, 73, 90 %, 3450 MiB
2026/08/03 19:56:23.451, 75.24 W, 73, 89 %, 3450 MiB
2026/08/03 19:56:24.455, 59.33 W, 72, 90 %, 3452 MiB
2026/08/03 19:56:25.461, 74.36 W, 71, 93 %, 3452 MiB
2026/08/03 19:56:26.464, 74.43 W, 73, 90 %, 3452 MiB
2026/08/03 19:56:27.469, 76.50 W, 73, 90 %, 3452 MiB
2026/08/03 19:56:28.474, 61.77 W, 72, 90 %, 3452 MiB
2026/08/03 19:56:29.478, 77.00 W, 71, 93 %, 3452 MiB
2026/08/03 19:56:30.481, 73.57 W, 73, 90 %, 3452 MiB
2026/08/03 19:56:31.487, 75.34 W, 73, 90 %, 3452 MiB
2026/08/03 19:56:32.491, 62.31 W, 72, 90 %, 3452 MiB
2026/08/03 19:56:33.495, 67.83 W, 71, 93 %, 3452 MiB
2026/08/03 19:56:34.502, 73.13 W, 73, 91 %, 3452 MiB
2026/08/03 19:56:35.507, 66.63 W, 73, 90 %, 3452 MiB
2026/08/03 19:56:36.510, 61.90 W, 72, 90 %, 3452 MiB
2026/08/03 19:56:37.514, 73.47 W, 71, 90 %, 3452 MiB
2026/08/03 19:56:38.517, 76.92 W, 73, 91 %, 3452 MiB
2026/08/03 19:56:39.525, 76.52 W, 73, 92 %, 3452 MiB
2026/08/03 19:56:40.528, 58.94 W, 72, 90 %, 3452 MiB
2026/08/03 19:56:41.532, 74.17 W, 71, 90 %, 3452 MiB
2026/08/03 19:56:42.537, 73.08 W, 73, 90 %, 3452 MiB
2026/08/03 19:56:43.541, 75.68 W, 73, 93 %, 3452 MiB
2026/08/03 19:56:44.545, 75.55 W, 72, 89 %, 1152 MiB
2026/08/03 19:56:45.554, 38.23 W, 68, 78 %, 1866 MiB
2026/08/03 19:56:46.556, 74.03 W, 72, 55 %, 3448 MiB
2026/08/03 19:56:47.562, 76.35 W, 72, 46 %, 3452 MiB
2026/08/03 19:56:48.567, 71.43 W, 72, 91 %, 3452 MiB
2026/08/03 19:56:49.571, 59.61 W, 71, 90 %, 3452 MiB
2026/08/03 19:56:50.575, 76.87 W, 73, 90 %, 3452 MiB
2026/08/03 19:56:51.581, 74.32 W, 72, 90 %, 3452 MiB
2026/08/03 19:56:52.585, 59.11 W, 72, 93 %, 3452 MiB
2026/08/03 19:56:53.588, 72.64 W, 71, 89 %, 3452 MiB
2026/08/03 19:56:54.595, 74.95 W, 73, 90 %, 3452 MiB
2026/08/03 19:56:55.599, 75.89 W, 72, 90 %, 3452 MiB
2026/08/03 19:56:56.603, 59.44 W, 72, 93 %, 3452 MiB
2026/08/03 19:56:57.610, 74.85 W, 71, 90 %, 3452 MiB
2026/08/03 19:56:58.613, 74.27 W, 73, 90 %, 3452 MiB
2026/08/03 19:56:59.617, 75.05 W, 73, 90 %, 3452 MiB
2026/08/03 19:57:00.621, 61.18 W, 72, 93 %, 3452 MiB
2026/08/03 19:57:01.625, 69.13 W, 71, 90 %, 3452 MiB
2026/08/03 19:57:02.630, 73.21 W, 73, 90 %, 3452 MiB
2026/08/03 19:57:03.634, 77.74 W, 73, 90 %, 3452 MiB
2026/08/03 19:57:04.638, 66.42 W, 72, 91 %, 3452 MiB
2026/08/03 19:57:05.643, 73.77 W, 71, 92 %, 3452 MiB
2026/08/03 19:57:06.646, 77.15 W, 73, 90 %, 3452 MiB
2026/08/03 19:57:07.650, 69.14 W, 73, 90 %, 3452 MiB
2026/08/03 19:57:08.654, 61.79 W, 72, 90 %, 3452 MiB
2026/08/03 19:57:09.658, 72.72 W, 72, 92 %, 3452 MiB
2026/08/03 19:57:10.663, 76.93 W, 73, 90 %, 3452 MiB
2026/08/03 19:57:11.668, 73.33 W, 72, 90 %, 1850 MiB
2026/08/03 19:57:12.672, 37.41 W, 68, 72 %, 1854 MiB
2026/08/03 19:57:13.675, 63.61 W, 71, 40 %, 3460 MiB
2026/08/03 19:57:14.682, 73.14 W, 73, 71 %, 3460 MiB
2026/08/03 19:57:15.685, 76.07 W, 72, 90 %, 3460 MiB
2026/08/03 19:57:16.689, 73.74 W, 72, 90 %, 3460 MiB
2026/08/03 19:57:17.697, 58.29 W, 71, 90 %, 3460 MiB
2026/08/03 19:57:18.702, 73.19 W, 72, 93 %, 3460 MiB
2026/08/03 19:57:19.706, 75.18 W, 72, 90 %, 3460 MiB
2026/08/03 19:57:20.715, 59.08 W, 72, 90 %, 3460 MiB
2026/08/03 19:57:21.719, 73.96 W, 71, 90 %, 3460 MiB
2026/08/03 19:57:22.724, 75.55 W, 72, 93 %, 3460 MiB
2026/08/03 19:57:23.728, 75.98 W, 72, 90 %, 3460 MiB
2026/08/03 19:57:24.738, 59.69 W, 73, 90 %, 3460 MiB
2026/08/03 19:57:25.742, 74.91 W, 71, 90 %, 3460 MiB
2026/08/03 19:57:26.746, 73.74 W, 72, 93 %, 3460 MiB
2026/08/03 19:57:27.751, 75.30 W, 73, 90 %, 3460 MiB
2026/08/03 19:57:28.755, 59.88 W, 72, 89 %, 3460 MiB
2026/08/03 19:57:29.760, 73.33 W, 70, 90 %, 3460 MiB
2026/08/03 19:57:30.766, 73.06 W, 73, 91 %, 3460 MiB
2026/08/03 19:57:31.770, 75.04 W, 73, 91 %, 3460 MiB
2026/08/03 19:57:32.774, 62.17 W, 72, 90 %, 3460 MiB
2026/08/03 19:57:33.782, 71.71 W, 71, 90 %, 3460 MiB
2026/08/03 19:57:34.785, 73.77 W, 73, 91 %, 3460 MiB
2026/08/03 19:57:35.792, 75.69 W, 73, 91 %, 3460 MiB
2026/08/03 19:57:36.799, 61.62 W, 72, 90 %, 3460 MiB
2026/08/03 19:57:37.802, 73.23 W, 72, 90 %, 3460 MiB
2026/08/03 19:57:38.806, 71.99 W, 69, 90 %, 1860 MiB
2026/08/03 19:57:39.809, 35.03 W, 68, 63 %, 1862 MiB
2026/08/03 19:57:40.812, 59.88 W, 72, 29 %, 3446 MiB
2026/08/03 19:57:41.816, 75.74 W, 71, 89 %, 3448 MiB
2026/08/03 19:57:42.824, 73.94 W, 72, 90 %, 3450 MiB
2026/08/03 19:57:43.828, 75.37 W, 72, 92 %, 3450 MiB
2026/08/03 19:57:44.832, 61.94 W, 72, 91 %, 3450 MiB
2026/08/03 19:57:45.838, 67.51 W, 71, 90 %, 3450 MiB
2026/08/03 19:57:46.843, 72.89 W, 72, 90 %, 3450 MiB
2026/08/03 19:57:47.847, 77.82 W, 72, 90 %, 3450 MiB
2026/08/03 19:57:48.854, 70.44 W, 72, 93 %, 3450 MiB
2026/08/03 19:57:49.858, 60.01 W, 71, 90 %, 3450 MiB
2026/08/03 19:57:50.863, 73.03 W, 73, 90 %, 3450 MiB
2026/08/03 19:57:51.868, 76.63 W, 72, 90 %, 3450 MiB
2026/08/03 19:57:52.872, 73.90 W, 72, 92 %, 3450 MiB
2026/08/03 19:57:53.876, 72.97 W, 71, 90 %, 3450 MiB
2026/08/03 19:57:54.881, 75.49 W, 72, 90 %, 3450 MiB
2026/08/03 19:57:55.886, 75.69 W, 73, 90 %, 3450 MiB
2026/08/03 19:57:56.890, 60.04 W, 73, 93 %, 3450 MiB
2026/08/03 19:57:57.895, 75.76 W, 71, 90 %, 3450 MiB
2026/08/03 19:57:58.901, 73.60 W, 72, 90 %, 3450 MiB
2026/08/03 19:57:59.906, 75.06 W, 72, 90 %, 3450 MiB
2026/08/03 19:58:00.910, 60.92 W, 73, 92 %, 3450 MiB
2026/08/03 19:58:01.914, 75.94 W, 71, 91 %, 3450 MiB
2026/08/03 19:58:02.917, 73.85 W, 72, 90 %, 3450 MiB
2026/08/03 19:58:03.923, 76.57 W, 73, 90 %, 3450 MiB
2026/08/03 19:58:04.927, 63.10 W, 72, 91 %, 3450 MiB
2026/08/03 19:58:05.931, 58.84 W, 72, 79 %, 1864 MiB
2026/08/03 19:58:06.938, 34.83 W, 67, 71 %, 1874 MiB
2026/08/03 19:58:07.942, 72.96 W, 72, 33 %, 3448 MiB
2026/08/03 19:58:08.946, 76.07 W, 72, 90 %, 3450 MiB
2026/08/03 19:58:09.952, 74.21 W, 72, 91 %, 3450 MiB
2026/08/03 19:58:10.958, 73.02 W, 72, 92 %, 3450 MiB
2026/08/03 19:58:11.963, 76.40 W, 72, 90 %, 3450 MiB
2026/08/03 19:58:12.967, 63.71 W, 73, 90 %, 3450 MiB
2026/08/03 19:58:13.971, 64.10 W, 72, 90 %, 3450 MiB
2026/08/03 19:58:14.974, 72.36 W, 72, 93 %, 3450 MiB
2026/08/03 19:58:15.980, 76.81 W, 72, 90 %, 3452 MiB
2026/08/03 19:58:16.984, 75.68 W, 73, 90 %, 3452 MiB
2026/08/03 19:58:17.988, 58.29 W, 72, 90 %, 3452 MiB
2026/08/03 19:58:18.992, 74.97 W, 72, 93 %, 3452 MiB
2026/08/03 19:58:19.996, 74.78 W, 72, 90 %, 3452 MiB
2026/08/03 19:58:21.002, 75.82 W, 73, 90 %, 3452 MiB
2026/08/03 19:58:22.006, 60.59 W, 72, 89 %, 3452 MiB
2026/08/03 19:58:23.010, 75.55 W, 73, 92 %, 3452 MiB
2026/08/03 19:58:24.016, 75.36 W, 72, 91 %, 3452 MiB
2026/08/03 19:58:25.021, 61.25 W, 73, 90 %, 3452 MiB
2026/08/03 19:58:26.025, 74.76 W, 72, 90 %, 3452 MiB
2026/08/03 19:58:27.030, 73.69 W, 73, 91 %, 3452 MiB
2026/08/03 19:58:28.034, 76.81 W, 72, 93 %, 3452 MiB
2026/08/03 19:58:29.038, 63.59 W, 73, 90 %, 3452 MiB
2026/08/03 19:58:30.043, 68.24 W, 72, 90 %, 3452 MiB
2026/08/03 19:58:31.047, 73.77 W, 73, 90 %, 3452 MiB
2026/08/03 19:58:32.053, 77.74 W, 72, 93 %, 3452 MiB
2026/08/03 19:58:33.059, 73.10 W, 72, 75 %, 1830 MiB
2026/08/03 19:58:34.064, 34.64 W, 67, 49 %, 1842 MiB
2026/08/03 19:58:35.069, 68.84 W, 71, 55 %, 3438 MiB
2026/08/03 19:58:36.073, 73.15 W, 72, 89 %, 3438 MiB
2026/08/03 19:58:37.077, 76.64 W, 72, 93 %, 3438 MiB
2026/08/03 19:58:38.085, 68.31 W, 72, 90 %, 3438 MiB
2026/08/03 19:58:39.089, 60.19 W, 71, 90 %, 3440 MiB
2026/08/03 19:58:40.093, 72.09 W, 72, 90 %, 3440 MiB
2026/08/03 19:58:41.102, 76.56 W, 72, 93 %, 3440 MiB
2026/08/03 19:58:42.105, 60.16 W, 72, 90 %, 3440 MiB
2026/08/03 19:58:43.109, 72.77 W, 71, 90 %, 3440 MiB
2026/08/03 19:58:44.117, 75.21 W, 72, 90 %, 3440 MiB
2026/08/03 19:58:45.122, 75.92 W, 73, 92 %, 3440 MiB
2026/08/03 19:58:46.125, 57.13 W, 72, 91 %, 3440 MiB
2026/08/03 19:58:47.131, 74.79 W, 71, 90 %, 3440 MiB
2026/08/03 19:58:48.134, 75.15 W, 72, 90 %, 3440 MiB
2026/08/03 19:58:49.139, 75.82 W, 73, 92 %, 3440 MiB
2026/08/03 19:58:50.145, 60.92 W, 72, 91 %, 3440 MiB
2026/08/03 19:58:51.149, 76.53 W, 71, 90 %, 3440 MiB
2026/08/03 19:58:52.152, 73.18 W, 73, 90 %, 3440 MiB
2026/08/03 19:58:53.161, 74.68 W, 73, 90 %, 3440 MiB
2026/08/03 19:58:54.165, 61.03 W, 72, 93 %, 3440 MiB
2026/08/03 19:58:55.169, 73.18 W, 71, 90 %, 3440 MiB
2026/08/03 19:58:56.176, 74.22 W, 73, 90 %, 3440 MiB
2026/08/03 19:58:57.180, 62.28 W, 73, 90 %, 3440 MiB
2026/08/03 19:58:58.184, 69.49 W, 72, 92 %, 3440 MiB
2026/08/03 19:58:59.192, 73.22 W, 71, 90 %, 3440 MiB
2026/08/03 19:59:00.196, 58.36 W, 69, 71 %, 1864 MiB
2026/08/03 19:59:01.199, 34.69 W, 68, 29 %, 1874 MiB
2026/08/03 19:59:02.203, 61.63 W, 72, 79 %, 3448 MiB
2026/08/03 19:59:03.207, 70.98 W, 72, 93 %, 3448 MiB
2026/08/03 19:59:04.211, 73.44 W, 72, 90 %, 3448 MiB
2026/08/03 19:59:05.219, 77.66 W, 72, 90 %, 3452 MiB
2026/08/03 19:59:06.224, 69.23 W, 72, 90 %, 3452 MiB
2026/08/03 19:59:07.228, 59.81 W, 72, 93 %, 3452 MiB
2026/08/03 19:59:08.234, 73.33 W, 73, 90 %, 3452 MiB
2026/08/03 19:59:09.240, 75.58 W, 72, 90 %, 3452 MiB
2026/08/03 19:59:10.246, 74.73 W, 72, 90 %, 3452 MiB
2026/08/03 19:59:11.250, 58.87 W, 72, 92 %, 3452 MiB
2026/08/03 19:59:12.258, 74.33 W, 73, 91 %, 3452 MiB
2026/08/03 19:59:13.263, 73.58 W, 72, 90 %, 3452 MiB
2026/08/03 19:59:14.268, 58.44 W, 72, 90 %, 3452 MiB
2026/08/03 19:59:15.272, 74.53 W, 71, 91 %, 3452 MiB
2026/08/03 19:59:16.278, 73.35 W, 73, 92 %, 3452 MiB
2026/08/03 19:59:17.281, 76.03 W, 72, 90 %, 3452 MiB
2026/08/03 19:59:18.286, 59.38 W, 72, 90 %, 3452 MiB
2026/08/03 19:59:19.290, 73.36 W, 72, 90 %, 3452 MiB
2026/08/03 19:59:20.294, 72.49 W, 73, 93 %, 3452 MiB
2026/08/03 19:59:21.299, 76.26 W, 72, 90 %, 3452 MiB
2026/08/03 19:59:22.303, 64.14 W, 72, 90 %, 3452 MiB
2026/08/03 19:59:23.307, 65.89 W, 72, 90 %, 3452 MiB
2026/08/03 19:59:24.314, 73.52 W, 73, 90 %, 3452 MiB
2026/08/03 19:59:25.318, 77.18 W, 72, 93 %, 3452 MiB
2026/08/03 19:59:26.322, 77.11 W, 73, 89 %, 3452 MiB
2026/08/03 19:59:27.326, 65.41 W, 71, 90 %, 1858 MiB
2026/08/03 19:59:28.330, 74.94 W, 70, 61 %, 2952 MiB
2026/08/03 19:59:29.334, 73.46 W, 72, 27 %, 3470 MiB
2026/08/03 19:59:30.339, 59.20 W, 72, 93 %, 3470 MiB
2026/08/03 19:59:31.343, 75.26 W, 72, 90 %, 3470 MiB
2026/08/03 19:59:32.347, 73.27 W, 72, 90 %, 3470 MiB
2026/08/03 19:59:33.352, 75.91 W, 72, 90 %, 3470 MiB
2026/08/03 19:59:34.357, 62.92 W, 73, 93 %, 3470 MiB
2026/08/03 19:59:35.361, 69.78 W, 72, 90 %, 3470 MiB
2026/08/03 19:59:36.368, 71.66 W, 73, 90 %, 3470 MiB
2026/08/03 19:59:37.373, 75.37 W, 72, 89 %, 3470 MiB
2026/08/03 19:59:38.377, 65.89 W, 72, 93 %, 3470 MiB
2026/08/03 19:59:39.382, 63.53 W, 72, 90 %, 3470 MiB
2026/08/03 19:59:40.388, 73.71 W, 73, 90 %, 3472 MiB
2026/08/03 19:59:41.392, 77.30 W, 72, 89 %, 3472 MiB
2026/08/03 19:59:42.399, 70.02 W, 73, 93 %, 3472 MiB
2026/08/03 19:59:43.402, 59.36 W, 71, 90 %, 3472 MiB
2026/08/03 19:59:44.407, 73.29 W, 73, 90 %, 3472 MiB
2026/08/03 19:59:45.414, 75.64 W, 72, 90 %, 3472 MiB
2026/08/03 19:59:46.418, 58.61 W, 73, 91 %, 3472 MiB
2026/08/03 19:59:47.422, 74.35 W, 71, 92 %, 3472 MiB
2026/08/03 19:59:48.431, 74.60 W, 72, 90 %, 3472 MiB
2026/08/03 19:59:49.435, 76.24 W, 72, 90 %, 3472 MiB
2026/08/03 19:59:50.439, 60.76 W, 73, 90 %, 3472 MiB
2026/08/03 19:59:51.445, 75.51 W, 71, 93 %, 3472 MiB
2026/08/03 19:59:52.449, 74.10 W, 73, 90 %, 3472 MiB
2026/08/03 19:59:53.453, 68.78 W, 70, 90 %, 3474 MiB
2026/08/03 19:59:54.456, 73.97 W, 72, 78 %, 1862 MiB
2026/08/03 19:59:55.460, 58.03 W, 71, 61 %, 3446 MiB
2026/08/03 19:59:56.464, 74.14 W, 72, 41 %, 3446 MiB
2026/08/03 19:59:57.468, 75.07 W, 72, 90 %, 3448 MiB
2026/08/03 19:59:58.474, 75.69 W, 73, 90 %, 3448 MiB
2026/08/03 19:59:59.479, 59.25 W, 72, 90 %, 3450 MiB
2026/08/03 20:00:00.484, 76.00 W, 73, 92 %, 3450 MiB
2026/08/03 20:00:01.487, 75.88 W, 72, 90 %, 3450 MiB
2026/08/03 20:00:02.492, 60.74 W, 73, 89 %, 3450 MiB
2026/08/03 20:00:03.497, 76.73 W, 73, 90 %, 3454 MiB
2026/08/03 20:00:04.501, 72.70 W, 73, 93 %, 3454 MiB
2026/08/03 20:00:05.506, 75.21 W, 72, 90 %, 3454 MiB
2026/08/03 20:00:06.512, 60.05 W, 73, 90 %, 3454 MiB
2026/08/03 20:00:07.516, 72.15 W, 72, 90 %, 3454 MiB
2026/08/03 20:00:08.519, 73.70 W, 73, 93 %, 3454 MiB
2026/08/03 20:00:09.526, 77.01 W, 73, 90 %, 3454 MiB
2026/08/03 20:00:10.530, 66.39 W, 73, 90 %, 3454 MiB
2026/08/03 20:00:11.534, 61.74 W, 72, 90 %, 3454 MiB
2026/08/03 20:00:12.542, 73.50 W, 73, 92 %, 3454 MiB
2026/08/03 20:00:13.545, 77.17 W, 73, 90 %, 3454 MiB
2026/08/03 20:00:14.549, 72.70 W, 73, 90 %, 3454 MiB
2026/08/03 20:00:15.554, 59.09 W, 72, 90 %, 3454 MiB
2026/08/03 20:00:16.559, 73.57 W, 73, 91 %, 3454 MiB
2026/08/03 20:00:17.563, 75.11 W, 73, 92 %, 3454 MiB
2026/08/03 20:00:18.571, 59.02 W, 73, 90 %, 3454 MiB
2026/08/03 20:00:19.574, 73.82 W, 72, 90 %, 3454 MiB
2026/08/03 20:00:20.579, 40.86 W, 69, 90 %, 3160 MiB
2026/08/03 20:00:21.582, 71.79 W, 70, 71 %, 1860 MiB
2026/08/03 20:00:22.585, 75.83 W, 72, 48 %, 3446 MiB
2026/08/03 20:00:23.589, 61.30 W, 72, 64 %, 3450 MiB
2026/08/03 20:00:24.594, 75.84 W, 71, 90 %, 3450 MiB
2026/08/03 20:00:25.597, 74.91 W, 73, 90 %, 3452 MiB
2026/08/03 20:00:26.603, 75.79 W, 73, 93 %, 3452 MiB
2026/08/03 20:00:27.606, 60.27 W, 72, 90 %, 3452 MiB
2026/08/03 20:00:28.610, 76.51 W, 72, 90 %, 3452 MiB
2026/08/03 20:00:29.617, 72.98 W, 73, 90 %, 3452 MiB
2026/08/03 20:00:30.621, 73.83 W, 73, 92 %, 3452 MiB
2026/08/03 20:00:31.625, 76.43 W, 72, 90 %, 3452 MiB
2026/08/03 20:00:32.629, 72.64 W, 73, 90 %, 3452 MiB
2026/08/03 20:00:33.632, 76.07 W, 72, 90 %, 3452 MiB
2026/08/03 20:00:34.641, 62.39 W, 73, 92 %, 3452 MiB
2026/08/03 20:00:35.645, 71.20 W, 72, 90 %, 3452 MiB
2026/08/03 20:00:36.649, 73.12 W, 73, 90 %, 3452 MiB
2026/08/03 20:00:37.655, 76.15 W, 72, 90 %, 3452 MiB
2026/08/03 20:00:38.661, 63.89 W, 73, 92 %, 3452 MiB
2026/08/03 20:00:39.666, 64.27 W, 72, 91 %, 3452 MiB
2026/08/03 20:00:40.670, 74.44 W, 73, 90 %, 3452 MiB
2026/08/03 20:00:41.673, 78.25 W, 73, 90 %, 3452 MiB
2026/08/03 20:00:42.677, 69.31 W, 73, 91 %, 3452 MiB
2026/08/03 20:00:43.684, 60.85 W, 72, 92 %, 3452 MiB
2026/08/03 20:00:44.689, 73.57 W, 73, 90 %, 3452 MiB
2026/08/03 20:00:45.693, 76.69 W, 73, 90 %, 3452 MiB
2026/08/03 20:00:46.699, 62.00 W, 73, 90 %, 3452 MiB
2026/08/03 20:00:47.702, 33.83 W, 72, 92 %, 1142 MiB
2026/08/03 20:00:48.706, 51.48 W, 69, 68 %, 1854 MiB
2026/08/03 20:00:49.716, 75.02 W, 72, 27 %, 3436 MiB
2026/08/03 20:00:50.721, 63.18 W, 73, 84 %, 3440 MiB
2026/08/03 20:00:51.726, 66.10 W, 72, 92 %, 3440 MiB
2026/08/03 20:00:52.730, 73.64 W, 72, 91 %, 3440 MiB
2026/08/03 20:00:53.734, 76.73 W, 73, 89 %, 3440 MiB
2026/08/03 20:00:54.738, 64.92 W, 73, 90 %, 3440 MiB
2026/08/03 20:00:55.742, 63.63 W, 72, 90 %, 3440 MiB
2026/08/03 20:00:56.750, 74.02 W, 73, 92 %, 3440 MiB
2026/08/03 20:00:57.754, 77.57 W, 73, 90 %, 3440 MiB
2026/08/03 20:00:58.757, 71.30 W, 73, 90 %, 3440 MiB
2026/08/03 20:00:59.763, 58.05 W, 72, 90 %, 3440 MiB
2026/08/03 20:01:00.766, 72.52 W, 73, 93 %, 3440 MiB
2026/08/03 20:01:01.770, 75.30 W, 73, 90 %, 3440 MiB
2026/08/03 20:01:02.774, 59.51 W, 73, 90 %, 3440 MiB
2026/08/03 20:01:03.779, 73.28 W, 72, 90 %, 3440 MiB
2026/08/03 20:01:04.785, 75.13 W, 73, 93 %, 3440 MiB
2026/08/03 20:01:05.789, 75.70 W, 73, 90 %, 3440 MiB
2026/08/03 20:01:06.793, 62.04 W, 73, 90 %, 3440 MiB
2026/08/03 20:01:07.799, 74.96 W, 72, 90 %, 3440 MiB
2026/08/03 20:01:08.803, 74.12 W, 73, 92 %, 3440 MiB
2026/08/03 20:01:09.807, 75.81 W, 73, 90 %, 3440 MiB
2026/08/03 20:01:10.813, 59.16 W, 73, 90 %, 3440 MiB
2026/08/03 20:01:11.817, 74.15 W, 71, 90 %, 3440 MiB
2026/08/03 20:01:12.821, 72.97 W, 73, 92 %, 3440 MiB
2026/08/03 20:01:13.830, 75.31 W, 73, 91 %, 3440 MiB
2026/08/03 20:01:14.833, 77.93 W, 72, 87 %, 1148 MiB
2026/08/03 20:01:15.837, 38.27 W, 69, 65 %, 1862 MiB
2026/08/03 20:01:16.840, 73.35 W, 71, 28 %, 3448 MiB
2026/08/03 20:01:17.848, 73.47 W, 73, 92 %, 3448 MiB
2026/08/03 20:01:18.852, 60.81 W, 73, 91 %, 3448 MiB
2026/08/03 20:01:19.856, 70.76 W, 72, 90 %, 3448 MiB
2026/08/03 20:01:20.859, 74.04 W, 72, 90 %, 3448 MiB
2026/08/03 20:01:21.863, 76.01 W, 73, 91 %, 3450 MiB
2026/08/03 20:01:22.870, 64.07 W, 73, 92 %, 3450 MiB
2026/08/03 20:01:23.875, 66.10 W, 72, 90 %, 3450 MiB
2026/08/03 20:01:24.879, 73.57 W, 73, 90 %, 3450 MiB
2026/08/03 20:01:25.883, 77.54 W, 72, 89 %, 3450 MiB
2026/08/03 20:01:26.888, 68.65 W, 73, 92 %, 3450 MiB
2026/08/03 20:01:27.892, 60.35 W, 73, 90 %, 3450 MiB
2026/08/03 20:01:28.898, 73.22 W, 73, 90 %, 3452 MiB
2026/08/03 20:01:29.903, 75.10 W, 73, 90 %, 3452 MiB
2026/08/03 20:01:30.908, 76.23 W, 73, 93 %, 3452 MiB
2026/08/03 20:01:31.912, 59.71 W, 72, 90 %, 3452 MiB
2026/08/03 20:01:32.916, 75.46 W, 74, 90 %, 3452 MiB
2026/08/03 20:01:33.919, 75.77 W, 73, 90 %, 3452 MiB
2026/08/03 20:01:34.926, 58.63 W, 73, 92 %, 3452 MiB
2026/08/03 20:01:35.930, 73.88 W, 72, 90 %, 3452 MiB
2026/08/03 20:01:36.934, 74.54 W, 73, 90 %, 3452 MiB
2026/08/03 20:01:37.943, 76.20 W, 73, 89 %, 3452 MiB
2026/08/03 20:01:38.948, 60.25 W, 73, 92 %, 3452 MiB
2026/08/03 20:01:39.952, 75.70 W, 71, 90 %, 3452 MiB
2026/08/03 20:01:40.960, 74.28 W, 73, 90 %, 3452 MiB
2026/08/03 20:01:41.964, 74.46 W, 71, 79 %, 1860 MiB
2026/08/03 20:01:42.968, 34.99 W, 68, 58 %, 1860 MiB
2026/08/03 20:01:43.970, 59.74 W, 72, 45 %, 3448 MiB
2026/08/03 20:01:44.974, 74.79 W, 72, 89 %, 3450 MiB
2026/08/03 20:01:45.978, 75.15 W, 73, 90 %, 3450 MiB
2026/08/03 20:01:46.983, 76.18 W, 73, 90 %, 3450 MiB
2026/08/03 20:01:47.987, 61.22 W, 73, 93 %, 3450 MiB
2026/08/03 20:01:48.991, 75.75 W, 73, 91 %, 3450 MiB
2026/08/03 20:01:50.000, 74.79 W, 73, 90 %, 3450 MiB
2026/08/03 20:01:51.005, 59.69 W, 73, 90 %, 3450 MiB
2026/08/03 20:01:52.009, 75.62 W, 73, 91 %, 3450 MiB
2026/08/03 20:01:53.016, 73.36 W, 73, 92 %, 3450 MiB
2026/08/03 20:01:54.019, 75.80 W, 73, 90 %, 3450 MiB
2026/08/03 20:01:55.024, 62.69 W, 73, 90 %, 3450 MiB
2026/08/03 20:01:56.028, 65.85 W, 73, 90 %, 3452 MiB
2026/08/03 20:01:57.032, 73.13 W, 74, 93 %, 3452 MiB
2026/08/03 20:01:58.036, 76.96 W, 73, 90 %, 3452 MiB
2026/08/03 20:01:59.041, 68.76 W, 73, 90 %, 3452 MiB
2026/08/03 20:02:00.045, 63.20 W, 72, 90 %, 3452 MiB
2026/08/03 20:02:01.051, 73.30 W, 73, 93 %, 3452 MiB
2026/08/03 20:02:02.059, 77.10 W, 73, 93 %, 3452 MiB
2026/08/03 20:02:03.063, 75.96 W, 73, 90 %, 3452 MiB
2026/08/03 20:02:04.067, 57.90 W, 72, 90 %, 3452 MiB
2026/08/03 20:02:05.072, 75.46 W, 73, 90 %, 3452 MiB
2026/08/03 20:02:06.076, 76.54 W, 73, 93 %, 3452 MiB
2026/08/03 20:02:07.081, 60.29 W, 73, 90 %, 3452 MiB
2026/08/03 20:02:08.085, 75.63 W, 72, 90 %, 3452 MiB
2026/08/03 20:02:09.090, 53.05 W, 70, 90 %, 1828 MiB
2026/08/03 20:02:10.093, 34.86 W, 68, 71 %, 1842 MiB
2026/08/03 20:02:11.096, 76.22 W, 73, 44 %, 3432 MiB
2026/08/03 20:02:12.100, 59.88 W, 73, 68 %, 3438 MiB
2026/08/03 20:02:13.104, 74.65 W, 72, 90 %, 3438 MiB
2026/08/03 20:02:14.108, 73.75 W, 73, 90 %, 3438 MiB
2026/08/03 20:02:15.112, 75.32 W, 74, 92 %, 3440 MiB
2026/08/03 20:02:16.118, 61.46 W, 73, 91 %, 3440 MiB
2026/08/03 20:02:17.122, 71.11 W, 72, 90 %, 3440 MiB
2026/08/03 20:02:18.125, 73.56 W, 74, 90 %, 3440 MiB
2026/08/03 20:02:19.133, 76.86 W, 74, 90 %, 3440 MiB
2026/08/03 20:02:20.137, 69.42 W, 73, 93 %, 3440 MiB
2026/08/03 20:02:21.141, 73.39 W, 72, 90 %, 3440 MiB
2026/08/03 20:02:22.144, 77.43 W, 73, 90 %, 3440 MiB
2026/08/03 20:02:23.148, 68.53 W, 74, 90 %, 3440 MiB
2026/08/03 20:02:24.154, 60.62 W, 73, 93 %, 3440 MiB
2026/08/03 20:02:25.158, 72.40 W, 73, 90 %, 3440 MiB
2026/08/03 20:02:26.161, 76.29 W, 74, 90 %, 3440 MiB
2026/08/03 20:02:27.169, 75.40 W, 74, 90 %, 3440 MiB
2026/08/03 20:02:28.173, 59.08 W, 73, 93 %, 3440 MiB
2026/08/03 20:02:29.178, 73.43 W, 73, 90 %, 3440 MiB
2026/08/03 20:02:30.181, 75.35 W, 73, 90 %, 3440 MiB
2026/08/03 20:02:31.186, 75.96 W, 73, 90 %, 3440 MiB
2026/08/03 20:02:32.190, 60.90 W, 73, 92 %, 3440 MiB
2026/08/03 20:02:33.194, 75.89 W, 73, 91 %, 3440 MiB
2026/08/03 20:02:34.197, 74.53 W, 73, 90 %, 3440 MiB
2026/08/03 20:02:35.203, 61.45 W, 73, 90 %, 3440 MiB
2026/08/03 20:02:36.207, 53.01 W, 72, 90 %, 1864 MiB
2026/08/03 20:02:37.211, 34.94 W, 68, 62 %, 1874 MiB
2026/08/03 20:02:38.214, 75.21 W, 73, 29 %, 3478 MiB
2026/08/03 20:02:39.219, 75.88 W, 73, 90 %, 3478 MiB
2026/08/03 20:02:40.222, 61.01 W, 73, 90 %, 3478 MiB
2026/08/03 20:02:41.229, 76.53 W, 71, 90 %, 3478 MiB
2026/08/03 20:02:42.233, 73.21 W, 73, 93 %, 3478 MiB
2026/08/03 20:02:43.237, 75.49 W, 73, 90 %, 3478 MiB
2026/08/03 20:02:44.245, 63.43 W, 73, 90 %, 3478 MiB
2026/08/03 20:02:45.249, 63.93 W, 72, 90 %, 3478 MiB
2026/08/03 20:02:46.253, 73.09 W, 73, 93 %, 3478 MiB
2026/08/03 20:02:47.262, 77.22 W, 73, 90 %, 3478 MiB
2026/08/03 20:02:48.266, 74.44 W, 73, 90 %, 3478 MiB
2026/08/03 20:02:49.270, 73.56 W, 72, 90 %, 3478 MiB
2026/08/03 20:02:50.277, 75.45 W, 73, 92 %, 3478 MiB
2026/08/03 20:02:51.281, 76.12 W, 73, 91 %, 3478 MiB
2026/08/03 20:02:52.285, 60.93 W, 73, 90 %, 3478 MiB
2026/08/03 20:02:53.293, 74.16 W, 72, 90 %, 3478 MiB
2026/08/03 20:02:54.297, 73.90 W, 73, 91 %, 3478 MiB
2026/08/03 20:02:55.302, 74.99 W, 73, 92 %, 3478 MiB
2026/08/03 20:02:56.309, 59.69 W, 73, 90 %, 3478 MiB
2026/08/03 20:02:57.313, 73.04 W, 72, 90 %, 3478 MiB
2026/08/03 20:02:58.318, 73.44 W, 73, 90 %, 3478 MiB
2026/08/03 20:02:59.327, 76.40 W, 73, 93 %, 3478 MiB
2026/08/03 20:03:00.331, 63.72 W, 73, 90 %, 3478 MiB
2026/08/03 20:03:01.335, 64.04 W, 72, 90 %, 3478 MiB
2026/08/03 20:03:02.341, 72.91 W, 74, 90 %, 3478 MiB
2026/08/03 20:03:03.347, 54.67 W, 70, 79 %, 1860 MiB
2026/08/03 20:03:04.350, 34.62 W, 68, 67 %, 1874 MiB
2026/08/03 20:03:05.353, 63.37 W, 72, 36 %, 3446 MiB
2026/08/03 20:03:06.362, 73.83 W, 72, 90 %, 3450 MiB
2026/08/03 20:03:07.365, 76.25 W, 73, 90 %, 3450 MiB
2026/08/03 20:03:08.370, 68.05 W, 74, 93 %, 3450 MiB
2026/08/03 20:03:09.376, 61.26 W, 73, 90 %, 3450 MiB
2026/08/03 20:03:10.380, 72.17 W, 72, 90 %, 3450 MiB
2026/08/03 20:03:11.383, 76.99 W, 74, 89 %, 3450 MiB
2026/08/03 20:03:12.392, 75.35 W, 73, 92 %, 3450 MiB
2026/08/03 20:03:13.396, 57.80 W, 73, 91 %, 3450 MiB
2026/08/03 20:03:14.399, 74.15 W, 72, 90 %, 3450 MiB
2026/08/03 20:03:15.403, 75.21 W, 73, 90 %, 3452 MiB
2026/08/03 20:03:16.407, 76.32 W, 74, 91 %, 3452 MiB
2026/08/03 20:03:17.411, 60.29 W, 73, 91 %, 3452 MiB
2026/08/03 20:03:18.418, 74.05 W, 73, 90 %, 3452 MiB
2026/08/03 20:03:19.422, 73.62 W, 73, 90 %, 3452 MiB
2026/08/03 20:03:20.427, 74.61 W, 74, 90 %, 3452 MiB
2026/08/03 20:03:21.432, 60.09 W, 73, 93 %, 3452 MiB
2026/08/03 20:03:22.436, 74.02 W, 73, 90 %, 3452 MiB
2026/08/03 20:03:23.440, 74.15 W, 73, 90 %, 3452 MiB
2026/08/03 20:03:24.446, 61.05 W, 74, 90 %, 3452 MiB
2026/08/03 20:03:25.450, 69.50 W, 73, 93 %, 3452 MiB
2026/08/03 20:03:26.455, 73.90 W, 74, 90 %, 3452 MiB
2026/08/03 20:03:27.459, 76.15 W, 73, 90 %, 3452 MiB
2026/08/03 20:03:28.464, 66.30 W, 73, 89 %, 3452 MiB
2026/08/03 20:03:29.470, 60.83 W, 73, 93 %, 3452 MiB
2026/08/03 20:03:30.473, 35.38 W, 71, 73 %, 1860 MiB
2026/08/03 20:03:31.477, 37.68 W, 71, 48 %, 2890 MiB
2026/08/03 20:03:32.482, 74.99 W, 73, 56 %, 3446 MiB
2026/08/03 20:03:33.490, 61.16 W, 73, 90 %, 3450 MiB
2026/08/03 20:03:34.493, 72.30 W, 72, 93 %, 3450 MiB
2026/08/03 20:03:35.497, 73.78 W, 73, 90 %, 3450 MiB
2026/08/03 20:03:36.502, 76.94 W, 74, 90 %, 3450 MiB
2026/08/03 20:03:37.505, 68.31 W, 73, 90 %, 3450 MiB
2026/08/03 20:03:38.511, 73.35 W, 72, 93 %, 3450 MiB
2026/08/03 20:03:39.514, 77.17 W, 73, 91 %, 3450 MiB
2026/08/03 20:03:40.519, 67.52 W, 74, 89 %, 3450 MiB
2026/08/03 20:03:41.526, 63.06 W, 72, 90 %, 3450 MiB
2026/08/03 20:03:42.530, 76.71 W, 73, 87 %, 3452 MiB
2026/08/03 20:03:43.535, 67.78 W, 73, 86 %, 3452 MiB
2026/08/03 20:03:44.540, 60.95 W, 73, 90 %, 3452 MiB
2026/08/03 20:03:45.544, 72.70 W, 73, 92 %, 3452 MiB
2026/08/03 20:03:46.547, 75.74 W, 73, 92 %, 3452 MiB
2026/08/03 20:03:47.557, 75.67 W, 74, 90 %, 3452 MiB
2026/08/03 20:03:48.561, 58.89 W, 73, 90 %, 3452 MiB
2026/08/03 20:03:49.565, 74.51 W, 73, 90 %, 3452 MiB
2026/08/03 20:03:50.571, 75.02 W, 73, 93 %, 3452 MiB
2026/08/03 20:03:51.576, 75.90 W, 74, 90 %, 3452 MiB
2026/08/03 20:03:52.579, 74.38 W, 73, 90 %, 3452 MiB
2026/08/03 20:03:53.587, 74.08 W, 74, 90 %, 3452 MiB
2026/08/03 20:03:54.592, 74.36 W, 73, 93 %, 3452 MiB
2026/08/03 20:03:55.597, 59.81 W, 73, 90 %, 3452 MiB
2026/08/03 20:03:56.605, 63.05 W, 73, 90 %, 3452 MiB
2026/08/03 20:03:57.609, 36.50 W, 71, 71 %, 1862 MiB
2026/08/03 20:03:58.614, 34.70 W, 71, 36 %, 2888 MiB
2026/08/03 20:03:59.620, 74.92 W, 73, 74 %, 3450 MiB
2026/08/03 20:04:00.630, 59.49 W, 73, 90 %, 3450 MiB
2026/08/03 20:04:01.634, 73.43 W, 72, 90 %, 3452 MiB
2026/08/03 20:04:02.638, 73.14 W, 73, 90 %, 3452 MiB
2026/08/03 20:04:03.646, 75.58 W, 73, 93 %, 3452 MiB
2026/08/03 20:04:04.650, 66.25 W, 73, 91 %, 3452 MiB
2026/08/03 20:04:05.654, 62.27 W, 72, 90 %, 3452 MiB
2026/08/03 20:04:06.659, 74.13 W, 73, 90 %, 3452 MiB
2026/08/03 20:04:07.663, 77.11 W, 73, 91 %, 3452 MiB
2026/08/03 20:04:08.668, 60.06 W, 73, 92 %, 3452 MiB
2026/08/03 20:04:09.672, 72.56 W, 72, 90 %, 3452 MiB
2026/08/03 20:04:10.676, 75.11 W, 73, 90 %, 3452 MiB
2026/08/03 20:04:11.683, 75.38 W, 73, 90 %, 3452 MiB
2026/08/03 20:04:12.688, 60.48 W, 73, 93 %, 3452 MiB
2026/08/03 20:04:13.691, 75.82 W, 72, 90 %, 3452 MiB
2026/08/03 20:04:14.698, 72.16 W, 73, 91 %, 3452 MiB
2026/08/03 20:04:15.703, 75.23 W, 74, 90 %, 3452 MiB
2026/08/03 20:04:16.707, 59.89 W, 74, 93 %, 3452 MiB
2026/08/03 20:04:17.713, 73.12 W, 72, 90 %, 3452 MiB
2026/08/03 20:04:18.717, 73.80 W, 73, 90 %, 3452 MiB
2026/08/03 20:04:19.721, 76.02 W, 73, 90 %, 3452 MiB
2026/08/03 20:04:20.730, 63.50 W, 73, 92 %, 3452 MiB
2026/08/03 20:04:21.734, 63.74 W, 72, 91 %, 3452 MiB
2026/08/03 20:04:22.737, 73.35 W, 74, 90 %, 3452 MiB
2026/08/03 20:04:23.744, 53.53 W, 71, 90 %, 3452 MiB
2026/08/03 20:04:24.747, 69.45 W, 73, 61 %, 1852 MiB
2026/08/03 20:04:25.750, 75.06 W, 72, 29 %, 3466 MiB
2026/08/03 20:04:26.754, 73.46 W, 73, 91 %, 3468 MiB
2026/08/03 20:04:27.758, 75.32 W, 73, 90 %, 3470 MiB
2026/08/03 20:04:28.764, 61.89 W, 73, 90 %, 3470 MiB
2026/08/03 20:04:29.768, 68.21 W, 73, 92 %, 3470 MiB
2026/08/03 20:04:30.771, 73.23 W, 74, 91 %, 3470 MiB
2026/08/03 20:04:31.775, 76.17 W, 73, 90 %, 3470 MiB
2026/08/03 20:04:32.783, 66.84 W, 73, 90 %, 3470 MiB
2026/08/03 20:04:33.787, 61.55 W, 73, 91 %, 3470 MiB
2026/08/03 20:04:34.791, 72.78 W, 74, 92 %, 3470 MiB
2026/08/03 20:04:35.795, 76.77 W, 73, 90 %, 3470 MiB
2026/08/03 20:04:36.799, 73.22 W, 73, 90 %, 3470 MiB
2026/08/03 20:04:37.803, 57.73 W, 72, 90 %, 3470 MiB
2026/08/03 20:04:38.810, 74.25 W, 73, 93 %, 3470 MiB
2026/08/03 20:04:39.814, 74.96 W, 73, 90 %, 3470 MiB
2026/08/03 20:04:40.818, 59.08 W, 74, 90 %, 3470 MiB
2026/08/03 20:04:41.825, 73.79 W, 73, 90 %, 3470 MiB
2026/08/03 20:04:42.832, 74.88 W, 73, 90 %, 3470 MiB
2026/08/03 20:04:43.836, 75.96 W, 73, 93 %, 3470 MiB
2026/08/03 20:04:44.841, 60.94 W, 73, 90 %, 3470 MiB
2026/08/03 20:04:45.844, 74.79 W, 72, 90 %, 3470 MiB
2026/08/03 20:04:46.848, 74.12 W, 74, 90 %, 3470 MiB
2026/08/03 20:04:47.854, 75.29 W, 73, 93 %, 3470 MiB
2026/08/03 20:04:48.858, 60.38 W, 73, 90 %, 3470 MiB
2026/08/03 20:04:49.861, 72.33 W, 72, 90 %, 3470 MiB
2026/08/03 20:04:50.866, 33.81 W, 70, 90 %, 3470 MiB
2026/08/03 20:04:51.868, 60.64 W, 71, 78 %, 1862 MiB
2026/08/03 20:04:52.874, 75.37 W, 72, 66 %, 3446 MiB
2026/08/03 20:04:53.880, 59.71 W, 72, 37 %, 3448 MiB
2026/08/03 20:04:54.884, 75.66 W, 73, 90 %, 3450 MiB
2026/08/03 20:04:55.888, 74.53 W, 73, 90 %, 3450 MiB
2026/08/03 20:04:56.895, 59.39 W, 73, 93 %, 3450 MiB
2026/08/03 20:04:57.899, 76.48 W, 73, 90 %, 3450 MiB
2026/08/03 20:04:58.903, 74.14 W, 74, 90 %, 3450 MiB
2026/08/03 20:04:59.907, 75.34 W, 73, 89 %, 3450 MiB
2026/08/03 20:05:00.911, 60.02 W, 73, 92 %, 3450 MiB
2026/08/03 20:05:01.916, 69.50 W, 73, 91 %, 3450 MiB
2026/08/03 20:05:02.920, 73.58 W, 74, 90 %, 3450 MiB
2026/08/03 20:05:03.924, 75.31 W, 73, 89 %, 3450 MiB
2026/08/03 20:05:04.933, 67.08 W, 73, 91 %, 3450 MiB
2026/08/03 20:05:05.937, 61.86 W, 72, 92 %, 3450 MiB
2026/08/03 20:05:06.942, 73.65 W, 73, 90 %, 3450 MiB
2026/08/03 20:05:07.947, 76.95 W, 73, 90 %, 3450 MiB
2026/08/03 20:05:08.952, 72.86 W, 73, 90 %, 3450 MiB
2026/08/03 20:05:09.956, 56.77 W, 72, 93 %, 3450 MiB
2026/08/03 20:05:10.963, 77.59 W, 73, 90 %, 3450 MiB
2026/08/03 20:05:11.967, 71.57 W, 73, 90 %, 3450 MiB
2026/08/03 20:05:12.971, 58.45 W, 73, 90 %, 3450 MiB
2026/08/03 20:05:13.976, 73.12 W, 72, 93 %, 3450 MiB
2026/08/03 20:05:14.980, 74.93 W, 74, 90 %, 3450 MiB
2026/08/03 20:05:15.983, 75.72 W, 73, 90 %, 3450 MiB
2026/08/03 20:05:16.990, 60.53 W, 73, 90 %, 3450 MiB
2026/08/03 20:05:17.994, 34.79 W, 72, 93 %, 1150 MiB
2026/08/03 20:05:18.998, 37.93 W, 69, 73 %, 1862 MiB
2026/08/03 20:05:20.001, 76.99 W, 72, 48 %, 3428 MiB
2026/08/03 20:05:21.011, 70.73 W, 73, 56 %, 3428 MiB
2026/08/03 20:05:22.014, 60.29 W, 73, 89 %, 3430 MiB
2026/08/03 20:05:23.018, 73.05 W, 73, 93 %, 3430 MiB
2026/08/03 20:05:24.025, 76.21 W, 73, 90 %, 3430 MiB
2026/08/03 20:05:25.035, 76.04 W, 73, 90 %, 3430 MiB
2026/08/03 20:05:26.039, 58.06 W, 73, 90 %, 3430 MiB
2026/08/03 20:05:27.043, 74.61 W, 74, 93 %, 3430 MiB
2026/08/03 20:05:28.046, 75.10 W, 73, 90 %, 3430 MiB
2026/08/03 20:05:29.049, 60.80 W, 73, 90 %, 3430 MiB
2026/08/03 20:05:30.054, 75.03 W, 73, 90 %, 3430 MiB
2026/08/03 20:05:31.062, 73.88 W, 74, 93 %, 3430 MiB
2026/08/03 20:05:32.066, 74.54 W, 73, 90 %, 3430 MiB
2026/08/03 20:05:33.069, 60.79 W, 73, 90 %, 3430 MiB
2026/08/03 20:05:34.074, 72.50 W, 72, 90 %, 3430 MiB
2026/08/03 20:05:35.080, 73.39 W, 74, 91 %, 3430 MiB
2026/08/03 20:05:36.083, 76.34 W, 73, 92 %, 3430 MiB
2026/08/03 20:05:37.091, 66.83 W, 73, 90 %, 3430 MiB
2026/08/03 20:05:38.095, 60.76 W, 73, 90 %, 3430 MiB
2026/08/03 20:05:39.100, 72.08 W, 74, 90 %, 3430 MiB
2026/08/03 20:05:40.107, 76.42 W, 73, 93 %, 3430 MiB
2026/08/03 20:05:41.110, 76.17 W, 73, 90 %, 3430 MiB
2026/08/03 20:05:42.114, 59.11 W, 73, 90 %, 3432 MiB
2026/08/03 20:05:43.118, 74.55 W, 74, 90 %, 3432 MiB
2026/08/03 20:05:44.122, 76.09 W, 73, 92 %, 3432 MiB
2026/08/03 20:05:45.128, 71.17 W, 73, 90 %, 1830 MiB
2026/08/03 20:05:46.132, 36.96 W, 69, 70 %, 1832 MiB
2026/08/03 20:05:47.135, 73.70 W, 72, 28 %, 3428 MiB
2026/08/03 20:05:48.139, 76.40 W, 73, 78 %, 3436 MiB
2026/08/03 20:05:49.145, 65.74 W, 73, 93 %, 3436 MiB
2026/08/03 20:05:50.149, 64.93 W, 73, 90 %, 3436 MiB
2026/08/03 20:05:51.154, 73.35 W, 73, 90 %, 3436 MiB
2026/08/03 20:05:52.161, 77.64 W, 73, 90 %, 3438 MiB
2026/08/03 20:05:53.167, 73.54 W, 73, 93 %, 3440 MiB
2026/08/03 20:05:54.171, 56.99 W, 73, 90 %, 3440 MiB
2026/08/03 20:05:55.177, 73.43 W, 73, 90 %, 3440 MiB
2026/08/03 20:05:56.181, 74.55 W, 73, 90 %, 3440 MiB
2026/08/03 20:05:57.186, 76.36 W, 73, 93 %, 3440 MiB
2026/08/03 20:05:58.190, 61.31 W, 73, 90 %, 3440 MiB
2026/08/03 20:05:59.194, 76.12 W, 73, 91 %, 3440 MiB
2026/08/03 20:06:00.198, 76.07 W, 73, 90 %, 3440 MiB
2026/08/03 20:06:01.205, 60.70 W, 73, 91 %, 3440 MiB
2026/08/03 20:06:02.209, 75.63 W, 72, 92 %, 3440 MiB
2026/08/03 20:06:03.213, 73.73 W, 74, 90 %, 3440 MiB
2026/08/03 20:06:04.216, 74.57 W, 73, 90 %, 3440 MiB
2026/08/03 20:06:05.221, 60.33 W, 73, 90 %, 3440 MiB
2026/08/03 20:06:06.225, 71.48 W, 72, 93 %, 3440 MiB
2026/08/03 20:06:07.230, 72.96 W, 73, 90 %, 3440 MiB
2026/08/03 20:06:08.234, 76.05 W, 73, 90 %, 3440 MiB
2026/08/03 20:06:09.238, 63.13 W, 73, 90 %, 3440 MiB
2026/08/03 20:06:10.246, 67.16 W, 72, 93 %, 3440 MiB
2026/08/03 20:06:11.251, 74.00 W, 73, 90 %, 3440 MiB
2026/08/03 20:06:12.255, 65.33 W, 71, 90 %, 1860 MiB
2026/08/03 20:06:13.261, 34.89 W, 68, 62 %, 1862 MiB
2026/08/03 20:06:14.266, 66.29 W, 72, 28 %, 3448 MiB
2026/08/03 20:06:15.270, 62.89 W, 71, 93 %, 3450 MiB
2026/08/03 20:06:16.274, 76.36 W, 73, 89 %, 3450 MiB
2026/08/03 20:06:17.279, 66.19 W, 73, 90 %, 3450 MiB
2026/08/03 20:06:18.283, 62.80 W, 72, 90 %, 3450 MiB
2026/08/03 20:06:19.288, 72.71 W, 71, 93 %, 3450 MiB
2026/08/03 20:06:20.291, 77.45 W, 73, 90 %, 3450 MiB
2026/08/03 20:06:21.296, 70.44 W, 73, 90 %, 3450 MiB
2026/08/03 20:06:22.304, 58.31 W, 72, 90 %, 3450 MiB
2026/08/03 20:06:23.309, 72.79 W, 72, 93 %, 3450 MiB
2026/08/03 20:06:24.312, 75.10 W, 73, 91 %, 3450 MiB
2026/08/03 20:06:25.320, 76.00 W, 73, 90 %, 3450 MiB
2026/08/03 20:06:26.324, 60.81 W, 72, 90 %, 3450 MiB
2026/08/03 20:06:27.328, 75.75 W, 72, 91 %, 3450 MiB
2026/08/03 20:06:28.333, 73.51 W, 73, 91 %, 3450 MiB
2026/08/03 20:06:29.337, 74.91 W, 73, 90 %, 3450 MiB
2026/08/03 20:06:30.340, 59.73 W, 72, 90 %, 3450 MiB
2026/08/03 20:06:31.345, 73.84 W, 73, 90 %, 3450 MiB
2026/08/03 20:06:32.349, 74.69 W, 73, 93 %, 3450 MiB
2026/08/03 20:06:33.355, 60.13 W, 73, 90 %, 3450 MiB
2026/08/03 20:06:34.359, 75.57 W, 73, 90 %, 3450 MiB
2026/08/03 20:06:35.363, 72.33 W, 74, 90 %, 3450 MiB
2026/08/03 20:06:36.367, 76.25 W, 73, 93 %, 3450 MiB
2026/08/03 20:06:37.371, 61.69 W, 73, 90 %, 3450 MiB
2026/08/03 20:06:38.375, 69.47 W, 72, 90 %, 3450 MiB
2026/08/03 20:06:39.383, 41.20 W, 69, 78 %, 1856 MiB
2026/08/03 20:06:40.386, 34.86 W, 68, 62 %, 1860 MiB
2026/08/03 20:06:41.389, 75.14 W, 73, 40 %, 3466 MiB
2026/08/03 20:06:42.394, 61.19 W, 72, 90 %, 3466 MiB
2026/08/03 20:06:43.397, 74.96 W, 73, 90 %, 3468 MiB
2026/08/03 20:06:44.401, 73.68 W, 73, 91 %, 3468 MiB
2026/08/03 20:06:45.408, 73.99 W, 73, 92 %, 3468 MiB
2026/08/03 20:06:46.415, 60.34 W, 72, 90 %, 3468 MiB
2026/08/03 20:06:47.419, 73.68 W, 73, 90 %, 3468 MiB
2026/08/03 20:06:48.422, 75.29 W, 73, 90 %, 3470 MiB
2026/08/03 20:06:49.431, 61.28 W, 73, 93 %, 3470 MiB
2026/08/03 20:06:50.435, 73.37 W, 72, 90 %, 3470 MiB
2026/08/03 20:06:51.439, 73.36 W, 74, 90 %, 3470 MiB
2026/08/03 20:06:52.445, 75.01 W, 73, 89 %, 3470 MiB
2026/08/03 20:06:53.448, 60.75 W, 73, 92 %, 3470 MiB
2026/08/03 20:06:54.452, 70.61 W, 72, 90 %, 3470 MiB
2026/08/03 20:06:55.458, 73.18 W, 73, 90 %, 3470 MiB
2026/08/03 20:06:56.462, 76.61 W, 73, 90 %, 3470 MiB
2026/08/03 20:06:57.466, 66.86 W, 73, 93 %, 3472 MiB
2026/08/03 20:06:58.474, 61.99 W, 72, 90 %, 3472 MiB
2026/08/03 20:06:59.480, 72.50 W, 73, 90 %, 3472 MiB
2026/08/03 20:07:00.483, 77.11 W, 73, 90 %, 3472 MiB
2026/08/03 20:07:01.489, 74.33 W, 73, 93 %, 3472 MiB
2026/08/03 20:07:02.493, 59.50 W, 72, 91 %, 3472 MiB
2026/08/03 20:07:03.497, 76.30 W, 73, 90 %, 3472 MiB
2026/08/03 20:07:04.502, 76.47 W, 73, 90 %, 3472 MiB
2026/08/03 20:07:05.506, 58.76 W, 73, 91 %, 3472 MiB
2026/08/03 20:07:06.509, 36.79 W, 72, 72 %, 1862 MiB
2026/08/03 20:07:07.516, 34.94 W, 68, 48 %, 1874 MiB
2026/08/03 20:07:08.519, 77.49 W, 73, 59 %, 3428 MiB
2026/08/03 20:07:09.523, 69.39 W, 73, 90 %, 3430 MiB
2026/08/03 20:07:10.527, 60.49 W, 72, 92 %, 3430 MiB
2026/08/03 20:07:11.531, 72.74 W, 73, 91 %, 3430 MiB
2026/08/03 20:07:12.535, 76.20 W, 73, 90 %, 3430 MiB
2026/08/03 20:07:13.543, 75.29 W, 74, 90 %, 3430 MiB
2026/08/03 20:07:14.547, 59.45 W, 73, 91 %, 3430 MiB
2026/08/03 20:07:15.551, 73.86 W, 73, 91 %, 3432 MiB
2026/08/03 20:07:16.559, 75.46 W, 73, 90 %, 3432 MiB
2026/08/03 20:07:17.567, 76.33 W, 73, 90 %, 3432 MiB
2026/08/03 20:07:18.570, 58.11 W, 72, 90 %, 3432 MiB
2026/08/03 20:07:19.576, 75.69 W, 74, 92 %, 3432 MiB
2026/08/03 20:07:20.583, 75.90 W, 73, 90 %, 3432 MiB
2026/08/03 20:07:21.587, 56.81 W, 73, 89 %, 3432 MiB
2026/08/03 20:07:22.591, 75.12 W, 72, 90 %, 3432 MiB
2026/08/03 20:07:23.599, 73.93 W, 73, 93 %, 3432 MiB
2026/08/03 20:07:24.604, 74.58 W, 73, 90 %, 3432 MiB
2026/08/03 20:07:25.608, 62.35 W, 73, 90 %, 3432 MiB
2026/08/03 20:07:26.613, 75.26 W, 72, 90 %, 3432 MiB
2026/08/03 20:07:27.617, 74.09 W, 73, 90 %, 3432 MiB
2026/08/03 20:07:28.622, 76.59 W, 73, 93 %, 3432 MiB
2026/08/03 20:07:29.627, 63.09 W, 73, 90 %, 3432 MiB
2026/08/03 20:07:30.631, 68.13 W, 72, 90 %, 3432 MiB
2026/08/03 20:07:31.635, 73.59 W, 73, 90 %, 3432 MiB
2026/08/03 20:07:32.640, 77.30 W, 73, 93 %, 3432 MiB
2026/08/03 20:07:33.644, 72.55 W, 73, 90 %, 1862 MiB
2026/08/03 20:07:34.647, 34.74 W, 68, 70 %, 1874 MiB
2026/08/03 20:07:35.650, 71.75 W, 72, 28 %, 3430 MiB
2026/08/03 20:07:36.654, 75.56 W, 73, 81 %, 3430 MiB
2026/08/03 20:07:37.658, 63.36 W, 74, 93 %, 3430 MiB
2026/08/03 20:07:38.663, 67.49 W, 73, 90 %, 3430 MiB
2026/08/03 20:07:39.666, 73.29 W, 73, 90 %, 3430 MiB
2026/08/03 20:07:40.670, 77.80 W, 73, 90 %, 3430 MiB
2026/08/03 20:07:41.676, 69.17 W, 74, 92 %, 3430 MiB
2026/08/03 20:07:42.681, 59.38 W, 73, 91 %, 3430 MiB
2026/08/03 20:07:43.684, 73.23 W, 72, 90 %, 3430 MiB
2026/08/03 20:07:44.692, 75.11 W, 73, 90 %, 3430 MiB
2026/08/03 20:07:45.696, 75.81 W, 74, 90 %, 3430 MiB
2026/08/03 20:07:46.699, 59.96 W, 73, 93 %, 3430 MiB
2026/08/03 20:07:47.705, 74.96 W, 73, 90 %, 3430 MiB
2026/08/03 20:07:48.708, 75.42 W, 73, 90 %, 3430 MiB
2026/08/03 20:07:49.713, 74.46 W, 74, 90 %, 3430 MiB
2026/08/03 20:07:50.721, 60.99 W, 73, 93 %, 3430 MiB
2026/08/03 20:07:51.725, 75.07 W, 74, 90 %, 3430 MiB
2026/08/03 20:07:52.731, 75.54 W, 73, 90 %, 3430 MiB
2026/08/03 20:07:53.737, 60.64 W, 74, 90 %, 3430 MiB
2026/08/03 20:07:54.741, 75.31 W, 73, 93 %, 3430 MiB
2026/08/03 20:07:55.745, 73.45 W, 74, 90 %, 3430 MiB
2026/08/03 20:07:56.754, 75.09 W, 73, 90 %, 3430 MiB
2026/08/03 20:07:57.759, 63.20 W, 74, 90 %, 3430 MiB
2026/08/03 20:07:58.763, 65.40 W, 73, 92 %, 3430 MiB
2026/08/03 20:07:59.769, 73.38 W, 73, 91 %, 3430 MiB
2026/08/03 20:08:00.772, 54.78 W, 70, 87 %, 1852 MiB
2026/08/03 20:08:01.775, 34.67 W, 68, 65 %, 1868 MiB
2026/08/03 20:08:02.778, 63.68 W, 73, 26 %, 3458 MiB
2026/08/03 20:08:03.782, 65.36 W, 71, 93 %, 3462 MiB
2026/08/03 20:08:04.787, 73.48 W, 73, 91 %, 3462 MiB
2026/08/03 20:08:05.792, 77.28 W, 73, 90 %, 3462 MiB
2026/08/03 20:08:06.796, 60.35 W, 73, 90 %, 3462 MiB
2026/08/03 20:08:07.800, 72.52 W, 71, 91 %, 3462 MiB
2026/08/03 20:08:08.804, 76.28 W, 73, 93 %, 3462 MiB
2026/08/03 20:08:09.809, 76.52 W, 73, 90 %, 3462 MiB
2026/08/03 20:08:10.815, 59.21 W, 73, 90 %, 3462 MiB
2026/08/03 20:08:11.819, 73.45 W, 72, 90 %, 3462 MiB
2026/08/03 20:08:12.822, 74.60 W, 73, 92 %, 3462 MiB
2026/08/03 20:08:13.827, 75.76 W, 74, 90 %, 3462 MiB
2026/08/03 20:08:14.830, 61.19 W, 73, 90 %, 3462 MiB
2026/08/03 20:08:15.837, 75.73 W, 72, 90 %, 3462 MiB
2026/08/03 20:08:16.840, 73.49 W, 74, 92 %, 3462 MiB
2026/08/03 20:08:17.844, 75.91 W, 74, 90 %, 3462 MiB
2026/08/03 20:08:18.851, 61.16 W, 73, 89 %, 3462 MiB
2026/08/03 20:08:19.855, 75.57 W, 74, 90 %, 3462 MiB
2026/08/03 20:08:20.859, 75.71 W, 73, 93 %, 3462 MiB
2026/08/03 20:08:21.865, 60.41 W, 74, 89 %, 3462 MiB
2026/08/03 20:08:22.869, 75.58 W, 73, 90 %, 3462 MiB
2026/08/03 20:08:23.873, 73.68 W, 74, 90 %, 3462 MiB
2026/08/03 20:08:24.876, 75.52 W, 73, 92 %, 3462 MiB
2026/08/03 20:08:25.880, 59.64 W, 73, 90 %, 3462 MiB
2026/08/03 20:08:26.886, 64.12 W, 73, 90 %, 3462 MiB
2026/08/03 20:08:27.890, 37.01 W, 70, 78 %, 1864 MiB
2026/08/03 20:08:28.894, 38.58 W, 71, 60 %, 2890 MiB
2026/08/03 20:08:29.899, 75.52 W, 73, 45 %, 3446 MiB
2026/08/03 20:08:30.904, 60.66 W, 73, 90 %, 3448 MiB
2026/08/03 20:08:31.907, 71.43 W, 71, 90 %, 3448 MiB
2026/08/03 20:08:32.911, 73.51 W, 73, 90 %, 3448 MiB
2026/08/03 20:08:33.916, 75.75 W, 73, 92 %, 3450 MiB
2026/08/03 20:08:34.919, 63.95 W, 73, 91 %, 3450 MiB
2026/08/03 20:08:35.926, 73.29 W, 72, 90 %, 3450 MiB
2026/08/03 20:08:36.930, 77.22 W, 73, 90 %, 3450 MiB
2026/08/03 20:08:37.935, 68.81 W, 73, 90 %, 3450 MiB
2026/08/03 20:08:38.938, 60.70 W, 73, 93 %, 3450 MiB
2026/08/03 20:08:39.942, 72.59 W, 72, 90 %, 3450 MiB
2026/08/03 20:08:40.946, 75.76 W, 73, 90 %, 3450 MiB
2026/08/03 20:08:41.952, 76.14 W, 73, 90 %, 3450 MiB
2026/08/03 20:08:42.956, 57.52 W, 73, 93 %, 3450 MiB
2026/08/03 20:08:43.961, 74.66 W, 72, 90 %, 3450 MiB
2026/08/03 20:08:44.964, 74.04 W, 73, 90 %, 3450 MiB
2026/08/03 20:08:45.968, 74.31 W, 73, 90 %, 3452 MiB
2026/08/03 20:08:46.972, 59.91 W, 73, 92 %, 3452 MiB
2026/08/03 20:08:47.976, 72.48 W, 72, 91 %, 3452 MiB
2026/08/03 20:08:48.980, 73.49 W, 73, 90 %, 3452 MiB
2026/08/03 20:08:49.985, 63.00 W, 73, 90 %, 3452 MiB
2026/08/03 20:08:50.988, 67.66 W, 73, 91 %, 3452 MiB
2026/08/03 20:08:51.994, 73.62 W, 72, 92 %, 3452 MiB
2026/08/03 20:08:52.997, 76.84 W, 73, 90 %, 3452 MiB
2026/08/03 20:08:54.002, 76.69 W, 72, 89 %, 3452 MiB
2026/08/03 20:08:55.007, 68.25 W, 72, 72 %, 1864 MiB
2026/08/03 20:08:56.012, 76.66 W, 70, 41 %, 3446 MiB
2026/08/03 20:08:57.017, 73.52 W, 73, 69 %, 3452 MiB
2026/08/03 20:08:58.021, 76.09 W, 73, 90 %, 3452 MiB
2026/08/03 20:08:59.029, 62.51 W, 73, 90 %, 3452 MiB
2026/08/03 20:09:00.033, 66.41 W, 72, 91 %, 3452 MiB
2026/08/03 20:09:01.037, 73.20 W, 73, 92 %, 3452 MiB
2026/08/03 20:09:02.044, 77.14 W, 73, 90 %, 3452 MiB
2026/08/03 20:09:03.048, 68.56 W, 73, 90 %, 3452 MiB
2026/08/03 20:09:04.052, 60.45 W, 71, 90 %, 3452 MiB
2026/08/03 20:09:05.058, 72.58 W, 73, 93 %, 3452 MiB
2026/08/03 20:09:06.063, 75.57 W, 73, 90 %, 3452 MiB
2026/08/03 20:09:07.067, 57.99 W, 73, 90 %, 3452 MiB
2026/08/03 20:09:08.073, 73.85 W, 72, 90 %, 3452 MiB
2026/08/03 20:09:09.078, 74.77 W, 73, 93 %, 3452 MiB
2026/08/03 20:09:10.082, 75.89 W, 73, 90 %, 3452 MiB
2026/08/03 20:09:11.088, 60.66 W, 73, 90 %, 3452 MiB
2026/08/03 20:09:12.092, 76.37 W, 72, 90 %, 3452 MiB
2026/08/03 20:09:13.097, 73.95 W, 73, 92 %, 3452 MiB
2026/08/03 20:09:14.102, 74.19 W, 73, 91 %, 3452 MiB
2026/08/03 20:09:15.106, 59.48 W, 73, 90 %, 3452 MiB
2026/08/03 20:09:16.111, 73.08 W, 71, 90 %, 3452 MiB
2026/08/03 20:09:17.116, 73.13 W, 73, 91 %, 3452 MiB
2026/08/03 20:09:18.122, 76.27 W, 73, 92 %, 3452 MiB
2026/08/03 20:09:19.125, 64.97 W, 73, 90 %, 3452 MiB
2026/08/03 20:09:20.131, 62.46 W, 71, 90 %, 3452 MiB
2026/08/03 20:09:21.135, 62.29 W, 69, 90 %, 3452 MiB
2026/08/03 20:09:22.139, 72.66 W, 70, 62 %, 1830 MiB
2026/08/03 20:09:23.143, 58.40 W, 72, 30 %, 3428 MiB
2026/08/03 20:09:24.146, 73.97 W, 72, 89 %, 3440 MiB
2026/08/03 20:09:25.152, 73.75 W, 73, 90 %, 3440 MiB
2026/08/03 20:09:26.155, 76.09 W, 72, 90 %, 3440 MiB
2026/08/03 20:09:27.161, 63.47 W, 73, 93 %, 3440 MiB
2026/08/03 20:09:28.164, 63.64 W, 73, 90 %, 3440 MiB
2026/08/03 20:09:29.169, 73.83 W, 73, 90 %, 3440 MiB
2026/08/03 20:09:30.172, 77.34 W, 73, 90 %, 3440 MiB
2026/08/03 20:09:31.176, 73.55 W, 73, 93 %, 3440 MiB
2026/08/03 20:09:32.180, 58.38 W, 72, 90 %, 3440 MiB
2026/08/03 20:09:33.188, 72.77 W, 73, 90 %, 3440 MiB
2026/08/03 20:09:34.191, 75.04 W, 73, 90 %, 3440 MiB
2026/08/03 20:09:35.196, 56.88 W, 73, 93 %, 3440 MiB
2026/08/03 20:09:36.204, 73.22 W, 71, 89 %, 3440 MiB
2026/08/03 20:09:37.209, 74.73 W, 73, 91 %, 3440 MiB
2026/08/03 20:09:38.213, 76.29 W, 73, 90 %, 3440 MiB
2026/08/03 20:09:39.221, 60.44 W, 73, 92 %, 3440 MiB
2026/08/03 20:09:40.225, 75.47 W, 72, 91 %, 3440 MiB
2026/08/03 20:09:41.230, 73.82 W, 73, 90 %, 3440 MiB
2026/08/03 20:09:42.236, 74.41 W, 73, 90 %, 3440 MiB
2026/08/03 20:09:43.239, 60.59 W, 73, 91 %, 3440 MiB
2026/08/03 20:09:44.243, 72.52 W, 71, 93 %, 3440 MiB
2026/08/03 20:09:45.252, 73.31 W, 73, 90 %, 3440 MiB
2026/08/03 20:09:46.256, 76.80 W, 72, 90 %, 3440 MiB
2026/08/03 20:09:47.260, 65.38 W, 73, 90 %, 3440 MiB
2026/08/03 20:09:48.266, 57.38 W, 72, 78 %, 1146 MiB
2026/08/03 20:09:49.270, 35.20 W, 69, 70 %, 1858 MiB
2026/08/03 20:09:50.273, 73.80 W, 72, 32 %, 3450 MiB
2026/08/03 20:09:51.278, 74.38 W, 72, 90 %, 3450 MiB
2026/08/03 20:09:52.285, 60.06 W, 72, 91 %, 3450 MiB
2026/08/03 20:09:53.289, 74.29 W, 72, 93 %, 3450 MiB
2026/08/03 20:09:54.293, 75.57 W, 72, 90 %, 3450 MiB
2026/08/03 20:09:55.301, 62.41 W, 73, 90 %, 3450 MiB
2026/08/03 20:09:56.304, 67.21 W, 72, 90 %, 3450 MiB
2026/08/03 20:09:57.308, 73.94 W, 72, 93 %, 3450 MiB
2026/08/03 20:09:58.315, 77.25 W, 73, 90 %, 3454 MiB
2026/08/03 20:09:59.320, 70.71 W, 73, 90 %, 3454 MiB
2026/08/03 20:10:00.323, 59.50 W, 72, 90 %, 3454 MiB
2026/08/03 20:10:01.327, 72.64 W, 72, 93 %, 3454 MiB
2026/08/03 20:10:02.331, 75.33 W, 72, 93 %, 3454 MiB
2026/08/03 20:10:03.337, 76.29 W, 73, 90 %, 3454 MiB
2026/08/03 20:10:04.341, 60.79 W, 72, 90 %, 3454 MiB
2026/08/03 20:10:05.345, 75.29 W, 73, 90 %, 3454 MiB
2026/08/03 20:10:06.350, 73.28 W, 72, 91 %, 3454 MiB
2026/08/03 20:10:07.354, 61.19 W, 73, 92 %, 3454 MiB
2026/08/03 20:10:08.358, 76.83 W, 72, 90 %, 3454 MiB
2026/08/03 20:10:09.366, 74.11 W, 73, 90 %, 3454 MiB
2026/08/03 20:10:10.370, 76.08 W, 72, 90 %, 3454 MiB
2026/08/03 20:10:11.375, 61.51 W, 73, 93 %, 3454 MiB
2026/08/03 20:10:12.382, 69.18 W, 72, 90 %, 3454 MiB
2026/08/03 20:10:13.386, 73.17 W, 73, 90 %, 3454 MiB
2026/08/03 20:10:14.390, 77.44 W, 72, 90 %, 3454 MiB
2026/08/03 20:10:15.400, 75.40 W, 72, 93 %, 1860 MiB
2026/08/03 20:10:16.406, 38.13 W, 68, 74 %, 1864 MiB
2026/08/03 20:10:17.409, 72.82 W, 71, 48 %, 3448 MiB
2026/08/03 20:10:18.413, 72.89 W, 72, 56 %, 3450 MiB
2026/08/03 20:10:19.419, 75.48 W, 73, 89 %, 3450 MiB
2026/08/03 20:10:20.424, 60.73 W, 72, 92 %, 3450 MiB
2026/08/03 20:10:21.427, 67.64 W, 71, 90 %, 3450 MiB
2026/08/03 20:10:22.432, 73.06 W, 73, 90 %, 3450 MiB
2026/08/03 20:10:23.436, 77.49 W, 73, 90 %, 3450 MiB
2026/08/03 20:10:24.440, 66.60 W, 72, 93 %, 3450 MiB
2026/08/03 20:10:25.446, 73.17 W, 71, 90 %, 3450 MiB
2026/08/03 20:10:26.450, 76.30 W, 73, 90 %, 3450 MiB
2026/08/03 20:10:27.453, 65.35 W, 73, 90 %, 3450 MiB
2026/08/03 20:10:28.458, 63.68 W, 72, 93 %, 3450 MiB
2026/08/03 20:10:29.462, 73.80 W, 72, 89 %, 3450 MiB
2026/08/03 20:10:30.466, 77.45 W, 73, 91 %, 3450 MiB
2026/08/03 20:10:31.473, 71.17 W, 73, 90 %, 3450 MiB
2026/08/03 20:10:32.477, 58.67 W, 72, 92 %, 3450 MiB
2026/08/03 20:10:33.481, 73.41 W, 72, 90 %, 3450 MiB
2026/08/03 20:10:34.486, 74.80 W, 72, 90 %, 3450 MiB
2026/08/03 20:10:35.491, 77.11 W, 73, 90 %, 3450 MiB
2026/08/03 20:10:36.495, 60.39 W, 72, 91 %, 3450 MiB
2026/08/03 20:10:37.503, 75.32 W, 73, 92 %, 3450 MiB
2026/08/03 20:10:38.507, 73.77 W, 73, 90 %, 3450 MiB
2026/08/03 20:10:39.512, 74.68 W, 73, 90 %, 3450 MiB
2026/08/03 20:10:40.519, 75.99 W, 72, 90 %, 3450 MiB
2026/08/03 20:10:41.523, 73.54 W, 73, 93 %, 3450 MiB
2026/08/03 20:10:42.527, 75.40 W, 70, 90 %, 1866 MiB
2026/08/03 20:10:43.532, 34.99 W, 68, 71 %, 1866 MiB
2026/08/03 20:10:44.535, 60.57 W, 72, 30 %, 3430 MiB
2026/08/03 20:10:45.539, 76.32 W, 71, 78 %, 3430 MiB
2026/08/03 20:10:46.545, 73.00 W, 72, 93 %, 3430 MiB
2026/08/03 20:10:47.550, 74.07 W, 72, 90 %, 3430 MiB
2026/08/03 20:10:48.554, 61.58 W, 72, 90 %, 3430 MiB
2026/08/03 20:10:49.561, 72.12 W, 71, 90 %, 3430 MiB
2026/08/03 20:10:50.565, 72.90 W, 72, 93 %, 3430 MiB
2026/08/03 20:10:51.569, 76.29 W, 73, 90 %, 3430 MiB
2026/08/03 20:10:52.573, 65.25 W, 72, 90 %, 3430 MiB
2026/08/03 20:10:53.577, 63.97 W, 71, 90 %, 3430 MiB
2026/08/03 20:10:54.583, 76.41 W, 73, 93 %, 3430 MiB
2026/08/03 20:10:55.587, 66.43 W, 73, 90 %, 3430 MiB
2026/08/03 20:10:56.591, 64.50 W, 72, 90 %, 3430 MiB
2026/08/03 20:10:57.598, 73.26 W, 72, 89 %, 3430 MiB
2026/08/03 20:10:58.601, 77.42 W, 73, 92 %, 3430 MiB
2026/08/03 20:10:59.606, 68.13 W, 73, 90 %, 3430 MiB
2026/08/03 20:11:00.609, 61.30 W, 72, 89 %, 3432 MiB
2026/08/03 20:11:01.613, 73.01 W, 72, 90 %, 3432 MiB
2026/08/03 20:11:02.618, 77.38 W, 72, 92 %, 3432 MiB
2026/08/03 20:11:03.623, 69.81 W, 73, 90 %, 3432 MiB
2026/08/03 20:11:04.627, 60.00 W, 72, 90 %, 3432 MiB
2026/08/03 20:11:05.632, 73.88 W, 73, 89 %, 3432 MiB
2026/08/03 20:11:06.637, 76.91 W, 72, 92 %, 3432 MiB
2026/08/03 20:11:07.641, 69.05 W, 73, 91 %, 3432 MiB
2026/08/03 20:11:08.645, 59.62 W, 71, 89 %, 3432 MiB
2026/08/03 20:11:09.649, 65.23 W, 69, 90 %, 1860 MiB
2026/08/03 20:11:10.652, 34.93 W, 68, 62 %, 1862 MiB
2026/08/03 20:11:11.655, 62.45 W, 72, 30 %, 3450 MiB
2026/08/03 20:11:12.659, 72.07 W, 72, 90 %, 3450 MiB
2026/08/03 20:11:13.663, 73.48 W, 72, 90 %, 3450 MiB
2026/08/03 20:11:14.670, 76.73 W, 72, 90 %, 3450 MiB
2026/08/03 20:11:15.675, 66.50 W, 73, 92 %, 3450 MiB
2026/08/03 20:11:16.679, 62.52 W, 72, 91 %, 3450 MiB
2026/08/03 20:11:17.687, 73.25 W, 73, 90 %, 3450 MiB
2026/08/03 20:11:18.690, 76.65 W, 72, 90 %, 3450 MiB
2026/08/03 20:11:19.695, 73.08 W, 73, 91 %, 3450 MiB
2026/08/03 20:11:20.700, 58.72 W, 72, 91 %, 3450 MiB
2026/08/03 20:11:21.704, 73.92 W, 73, 90 %, 3450 MiB
2026/08/03 20:11:22.708, 74.89 W, 72, 90 %, 3450 MiB
2026/08/03 20:11:23.714, 76.52 W, 72, 90 %, 3450 MiB
2026/08/03 20:11:24.718, 58.24 W, 72, 92 %, 3450 MiB
2026/08/03 20:11:25.723, 75.30 W, 73, 90 %, 3450 MiB
2026/08/03 20:11:26.728, 76.10 W, 72, 90 %, 3450 MiB
2026/08/03 20:11:27.732, 59.99 W, 73, 89 %, 3450 MiB
2026/08/03 20:11:28.736, 75.68 W, 71, 94 %, 3450 MiB
2026/08/03 20:11:29.742, 73.79 W, 73, 90 %, 3450 MiB
2026/08/03 20:11:30.746, 74.87 W, 73, 90 %, 3450 MiB
2026/08/03 20:11:31.750, 60.45 W, 72, 90 %, 3450 MiB
2026/08/03 20:11:32.755, 73.83 W, 71, 93 %, 3450 MiB
2026/08/03 20:11:33.759, 73.01 W, 73, 90 %, 3450 MiB
2026/08/03 20:11:34.763, 75.59 W, 73, 89 %, 3450 MiB
2026/08/03 20:11:35.768, 60.99 W, 72, 90 %, 3450 MiB
2026/08/03 20:11:36.772, 58.25 W, 72, 79 %, 1850 MiB
2026/08/03 20:11:37.776, 34.85 W, 67, 67 %, 1868 MiB
2026/08/03 20:11:38.780, 73.88 W, 72, 36 %, 3436 MiB
2026/08/03 20:11:39.784, 74.06 W, 72, 90 %, 3440 MiB
2026/08/03 20:11:40.788, 74.50 W, 72, 90 %, 3440 MiB
2026/08/03 20:11:41.793, 73.57 W, 72, 93 %, 3440 MiB
2026/08/03 20:11:42.796, 74.37 W, 72, 90 %, 3440 MiB
2026/08/03 20:11:43.801, 60.61 W, 72, 89 %, 3440 MiB
2026/08/03 20:11:44.808, 71.34 W, 72, 90 %, 3440 MiB
2026/08/03 20:11:45.812, 73.22 W, 73, 92 %, 3440 MiB
2026/08/03 20:11:46.817, 76.30 W, 72, 91 %, 3440 MiB
2026/08/03 20:11:47.823, 67.03 W, 73, 89 %, 3440 MiB
2026/08/03 20:11:48.827, 62.83 W, 72, 90 %, 3440 MiB
2026/08/03 20:11:49.832, 73.12 W, 73, 91 %, 3440 MiB
2026/08/03 20:11:50.836, 77.61 W, 72, 92 %, 3440 MiB
2026/08/03 20:11:51.840, 74.13 W, 72, 90 %, 3440 MiB
2026/08/03 20:11:52.846, 58.93 W, 72, 90 %, 3440 MiB
2026/08/03 20:11:53.850, 74.05 W, 73, 90 %, 3440 MiB
2026/08/03 20:11:54.854, 76.69 W, 72, 93 %, 3440 MiB
2026/08/03 20:11:55.859, 57.10 W, 73, 90 %, 3440 MiB
2026/08/03 20:11:56.862, 73.47 W, 71, 90 %, 3440 MiB
2026/08/03 20:11:57.868, 75.08 W, 72, 90 %, 3440 MiB
2026/08/03 20:11:58.874, 75.72 W, 73, 93 %, 3440 MiB
2026/08/03 20:11:59.877, 60.68 W, 73, 90 %, 3442 MiB
2026/08/03 20:12:00.882, 75.52 W, 71, 90 %, 3442 MiB
2026/08/03 20:12:01.885, 74.26 W, 73, 90 %, 3442 MiB
2026/08/03 20:12:02.890, 74.52 W, 73, 93 %, 3442 MiB
2026/08/03 20:12:03.897, 78.49 W, 72, 74 %, 1860 MiB
2026/08/03 20:12:04.901, 34.60 W, 67, 48 %, 1874 MiB
2026/08/03 20:12:05.905, 74.10 W, 72, 56 %, 3446 MiB
2026/08/03 20:12:06.908, 74.93 W, 72, 90 %, 3446 MiB
2026/08/03 20:12:07.916, 76.73 W, 73, 93 %, 3448 MiB
2026/08/03 20:12:08.921, 60.48 W, 72, 90 %, 3448 MiB
2026/08/03 20:12:09.925, 74.79 W, 73, 90 %, 3448 MiB
2026/08/03 20:12:10.932, 74.04 W, 72, 90 %, 3448 MiB
2026/08/03 20:12:11.938, 60.38 W, 73, 93 %, 3448 MiB
2026/08/03 20:12:12.941, 75.73 W, 72, 90 %, 3448 MiB
2026/08/03 20:12:13.948, 73.87 W, 73, 89 %, 3448 MiB
2026/08/03 20:12:14.954, 74.42 W, 72, 90 %, 3448 MiB
2026/08/03 20:12:15.957, 59.82 W, 72, 92 %, 3448 MiB
2026/08/03 20:12:16.962, 72.06 W, 72, 90 %, 3452 MiB
2026/08/03 20:12:17.966, 73.26 W, 73, 90 %, 3452 MiB
2026/08/03 20:12:18.969, 76.49 W, 72, 90 %, 3452 MiB
2026/08/03 20:12:19.974, 67.81 W, 72, 91 %, 3452 MiB
2026/08/03 20:12:20.978, 63.44 W, 71, 92 %, 3452 MiB
2026/08/03 20:12:21.984, 74.22 W, 72, 89 %, 3452 MiB
2026/08/03 20:12:22.990, 76.81 W, 72, 89 %, 3452 MiB
2026/08/03 20:12:23.994, 66.31 W, 72, 91 %, 3452 MiB
2026/08/03 20:12:24.998, 60.86 W, 71, 92 %, 3452 MiB
2026/08/03 20:12:26.007, 72.83 W, 72, 90 %, 3452 MiB
2026/08/03 20:12:27.012, 70.26 W, 72, 90 %, 3452 MiB
2026/08/03 20:12:28.015, 59.39 W, 72, 90 %, 3452 MiB
2026/08/03 20:12:29.022, 73.58 W, 71, 93 %, 3452 MiB
2026/08/03 20:12:30.027, 74.85 W, 73, 90 %, 3452 MiB
2026/08/03 20:12:31.031, 74.80 W, 69, 71 %, 1860 MiB
2026/08/03 20:12:32.037, 34.59 W, 67, 29 %, 1874 MiB
2026/08/03 20:12:33.042, 57.68 W, 71, 80 %, 3448 MiB
2026/08/03 20:12:34.046, 72.66 W, 71, 93 %, 3450 MiB
2026/08/03 20:12:35.049, 75.06 W, 72, 90 %, 3450 MiB
2026/08/03 20:12:36.055, 75.76 W, 72, 90 %, 3450 MiB
2026/08/03 20:12:37.059, 61.77 W, 72, 90 %, 3450 MiB
2026/08/03 20:12:38.064, 75.74 W, 71, 93 %, 3450 MiB
2026/08/03 20:12:39.070, 73.58 W, 72, 91 %, 3450 MiB
2026/08/03 20:12:40.075, 74.56 W, 72, 90 %, 3450 MiB
2026/08/03 20:12:41.079, 61.37 W, 72, 90 %, 3450 MiB
2026/08/03 20:12:42.082, 70.26 W, 71, 90 %, 3450 MiB
2026/08/03 20:12:43.086, 74.56 W, 73, 91 %, 3450 MiB
2026/08/03 20:12:44.093, 63.48 W, 72, 92 %, 3450 MiB
2026/08/03 20:12:45.097, 68.64 W, 72, 90 %, 3450 MiB
2026/08/03 20:12:46.100, 73.16 W, 71, 90 %, 3450 MiB
2026/08/03 20:12:47.106, 77.21 W, 72, 90 %, 3450 MiB
2026/08/03 20:12:48.111, 69.17 W, 73, 92 %, 3452 MiB
2026/08/03 20:12:49.115, 61.28 W, 72, 90 %, 3452 MiB
2026/08/03 20:12:50.121, 72.87 W, 72, 89 %, 3452 MiB
2026/08/03 20:12:51.125, 75.45 W, 72, 90 %, 3452 MiB
2026/08/03 20:12:52.129, 76.74 W, 73, 93 %, 3452 MiB
2026/08/03 20:12:53.137, 60.76 W, 72, 90 %, 3452 MiB
2026/08/03 20:12:54.141, 74.86 W, 72, 90 %, 3452 MiB
2026/08/03 20:12:55.144, 74.31 W, 72, 90 %, 3452 MiB
2026/08/03 20:12:56.152, 74.39 W, 72, 93 %, 3452 MiB
2026/08/03 20:12:57.155, 64.76 W, 72, 90 %, 3452 MiB
2026/08/03 20:12:58.159, 49.62 W, 71, 89 %, 1832 MiB
2026/08/03 20:12:59.166, 64.51 W, 70, 63 %, 2894 MiB
2026/08/03 20:13:00.174, 70.26 W, 72, 27 %, 3460 MiB
2026/08/03 20:13:01.178, 57.17 W, 72, 92 %, 3460 MiB
2026/08/03 20:13:02.182, 72.47 W, 70, 90 %, 3460 MiB
2026/08/03 20:13:03.188, 75.32 W, 72, 90 %, 3460 MiB
2026/08/03 20:13:04.191, 76.96 W, 73, 90 %, 3460 MiB
2026/08/03 20:13:05.195, 58.48 W, 72, 93 %, 3460 MiB
2026/08/03 20:13:06.203, 74.01 W, 71, 90 %, 3460 MiB
2026/08/03 20:13:07.206, 75.02 W, 72, 90 %, 3460 MiB
2026/08/03 20:13:08.210, 75.89 W, 73, 90 %, 3460 MiB
2026/08/03 20:13:09.217, 60.58 W, 72, 92 %, 3460 MiB
2026/08/03 20:13:10.220, 74.66 W, 71, 91 %, 3460 MiB
2026/08/03 20:13:11.224, 73.35 W, 72, 90 %, 3460 MiB
2026/08/03 20:13:12.234, 77.33 W, 73, 89 %, 3460 MiB
2026/08/03 20:13:13.237, 61.86 W, 72, 91 %, 3460 MiB
2026/08/03 20:13:14.242, 69.39 W, 71, 92 %, 3460 MiB
2026/08/03 20:13:15.247, 75.27 W, 73, 90 %, 3460 MiB
2026/08/03 20:13:16.252, 61.97 W, 73, 90 %, 3460 MiB
2026/08/03 20:13:17.256, 70.02 W, 72, 90 %, 3460 MiB
2026/08/03 20:13:18.260, 73.35 W, 72, 93 %, 3460 MiB
2026/08/03 20:13:19.264, 77.37 W, 72, 90 %, 3460 MiB
2026/08/03 20:13:20.269, 67.66 W, 73, 90 %, 3460 MiB
2026/08/03 20:13:21.273, 60.01 W, 72, 90 %, 3460 MiB
2026/08/03 20:13:22.277, 72.80 W, 72, 93 %, 3460 MiB
2026/08/03 20:13:23.284, 75.93 W, 72, 90 %, 3460 MiB
2026/08/03 20:13:24.289, 77.41 W, 72, 90 %, 3460 MiB
2026/08/03 20:13:25.292, 76.41 W, 71, 78 %, 1858 MiB
2026/08/03 20:13:26.299, 64.46 W, 69, 60 %, 3448 MiB
2026/08/03 20:13:27.306, 73.24 W, 72, 43 %, 3448 MiB
2026/08/03 20:13:28.311, 76.67 W, 72, 90 %, 3448 MiB
2026/08/03 20:13:29.315, 74.81 W, 72, 91 %, 3448 MiB
2026/08/03 20:13:30.321, 58.83 W, 71, 90 %, 3448 MiB
2026/08/03 20:13:31.325, 76.87 W, 72, 93 %, 3450 MiB
2026/08/03 20:13:32.330, 73.53 W, 72, 90 %, 3450 MiB
2026/08/03 20:13:33.335, 59.01 W, 72, 90 %, 3450 MiB
2026/08/03 20:13:34.339, 74.14 W, 70, 90 %, 3450 MiB
2026/08/03 20:13:35.343, 74.45 W, 72, 93 %, 3452 MiB
2026/08/03 20:13:36.349, 76.33 W, 72, 90 %, 3452 MiB
2026/08/03 20:13:37.355, 58.14 W, 72, 90 %, 3452 MiB
2026/08/03 20:13:38.358, 73.54 W, 71, 90 %, 3452 MiB
2026/08/03 20:13:39.362, 74.83 W, 72, 92 %, 3452 MiB
2026/08/03 20:13:40.366, 75.70 W, 73, 90 %, 3452 MiB
2026/08/03 20:13:41.370, 61.35 W, 72, 90 %, 3452 MiB
2026/08/03 20:13:42.376, 75.08 W, 71, 90 %, 3452 MiB
2026/08/03 20:13:43.379, 73.68 W, 72, 92 %, 3452 MiB
2026/08/03 20:13:44.383, 74.40 W, 73, 91 %, 3452 MiB
2026/08/03 20:13:45.389, 60.51 W, 72, 90 %, 3452 MiB
2026/08/03 20:13:46.393, 73.31 W, 71, 90 %, 3452 MiB
2026/08/03 20:13:47.396, 75.34 W, 72, 90 %, 3452 MiB
2026/08/03 20:13:48.404, 59.49 W, 72, 93 %, 3452 MiB
2026/08/03 20:13:49.407, 70.28 W, 72, 90 %, 3452 MiB
2026/08/03 20:13:50.411, 73.14 W, 72, 90 %, 3452 MiB
2026/08/03 20:13:51.420, 63.16 W, 69, 90 %, 3452 MiB
2026/08/03 20:13:52.423, 72.90 W, 70, 70 %, 1860 MiB
2026/08/03 20:13:53.426, 59.17 W, 71, 48 %, 3446 MiB
2026/08/03 20:13:54.431, 71.85 W, 71, 64 %, 3454 MiB
2026/08/03 20:13:55.439, 72.50 W, 72, 90 %, 3454 MiB
2026/08/03 20:13:56.442, 75.98 W, 72, 90 %, 3454 MiB
2026/08/03 20:13:57.449, 67.36 W, 72, 93 %, 3454 MiB
2026/08/03 20:13:58.455, 64.43 W, 71, 89 %, 3454 MiB
2026/08/03 20:13:59.459, 73.90 W, 72, 90 %, 3454 MiB
2026/08/03 20:14:00.464, 77.69 W, 72, 90 %, 3454 MiB
2026/08/03 20:14:01.469, 68.25 W, 72, 93 %, 3454 MiB
2026/08/03 20:14:02.473, 60.75 W, 70, 90 %, 3454 MiB
2026/08/03 20:14:03.479, 77.29 W, 72, 90 %, 3454 MiB
2026/08/03 20:14:04.483, 70.02 W, 72, 90 %, 3454 MiB
2026/08/03 20:14:05.488, 59.77 W, 72, 93 %, 3454 MiB
2026/08/03 20:14:06.493, 73.27 W, 70, 90 %, 3454 MiB
2026/08/03 20:14:07.497, 75.02 W, 72, 90 %, 3454 MiB
2026/08/03 20:14:08.502, 75.48 W, 72, 90 %, 3454 MiB
2026/08/03 20:14:09.509, 60.43 W, 72, 92 %, 3454 MiB
2026/08/03 20:14:10.513, 75.44 W, 71, 92 %, 3454 MiB
2026/08/03 20:14:11.516, 73.29 W, 72, 90 %, 3454 MiB
2026/08/03 20:14:12.520, 74.06 W, 73, 90 %, 3454 MiB
2026/08/03 20:14:13.524, 59.24 W, 72, 90 %, 3454 MiB
2026/08/03 20:14:14.530, 71.77 W, 71, 93 %, 3454 MiB
2026/08/03 20:14:15.533, 73.46 W, 72, 90 %, 3454 MiB
2026/08/03 20:14:16.538, 75.58 W, 72, 90 %, 3454 MiB
2026/08/03 20:14:17.541, 72.74 W, 72, 89 %, 3454 MiB
2026/08/03 20:14:18.545, 33.38 W, 70, 93 %, 1154 MiB
2026/08/03 20:14:19.550, 60.64 W, 68, 66 %, 1866 MiB
2026/08/03 20:14:20.553, 74.27 W, 71, 27 %, 3452 MiB
2026/08/03 20:14:21.560, 61.77 W, 72, 87 %, 3454 MiB
2026/08/03 20:14:22.565, 76.86 W, 71, 90 %, 3456 MiB
2026/08/03 20:14:23.569, 72.72 W, 72, 93 %, 3456 MiB
2026/08/03 20:14:24.576, 75.49 W, 72, 90 %, 3456 MiB
2026/08/03 20:14:25.580, 60.01 W, 72, 90 %, 3456 MiB
2026/08/03 20:14:26.584, 72.34 W, 71, 90 %, 3456 MiB
2026/08/03 20:14:27.589, 73.44 W, 72, 93 %, 3456 MiB
2026/08/03 20:14:28.595, 75.27 W, 72, 90 %, 3456 MiB
2026/08/03 20:14:29.599, 62.30 W, 72, 90 %, 3456 MiB
2026/08/03 20:14:30.603, 67.42 W, 70, 90 %, 3456 MiB
2026/08/03 20:14:31.606, 73.62 W, 72, 93 %, 3456 MiB
2026/08/03 20:14:32.611, 76.71 W, 72, 90 %, 3456 MiB
2026/08/03 20:14:33.617, 67.42 W, 72, 89 %, 3456 MiB
2026/08/03 20:14:34.620, 74.06 W, 70, 90 %, 3456 MiB
2026/08/03 20:14:35.623, 77.40 W, 73, 92 %, 3456 MiB
2026/08/03 20:14:36.627, 74.53 W, 73, 91 %, 3456 MiB
2026/08/03 20:14:37.632, 60.49 W, 72, 90 %, 3456 MiB
2026/08/03 20:14:38.637, 73.82 W, 71, 90 %, 3458 MiB
2026/08/03 20:14:39.640, 74.91 W, 72, 91 %, 3458 MiB
2026/08/03 20:14:40.645, 76.04 W, 72, 92 %, 3458 MiB
2026/08/03 20:14:41.649, 59.98 W, 72, 90 %, 3458 MiB
2026/08/03 20:14:42.653, 75.85 W, 71, 91 %, 3458 MiB
2026/08/03 20:14:43.656, 74.48 W, 72, 90 %, 3458 MiB
2026/08/03 20:14:44.661, 76.01 W, 72, 93 %, 3458 MiB
2026/08/03 20:14:45.664, 76.71 W, 71, 84 %, 1150 MiB
2026/08/03 20:14:46.670, 37.99 W, 68, 67 %, 1862 MiB
2026/08/03 20:14:47.672, 72.97 W, 71, 27 %, 3428 MiB
2026/08/03 20:14:48.677, 75.77 W, 72, 91 %, 3428 MiB
2026/08/03 20:14:49.681, 58.62 W, 72, 92 %, 3428 MiB
2026/08/03 20:14:50.685, 74.50 W, 71, 90 %, 3428 MiB
2026/08/03 20:14:51.690, 74.63 W, 72, 90 %, 3430 MiB
2026/08/03 20:14:52.695, 75.83 W, 72, 89 %, 3430 MiB
2026/08/03 20:14:53.699, 61.76 W, 72, 93 %, 3436 MiB
2026/08/03 20:14:54.703, 74.56 W, 70, 90 %, 3436 MiB
2026/08/03 20:14:55.710, 73.57 W, 72, 90 %, 3436 MiB
2026/08/03 20:14:56.713, 74.41 W, 72, 90 %, 3436 MiB
2026/08/03 20:14:57.717, 61.27 W, 72, 93 %, 3436 MiB
2026/08/03 20:14:58.722, 73.47 W, 70, 90 %, 3436 MiB
2026/08/03 20:14:59.725, 73.66 W, 72, 90 %, 3436 MiB
2026/08/03 20:15:00.729, 76.19 W, 72, 90 %, 3436 MiB
2026/08/03 20:15:01.735, 64.27 W, 72, 93 %, 3436 MiB
2026/08/03 20:15:02.738, 62.64 W, 70, 90 %, 3436 MiB
2026/08/03 20:15:03.742, 76.96 W, 72, 90 %, 3436 MiB
2026/08/03 20:15:04.748, 64.91 W, 72, 89 %, 3436 MiB
2026/08/03 20:15:05.751, 61.23 W, 72, 92 %, 3436 MiB
2026/08/03 20:15:06.757, 73.65 W, 71, 91 %, 3436 MiB
2026/08/03 20:15:07.764, 77.44 W, 72, 90 %, 3436 MiB
2026/08/03 20:15:08.768, 70.22 W, 72, 89 %, 3436 MiB
2026/08/03 20:15:09.772, 59.48 W, 71, 91 %, 3436 MiB
2026/08/03 20:15:10.780, 72.85 W, 71, 91 %, 3436 MiB
2026/08/03 20:15:11.784, 77.40 W, 72, 90 %, 3436 MiB
2026/08/03 20:15:12.789, 74.53 W, 72, 78 %, 1854 MiB
2026/08/03 20:15:13.795, 37.63 W, 67, 58 %, 1854 MiB
2026/08/03 20:15:14.798, 72.91 W, 69, 45 %, 3458 MiB
2026/08/03 20:15:15.802, 72.90 W, 72, 90 %, 3458 MiB
2026/08/03 20:15:16.806, 77.02 W, 72, 90 %, 3458 MiB
2026/08/03 20:15:17.810, 67.74 W, 72, 90 %, 3458 MiB
2026/08/03 20:15:18.814, 63.33 W, 70, 91 %, 3458 MiB
2026/08/03 20:15:19.821, 75.65 W, 72, 90 %, 3458 MiB
2026/08/03 20:15:20.826, 64.30 W, 72, 90 %, 3458 MiB
2026/08/03 20:15:21.830, 63.08 W, 71, 90 %, 3458 MiB
2026/08/03 20:15:22.837, 72.54 W, 71, 90 %, 3458 MiB
2026/08/03 20:15:23.841, 77.02 W, 72, 91 %, 3458 MiB
2026/08/03 20:15:24.845, 74.45 W, 72, 92 %, 3458 MiB
2026/08/03 20:15:25.849, 58.49 W, 71, 91 %, 3458 MiB
2026/08/03 20:15:26.853, 74.14 W, 71, 90 %, 3458 MiB
2026/08/03 20:15:27.858, 74.87 W, 72, 90 %, 3458 MiB
2026/08/03 20:15:28.863, 75.87 W, 72, 93 %, 3458 MiB
2026/08/03 20:15:29.867, 61.84 W, 72, 90 %, 3458 MiB
2026/08/03 20:15:30.873, 76.19 W, 71, 90 %, 3458 MiB
2026/08/03 20:15:31.876, 73.38 W, 72, 90 %, 3458 MiB
2026/08/03 20:15:32.880, 74.76 W, 72, 93 %, 3460 MiB
2026/08/03 20:15:33.887, 62.28 W, 72, 90 %, 3460 MiB
2026/08/03 20:15:34.891, 73.59 W, 72, 90 %, 3460 MiB
2026/08/03 20:15:35.894, 76.12 W, 72, 90 %, 3460 MiB
2026/08/03 20:15:36.902, 62.22 W, 73, 92 %, 3460 MiB
2026/08/03 20:15:37.906, 69.96 W, 72, 91 %, 3460 MiB
2026/08/03 20:15:38.910, 72.66 W, 72, 90 %, 3460 MiB
2026/08/03 20:15:39.913, 70.34 W, 69, 89 %, 1866 MiB
2026/08/03 20:15:40.917, 35.00 W, 67, 71 %, 1866 MiB
2026/08/03 20:15:41.920, 59.56 W, 71, 43 %, 3452 MiB
2026/08/03 20:15:42.925, 75.09 W, 70, 66 %, 3452 MiB
2026/08/03 20:15:43.928, 73.86 W, 72, 90 %, 3452 MiB
2026/08/03 20:15:44.933, 74.20 W, 72, 90 %, 3452 MiB
2026/08/03 20:15:45.937, 60.72 W, 72, 93 %, 3452 MiB
2026/08/03 20:15:46.941, 69.02 W, 70, 90 %, 3452 MiB
2026/08/03 20:15:47.945, 72.76 W, 72, 90 %, 3452 MiB
2026/08/03 20:15:48.949, 76.90 W, 72, 90 %, 3452 MiB
2026/08/03 20:15:49.953, 65.06 W, 72, 91 %, 3452 MiB
2026/08/03 20:15:50.958, 72.26 W, 71, 92 %, 3452 MiB
2026/08/03 20:15:51.961, 76.49 W, 72, 90 %, 3452 MiB
2026/08/03 20:15:52.965, 67.41 W, 72, 90 %, 3452 MiB
2026/08/03 20:15:53.971, 63.44 W, 71, 90 %, 3452 MiB
2026/08/03 20:15:54.975, 73.91 W, 72, 92 %, 3452 MiB
2026/08/03 20:15:55.978, 77.05 W, 72, 90 %, 3452 MiB
2026/08/03 20:15:56.984, 69.67 W, 72, 90 %, 3452 MiB
2026/08/03 20:15:57.988, 60.60 W, 72, 90 %, 3452 MiB
2026/08/03 20:15:58.992, 72.96 W, 73, 93 %, 3452 MiB
2026/08/03 20:15:59.998, 74.95 W, 72, 90 %, 3452 MiB
2026/08/03 20:16:01.003, 75.17 W, 72, 90 %, 3452 MiB
2026/08/03 20:16:02.006, 58.57 W, 72, 90 %, 3452 MiB
2026/08/03 20:16:03.013, 74.07 W, 73, 93 %, 3452 MiB
2026/08/03 20:16:04.016, 73.65 W, 72, 90 %, 3452 MiB
2026/08/03 20:16:05.021, 59.02 W, 72, 90 %, 3452 MiB
2026/08/03 20:16:06.028, 74.77 W, 72, 90 %, 3452 MiB
2026/08/03 20:16:07.032, 53.11 W, 69, 92 %, 1862 MiB
2026/08/03 20:16:08.037, 34.79 W, 67, 65 %, 1872 MiB
2026/08/03 20:16:09.039, 73.98 W, 72, 27 %, 3448 MiB
2026/08/03 20:16:10.044, 59.21 W, 71, 89 %, 3448 MiB
2026/08/03 20:16:11.047, 73.60 W, 70, 90 %, 3448 MiB
2026/08/03 20:16:12.051, 74.33 W, 72, 93 %, 3448 MiB
2026/08/03 20:16:13.056, 75.99 W, 72, 90 %, 3448 MiB
2026/08/03 20:16:14.060, 61.24 W, 71, 90 %, 3448 MiB
2026/08/03 20:16:15.065, 75.32 W, 71, 90 %, 3448 MiB
2026/08/03 20:16:16.068, 73.45 W, 72, 93 %, 3448 MiB
2026/08/03 20:16:17.074, 75.86 W, 73, 90 %, 3448 MiB
2026/08/03 20:16:18.078, 58.52 W, 71, 90 %, 3448 MiB
2026/08/03 20:16:19.083, 72.43 W, 71, 90 %, 3448 MiB
2026/08/03 20:16:20.086, 75.98 W, 72, 92 %, 3448 MiB
2026/08/03 20:16:21.091, 63.43 W, 73, 91 %, 3448 MiB
2026/08/03 20:16:22.096, 72.16 W, 72, 89 %, 3450 MiB
2026/08/03 20:16:23.100, 73.57 W, 73, 90 %, 3450 MiB
2026/08/03 20:16:24.106, 76.40 W, 72, 91 %, 3450 MiB
2026/08/03 20:16:25.113, 63.92 W, 72, 92 %, 3450 MiB
2026/08/03 20:16:26.117, 63.37 W, 72, 90 %, 3450 MiB
2026/08/03 20:16:27.121, 73.82 W, 73, 90 %, 3452 MiB
2026/08/03 20:16:28.126, 77.35 W, 72, 89 %, 3452 MiB
2026/08/03 20:16:29.131, 68.62 W, 72, 92 %, 3452 MiB
2026/08/03 20:16:30.135, 61.08 W, 71, 90 %, 3452 MiB
2026/08/03 20:16:31.141, 73.15 W, 72, 89 %, 3452 MiB
2026/08/03 20:16:32.146, 77.36 W, 72, 89 %, 3452 MiB
2026/08/03 20:16:33.150, 68.24 W, 72, 93 %, 3452 MiB
2026/08/03 20:16:34.154, 40.41 W, 72, 84 %, 1836 MiB
2026/08/03 20:16:35.158, 34.92 W, 67, 67 %, 1842 MiB
2026/08/03 20:16:36.161, 75.42 W, 72, 28 %, 3456 MiB
2026/08/03 20:16:37.167, 65.26 W, 72, 90 %, 3458 MiB
2026/08/03 20:16:38.171, 64.47 W, 72, 93 %, 3460 MiB
2026/08/03 20:16:39.175, 73.21 W, 71, 90 %, 3460 MiB
2026/08/03 20:16:40.180, 77.34 W, 72, 90 %, 3460 MiB
2026/08/03 20:16:41.185, 67.75 W, 73, 89 %, 3460 MiB
2026/08/03 20:16:42.189, 62.51 W, 72, 93 %, 3460 MiB
2026/08/03 20:16:43.194, 73.11 W, 73, 90 %, 3460 MiB
2026/08/03 20:16:44.198, 76.46 W, 72, 90 %, 3460 MiB
2026/08/03 20:16:45.202, 71.51 W, 72, 90 %, 3460 MiB
2026/08/03 20:16:46.209, 58.72 W, 72, 93 %, 3460 MiB
2026/08/03 20:16:47.212, 73.30 W, 72, 90 %, 3460 MiB
2026/08/03 20:16:48.216, 75.16 W, 72, 90 %, 3460 MiB
2026/08/03 20:16:49.220, 58.09 W, 72, 90 %, 3460 MiB
2026/08/03 20:16:50.224, 73.59 W, 71, 93 %, 3460 MiB
2026/08/03 20:16:51.229, 76.84 W, 72, 90 %, 3460 MiB
2026/08/03 20:16:52.233, 76.65 W, 72, 89 %, 3460 MiB
2026/08/03 20:16:53.237, 59.03 W, 72, 90 %, 3460 MiB
2026/08/03 20:16:54.242, 73.66 W, 71, 92 %, 3460 MiB
2026/08/03 20:16:55.245, 75.15 W, 72, 90 %, 3460 MiB
2026/08/03 20:16:56.250, 75.76 W, 73, 90 %, 3460 MiB
2026/08/03 20:16:57.257, 60.69 W, 72, 90 %, 3460 MiB
2026/08/03 20:16:58.261, 74.75 W, 71, 92 %, 3460 MiB
2026/08/03 20:16:59.264, 74.79 W, 72, 90 %, 3460 MiB
2026/08/03 20:17:00.269, 75.26 W, 73, 90 %, 3460 MiB
2026/08/03 20:17:01.273, 79.89 W, 71, 78 %, 1868 MiB
2026/08/03 20:17:02.278, 34.73 W, 67, 59 %, 1874 MiB
2026/08/03 20:17:03.280, 73.95 W, 72, 44 %, 3430 MiB
2026/08/03 20:17:04.284, 75.91 W, 72, 90 %, 3430 MiB
2026/08/03 20:17:05.290, 60.83 W, 72, 90 %, 3430 MiB
2026/08/03 20:17:06.295, 75.89 W, 72, 90 %, 3430 MiB
2026/08/03 20:17:07.299, 73.36 W, 72, 91 %, 3430 MiB
2026/08/03 20:17:08.303, 74.65 W, 72, 91 %, 3430 MiB
2026/08/03 20:17:09.307, 61.01 W, 72, 90 %, 3430 MiB
2026/08/03 20:17:10.310, 76.67 W, 71, 90 %, 3432 MiB
2026/08/03 20:17:11.317, 73.38 W, 72, 90 %, 3432 MiB
2026/08/03 20:17:12.321, 75.91 W, 72, 93 %, 3432 MiB
2026/08/03 20:17:13.325, 65.06 W, 72, 90 %, 3432 MiB
2026/08/03 20:17:14.330, 63.80 W, 71, 91 %, 3432 MiB
2026/08/03 20:17:15.335, 72.26 W, 72, 90 %, 3432 MiB
2026/08/03 20:17:16.340, 77.44 W, 72, 93 %, 3432 MiB
2026/08/03 20:17:17.347, 68.44 W, 72, 89 %, 3432 MiB
2026/08/03 20:17:18.351, 62.44 W, 70, 89 %, 3432 MiB
2026/08/03 20:17:19.355, 76.67 W, 72, 89 %, 3432 MiB
2026/08/03 20:17:20.359, 63.21 W, 72, 92 %, 3432 MiB
2026/08/03 20:17:21.363, 66.71 W, 72, 90 %, 3432 MiB
2026/08/03 20:17:22.368, 73.21 W, 71, 91 %, 3432 MiB
2026/08/03 20:17:23.375, 77.18 W, 72, 90 %, 3432 MiB
2026/08/03 20:17:24.379, 73.02 W, 73, 93 %, 3432 MiB
2026/08/03 20:17:25.383, 59.23 W, 72, 90 %, 3432 MiB
2026/08/03 20:17:26.388, 73.90 W, 71, 90 %, 3432 MiB
2026/08/03 20:17:27.391, 75.39 W, 72, 89 %, 3432 MiB
2026/08/03 20:17:28.398, 75.26 W, 70, 71 %, 1860 MiB
2026/08/03 20:17:29.401, 34.59 W, 67, 44 %, 1874 MiB
2026/08/03 20:17:30.404, 57.93 W, 71, 68 %, 3448 MiB
2026/08/03 20:17:31.410, 74.05 W, 72, 90 %, 3450 MiB
2026/08/03 20:17:32.419, 74.52 W, 72, 90 %, 3450 MiB
2026/08/03 20:17:33.424, 74.65 W, 72, 92 %, 3450 MiB
2026/08/03 20:17:34.428, 61.06 W, 72, 91 %, 3454 MiB
2026/08/03 20:17:35.433, 74.88 W, 73, 90 %, 3454 MiB
2026/08/03 20:17:36.439, 75.19 W, 72, 90 %, 3454 MiB
2026/08/03 20:17:37.442, 59.76 W, 73, 90 %, 3454 MiB
2026/08/03 20:17:38.448, 73.31 W, 72, 93 %, 3454 MiB
2026/08/03 20:17:39.452, 74.02 W, 73, 90 %, 3454 MiB
2026/08/03 20:17:40.455, 76.78 W, 72, 90 %, 3454 MiB
2026/08/03 20:17:41.463, 66.42 W, 73, 90 %, 3454 MiB
2026/08/03 20:17:42.468, 62.02 W, 72, 93 %, 3454 MiB
2026/08/03 20:17:43.472, 72.47 W, 72, 90 %, 3454 MiB
2026/08/03 20:17:44.476, 76.38 W, 73, 90 %, 3454 MiB
2026/08/03 20:17:45.481, 76.03 W, 73, 90 %, 3454 MiB
2026/08/03 20:17:46.485, 60.23 W, 72, 92 %, 3454 MiB
2026/08/03 20:17:47.490, 74.79 W, 72, 92 %, 3454 MiB
2026/08/03 20:17:48.493, 73.09 W, 72, 90 %, 3454 MiB
2026/08/03 20:17:49.497, 74.76 W, 72, 90 %, 3454 MiB
2026/08/03 20:17:50.502, 77.10 W, 72, 90 %, 3454 MiB
2026/08/03 20:17:51.506, 73.46 W, 72, 93 %, 3454 MiB
2026/08/03 20:17:52.510, 76.59 W, 72, 90 %, 3454 MiB
2026/08/03 20:17:53.517, 61.56 W, 73, 90 %, 3454 MiB
2026/08/03 20:17:54.521, 60.66 W, 72, 90 %, 3454 MiB
2026/08/03 20:17:55.524, 35.33 W, 71, 62 %, 1862 MiB
2026/08/03 20:17:56.533, 46.20 W, 71, 30 %, 2888 MiB
2026/08/03 20:17:57.541, 75.07 W, 72, 90 %, 3430 MiB
2026/08/03 20:17:58.546, 64.53 W, 72, 90 %, 3430 MiB
2026/08/03 20:17:59.550, 65.76 W, 72, 90 %, 3430 MiB
2026/08/03 20:18:00.555, 73.55 W, 72, 93 %, 3430 MiB
2026/08/03 20:18:01.566, 77.19 W, 72, 93 %, 3430 MiB
2026/08/03 20:18:02.570, 71.67 W, 72, 90 %, 3430 MiB
2026/08/03 20:18:03.573, 58.47 W, 72, 90 %, 3430 MiB
2026/08/03 20:18:04.579, 73.87 W, 73, 90 %, 3430 MiB
2026/08/03 20:18:05.586, 75.04 W, 72, 92 %, 3430 MiB
2026/08/03 20:18:06.591, 76.16 W, 72, 91 %, 3430 MiB
2026/08/03 20:18:07.595, 60.33 W, 72, 90 %, 3430 MiB
2026/08/03 20:18:08.599, 75.11 W, 72, 90 %, 3430 MiB
2026/08/03 20:18:09.604, 75.87 W, 72, 90 %, 3430 MiB
2026/08/03 20:18:10.609, 61.22 W, 72, 92 %, 3430 MiB
2026/08/03 20:18:11.615, 74.75 W, 72, 90 %, 3430 MiB
2026/08/03 20:18:12.618, 73.76 W, 72, 91 %, 3430 MiB
2026/08/03 20:18:13.622, 74.65 W, 72, 89 %, 3430 MiB
2026/08/03 20:18:14.629, 61.13 W, 72, 93 %, 3430 MiB
2026/08/03 20:18:15.633, 73.18 W, 71, 90 %, 3430 MiB
2026/08/03 20:18:16.638, 74.14 W, 73, 90 %, 3430 MiB
2026/08/03 20:18:17.643, 76.80 W, 72, 90 %, 3430 MiB
2026/08/03 20:18:18.647, 66.92 W, 72, 93 %, 3430 MiB
2026/08/03 20:18:19.652, 60.89 W, 72, 90 %, 3430 MiB
2026/08/03 20:18:20.660, 72.49 W, 73, 90 %, 3430 MiB
2026/08/03 20:18:21.664, 49.24 W, 69, 90 %, 3430 MiB
2026/08/03 20:18:22.666, 74.66 W, 71, 78 %, 1862 MiB
2026/08/03 20:18:23.670, 64.15 W, 71, 66 %, 3446 MiB
2026/08/03 20:18:24.673, 64.70 W, 70, 37 %, 3450 MiB
2026/08/03 20:18:25.677, 75.80 W, 72, 90 %, 3450 MiB
2026/08/03 20:18:26.681, 63.67 W, 72, 89 %, 3450 MiB
2026/08/03 20:18:27.685, 63.95 W, 72, 93 %, 3450 MiB
2026/08/03 20:18:28.693, 73.38 W, 71, 90 %, 3450 MiB
2026/08/03 20:18:29.697, 77.19 W, 72, 89 %, 3450 MiB
2026/08/03 20:18:30.701, 67.79 W, 73, 90 %, 3450 MiB
2026/08/03 20:18:31.707, 61.59 W, 72, 92 %, 3450 MiB
2026/08/03 20:18:32.711, 73.77 W, 72, 90 %, 3450 MiB
2026/08/03 20:18:33.714, 76.31 W, 72, 91 %, 3450 MiB
2026/08/03 20:18:34.720, 74.93 W, 73, 90 %, 3450 MiB
2026/08/03 20:18:35.724, 58.57 W, 72, 91 %, 3450 MiB
2026/08/03 20:18:36.729, 74.32 W, 73, 92 %, 3450 MiB
2026/08/03 20:18:37.735, 75.18 W, 72, 90 %, 3450 MiB
2026/08/03 20:18:38.739, 75.62 W, 72, 89 %, 3450 MiB
2026/08/03 20:18:39.743, 74.59 W, 72, 90 %, 3450 MiB
2026/08/03 20:18:40.747, 74.04 W, 73, 93 %, 3450 MiB
2026/08/03 20:18:41.751, 74.75 W, 72, 90 %, 3450 MiB
2026/08/03 20:18:42.756, 61.08 W, 72, 90 %, 3450 MiB
2026/08/03 20:18:43.760, 75.25 W, 72, 90 %, 3450 MiB
2026/08/03 20:18:44.763, 73.86 W, 73, 93 %, 3450 MiB
2026/08/03 20:18:45.768, 76.00 W, 72, 90 %, 3450 MiB
2026/08/03 20:18:46.773, 62.12 W, 72, 90 %, 3450 MiB
2026/08/03 20:18:47.777, 69.82 W, 71, 90 %, 3450 MiB
2026/08/03 20:18:48.783, 33.29 W, 68, 93 %, 496 MiB
2026/08/03 20:18:49.787, 56.14 W, 69, 74 %, 1852 MiB
2026/08/03 20:18:50.790, 75.35 W, 71, 48 %, 3458 MiB
2026/08/03 20:18:51.794, 64.68 W, 72, 59 %, 3458 MiB
2026/08/03 20:18:52.800, 62.40 W, 71, 90 %, 3458 MiB
2026/08/03 20:18:53.804, 73.38 W, 72, 92 %, 3458 MiB
2026/08/03 20:18:54.809, 76.73 W, 72, 91 %, 3458 MiB
2026/08/03 20:18:55.816, 75.55 W, 72, 90 %, 3458 MiB
2026/08/03 20:18:56.820, 72.43 W, 71, 90 %, 3458 MiB
2026/08/03 20:18:57.824, 75.28 W, 72, 90 %, 3458 MiB
2026/08/03 20:18:58.830, 75.42 W, 72, 93 %, 3458 MiB
2026/08/03 20:18:59.835, 58.95 W, 72, 90 %, 3458 MiB
2026/08/03 20:19:00.839, 74.54 W, 71, 90 %, 3458 MiB
2026/08/03 20:19:01.845, 73.22 W, 72, 90 %, 3458 MiB
2026/08/03 20:19:02.849, 74.44 W, 72, 93 %, 3458 MiB
2026/08/03 20:19:03.853, 60.83 W, 73, 90 %, 3458 MiB
2026/08/03 20:19:04.860, 73.16 W, 70, 90 %, 3458 MiB
2026/08/03 20:19:05.864, 74.14 W, 72, 90 %, 3458 MiB
2026/08/03 20:19:06.868, 76.16 W, 72, 93 %, 3458 MiB
2026/08/03 20:19:07.877, 65.18 W, 72, 91 %, 3458 MiB
2026/08/03 20:19:08.881, 63.21 W, 71, 90 %, 3458 MiB
2026/08/03 20:19:09.885, 73.22 W, 72, 90 %, 3458 MiB
2026/08/03 20:19:10.892, 76.93 W, 72, 91 %, 3458 MiB
2026/08/03 20:19:11.896, 60.12 W, 72, 92 %, 3458 MiB
2026/08/03 20:19:12.900, 72.64 W, 71, 90 %, 3458 MiB
2026/08/03 20:19:13.907, 76.57 W, 73, 90 %, 3458 MiB
2026/08/03 20:19:14.911, 76.91 W, 72, 90 %, 3458 MiB
2026/08/03 20:19:15.914, 71.48 W, 72, 93 %, 1294 MiB
2026/08/03 20:19:16.922, 37.86 W, 68, 66 %, 1862 MiB
2026/08/03 20:19:17.925, 73.72 W, 70, 27 %, 3446 MiB
2026/08/03 20:19:18.928, 76.47 W, 72, 87 %, 3448 MiB
2026/08/03 20:19:19.933, 76.41 W, 72, 90 %, 3448 MiB
2026/08/03 20:19:20.938, 57.94 W, 72, 93 %, 3450 MiB
2026/08/03 20:19:21.942, 73.59 W, 71, 90 %, 3450 MiB
2026/08/03 20:19:22.947, 75.00 W, 73, 90 %, 3450 MiB
2026/08/03 20:19:23.955, 76.11 W, 73, 90 %, 3450 MiB
2026/08/03 20:19:24.960, 61.16 W, 72, 93 %, 3450 MiB
2026/08/03 20:19:25.963, 75.77 W, 72, 90 %, 3450 MiB
2026/08/03 20:19:26.968, 72.79 W, 72, 90 %, 3450 MiB
2026/08/03 20:19:27.973, 74.88 W, 73, 90 %, 3450 MiB
2026/08/03 20:19:28.977, 74.07 W, 72, 93 %, 3450 MiB
2026/08/03 20:19:29.982, 73.21 W, 72, 91 %, 3450 MiB
2026/08/03 20:19:30.986, 76.44 W, 73, 89 %, 3450 MiB
2026/08/03 20:19:31.991, 62.73 W, 73, 90 %, 3450 MiB
2026/08/03 20:19:32.998, 68.75 W, 72, 92 %, 3450 MiB
2026/08/03 20:19:34.002, 73.12 W, 72, 91 %, 3452 MiB
2026/08/03 20:19:35.005, 77.17 W, 73, 90 %, 3452 MiB
2026/08/03 20:19:36.014, 68.11 W, 73, 90 %, 3452 MiB
2026/08/03 20:19:37.019, 60.48 W, 72, 90 %, 3452 MiB
2026/08/03 20:19:38.023, 73.32 W, 72, 93 %, 3452 MiB
2026/08/03 20:19:39.027, 76.68 W, 72, 90 %, 3452 MiB
2026/08/03 20:19:40.032, 75.49 W, 73, 90 %, 3452 MiB
2026/08/03 20:19:41.036, 58.65 W, 72, 89 %, 3452 MiB
2026/08/03 20:19:42.043, 73.45 W, 73, 93 %, 3452 MiB
2026/08/03 20:19:43.046, 60.34 W, 70, 84 %, 1860 MiB
2026/08/03 20:19:44.049, 34.91 W, 68, 68 %, 1860 MiB
2026/08/03 20:19:45.052, 63.47 W, 72, 27 %, 3448 MiB
2026/08/03 20:19:46.056, 72.98 W, 71, 90 %, 3448 MiB
2026/08/03 20:19:47.059, 77.14 W, 73, 92 %, 3452 MiB
2026/08/03 20:19:48.064, 73.43 W, 73, 90 %, 3452 MiB
2026/08/03 20:19:49.068, 58.46 W, 72, 90 %, 3452 MiB
2026/08/03 20:19:50.074, 72.68 W, 71, 89 %, 3452 MiB
2026/08/03 20:19:51.077, 76.04 W, 72, 93 %, 3452 MiB
2026/08/03 20:19:52.081, 76.25 W, 73, 90 %, 3452 MiB
2026/08/03 20:19:53.087, 58.72 W, 72, 89 %, 3452 MiB
2026/08/03 20:19:54.091, 74.12 W, 72, 90 %, 3452 MiB
2026/08/03 20:19:55.094, 74.89 W, 72, 93 %, 3452 MiB
2026/08/03 20:19:56.103, 74.49 W, 73, 90 %, 3452 MiB
2026/08/03 20:19:57.106, 60.03 W, 72, 90 %, 3452 MiB
2026/08/03 20:19:58.110, 76.86 W, 72, 90 %, 3452 MiB
2026/08/03 20:19:59.115, 74.59 W, 73, 93 %, 3452 MiB
2026/08/03 20:20:00.120, 60.07 W, 73, 91 %, 3452 MiB
2026/08/03 20:20:01.124, 74.26 W, 72, 90 %, 3452 MiB
2026/08/03 20:20:02.129, 73.74 W, 72, 90 %, 3452 MiB
2026/08/03 20:20:03.133, 75.98 W, 72, 91 %, 3452 MiB
2026/08/03 20:20:04.138, 65.69 W, 73, 92 %, 3452 MiB
2026/08/03 20:20:05.143, 63.30 W, 72, 90 %, 3452 MiB
2026/08/03 20:20:06.147, 72.98 W, 72, 90 %, 3452 MiB
2026/08/03 20:20:07.152, 77.22 W, 72, 90 %, 3452 MiB
2026/08/03 20:20:08.156, 74.73 W, 73, 93 %, 3452 MiB
2026/08/03 20:20:09.159, 58.94 W, 72, 90 %, 3452 MiB
2026/08/03 20:20:10.166, 38.56 W, 70, 78 %, 1828 MiB
2026/08/03 20:20:11.170, 34.93 W, 67, 54 %, 1842 MiB
2026/08/03 20:20:12.173, 77.61 W, 72, 47 %, 3454 MiB
2026/08/03 20:20:13.177, 70.80 W, 72, 93 %, 3458 MiB
2026/08/03 20:20:14.182, 58.56 W, 71, 89 %, 3458 MiB
2026/08/03 20:20:15.186, 77.54 W, 72, 89 %, 3458 MiB
2026/08/03 20:20:16.191, 71.48 W, 73, 90 %, 3458 MiB
2026/08/03 20:20:17.195, 59.14 W, 72, 93 %, 3460 MiB
2026/08/03 20:20:18.198, 73.52 W, 71, 90 %, 3460 MiB
2026/08/03 20:20:19.204, 75.10 W, 73, 90 %, 3460 MiB
2026/08/03 20:20:20.209, 76.08 W, 73, 90 %, 3460 MiB
2026/08/03 20:20:21.213, 60.84 W, 72, 93 %, 3460 MiB
2026/08/03 20:20:22.217, 75.05 W, 71, 90 %, 3460 MiB
2026/08/03 20:20:23.220, 72.94 W, 72, 90 %, 3460 MiB
2026/08/03 20:20:24.225, 74.64 W, 73, 90 %, 3460 MiB
2026/08/03 20:20:25.229, 60.69 W, 72, 91 %, 3460 MiB
2026/08/03 20:20:26.232, 75.06 W, 72, 90 %, 3460 MiB
2026/08/03 20:20:27.236, 73.50 W, 73, 89 %, 3460 MiB
2026/08/03 20:20:28.244, 74.75 W, 73, 90 %, 3460 MiB
2026/08/03 20:20:29.247, 61.02 W, 72, 92 %, 3460 MiB
2026/08/03 20:20:30.251, 73.90 W, 73, 91 %, 3460 MiB
2026/08/03 20:20:31.256, 75.08 W, 73, 90 %, 3460 MiB
2026/08/03 20:20:32.261, 61.10 W, 73, 90 %, 3460 MiB
2026/08/03 20:20:33.265, 69.98 W, 72, 90 %, 3460 MiB
2026/08/03 20:20:34.272, 72.43 W, 72, 93 %, 3460 MiB
2026/08/03 20:20:35.275, 76.97 W, 72, 90 %, 3460 MiB
2026/08/03 20:20:36.280, 68.37 W, 73, 90 %, 3460 MiB
2026/08/03 20:20:37.288, 66.27 W, 72, 71 %, 1860 MiB
2026/08/03 20:20:38.292, 34.82 W, 67, 39 %, 1874 MiB
2026/08/03 20:20:39.295, 73.41 W, 72, 72 %, 3446 MiB
2026/08/03 20:20:40.299, 77.65 W, 72, 90 %, 3448 MiB
2026/08/03 20:20:41.304, 70.04 W, 72, 90 %, 3448 MiB
2026/08/03 20:20:42.308, 59.81 W, 71, 90 %, 3448 MiB
2026/08/03 20:20:43.313, 73.33 W, 73, 90 %, 3448 MiB
2026/08/03 20:20:44.318, 75.45 W, 72, 93 %, 3448 MiB
2026/08/03 20:20:45.322, 58.21 W, 73, 90 %, 3450 MiB
2026/08/03 20:20:46.330, 73.21 W, 71, 90 %, 3450 MiB
2026/08/03 20:20:47.335, 75.47 W, 73, 90 %, 3450 MiB
2026/08/03 20:20:48.339, 76.67 W, 72, 93 %, 3450 MiB
2026/08/03 20:20:49.344, 60.72 W, 73, 91 %, 3452 MiB
2026/08/03 20:20:50.348, 75.37 W, 71, 90 %, 3452 MiB
2026/08/03 20:20:51.353, 73.13 W, 73, 90 %, 3452 MiB
2026/08/03 20:20:52.360, 74.79 W, 72, 91 %, 3452 MiB
2026/08/03 20:20:53.365, 59.34 W, 73, 92 %, 3452 MiB
2026/08/03 20:20:54.368, 73.39 W, 71, 90 %, 3452 MiB
2026/08/03 20:20:55.374, 73.92 W, 73, 90 %, 3452 MiB
2026/08/03 20:20:56.378, 76.05 W, 73, 90 %, 3452 MiB
2026/08/03 20:20:57.382, 63.08 W, 73, 93 %, 3452 MiB
2026/08/03 20:20:58.389, 64.02 W, 71, 90 %, 3452 MiB
2026/08/03 20:20:59.392, 73.38 W, 73, 90 %, 3452 MiB
2026/08/03 20:21:00.396, 76.95 W, 73, 90 %, 3452 MiB
2026/08/03 20:21:01.403, 61.45 W, 73, 93 %, 3452 MiB
2026/08/03 20:21:02.407, 73.10 W, 71, 90 %, 3452 MiB
2026/08/03 20:21:03.411, 75.76 W, 73, 90 %, 3452 MiB
2026/08/03 20:21:04.416, 74.01 W, 70, 90 %, 1864 MiB
2026/08/03 20:21:05.419, 34.60 W, 67, 63 %, 1874 MiB
2026/08/03 20:21:06.422, 62.20 W, 72, 30 %, 3448 MiB
2026/08/03 20:21:07.427, 71.90 W, 71, 90 %, 3450 MiB
2026/08/03 20:21:08.433, 76.29 W, 73, 90 %, 3450 MiB
2026/08/03 20:21:09.438, 75.66 W, 73, 90 %, 3450 MiB
2026/08/03 20:21:10.442, 59.01 W, 72, 92 %, 3450 MiB
2026/08/03 20:21:11.449, 74.50 W, 71, 91 %, 3450 MiB
2026/08/03 20:21:12.452, 74.90 W, 73, 90 %, 3450 MiB
2026/08/03 20:21:13.456, 74.68 W, 73, 90 %, 3452 MiB
2026/08/03 20:21:14.463, 61.93 W, 72, 92 %, 3452 MiB
2026/08/03 20:21:15.467, 75.93 W, 72, 91 %, 3452 MiB
2026/08/03 20:21:16.471, 72.37 W, 72, 89 %, 3452 MiB
2026/08/03 20:21:17.479, 75.38 W, 73, 90 %, 3452 MiB
2026/08/03 20:21:18.483, 76.10 W, 72, 91 %, 3452 MiB
2026/08/03 20:21:19.487, 72.70 W, 73, 92 %, 3452 MiB
2026/08/03 20:21:20.494, 76.13 W, 72, 90 %, 3452 MiB
2026/08/03 20:21:21.499, 61.22 W, 73, 90 %, 3452 MiB
2026/08/03 20:21:22.503, 71.86 W, 72, 90 %, 3452 MiB
2026/08/03 20:21:23.509, 73.15 W, 73, 93 %, 3452 MiB
2026/08/03 20:21:24.513, 76.68 W, 72, 90 %, 3452 MiB
2026/08/03 20:21:25.518, 66.05 W, 73, 90 %, 3454 MiB
2026/08/03 20:21:26.523, 63.55 W, 72, 89 %, 3454 MiB
2026/08/03 20:21:27.527, 73.60 W, 73, 93 %, 3454 MiB
2026/08/03 20:21:28.531, 77.50 W, 72, 90 %, 3454 MiB
2026/08/03 20:21:29.538, 73.64 W, 73, 90 %, 3454 MiB
2026/08/03 20:21:30.542, 62.29 W, 72, 90 %, 3454 MiB
2026/08/03 20:21:31.545, 38.20 W, 70, 78 %, 1858 MiB
2026/08/03 20:21:32.549, 57.63 W, 70, 67 %, 2888 MiB
2026/08/03 20:21:33.554, 77.83 W, 72, 37 %, 3448 MiB
2026/08/03 20:21:34.559, 64.12 W, 72, 90 %, 3448 MiB
2026/08/03 20:21:35.563, 73.35 W, 71, 90 %, 3450 MiB
2026/08/03 20:21:36.566, 77.28 W, 73, 93 %, 3450 MiB
2026/08/03 20:21:37.570, 75.79 W, 73, 91 %, 3450 MiB
2026/08/03 20:21:38.578, 60.75 W, 72, 90 %, 3450 MiB
2026/08/03 20:21:39.582, 74.85 W, 71, 91 %, 3450 MiB
2026/08/03 20:21:40.585, 75.02 W, 73, 91 %, 3450 MiB
2026/08/03 20:21:41.589, 74.65 W, 73, 92 %, 3450 MiB
2026/08/03 20:21:42.594, 60.74 W, 72, 89 %, 3450 MiB
2026/08/03 20:21:43.599, 76.43 W, 71, 90 %, 3450 MiB
2026/08/03 20:21:44.602, 72.36 W, 73, 90 %, 3450 MiB
2026/08/03 20:21:45.606, 75.16 W, 73, 93 %, 3452 MiB
2026/08/03 20:21:46.612, 61.78 W, 72, 89 %, 3452 MiB
2026/08/03 20:21:47.615, 75.94 W, 72, 90 %, 3452 MiB
2026/08/03 20:21:48.619, 74.61 W, 73, 90 %, 3452 MiB
2026/08/03 20:21:49.627, 62.20 W, 73, 93 %, 3452 MiB
2026/08/03 20:21:50.630, 68.92 W, 72, 90 %, 3452 MiB
2026/08/03 20:21:51.634, 73.19 W, 72, 90 %, 3452 MiB
2026/08/03 20:21:52.643, 77.20 W, 73, 90 %, 3452 MiB
2026/08/03 20:21:53.647, 66.80 W, 73, 93 %, 3452 MiB
2026/08/03 20:21:54.651, 61.93 W, 72, 90 %, 3452 MiB
2026/08/03 20:21:55.657, 73.24 W, 72, 90 %, 3452 MiB
2026/08/03 20:21:56.660, 76.11 W, 72, 90 %, 3452 MiB
2026/08/03 20:21:57.665, 76.94 W, 72, 92 %, 3452 MiB
2026/08/03 20:21:58.672, 78.82 W, 72, 73 %, 1860 MiB
2026/08/03 20:21:59.677, 59.67 W, 71, 48 %, 3466 MiB
2026/08/03 20:22:00.681, 73.19 W, 73, 60 %, 3472 MiB
2026/08/03 20:22:01.686, 75.02 W, 72, 90 %, 3472 MiB
2026/08/03 20:22:02.694, 76.10 W, 73, 91 %, 3472 MiB
2026/08/03 20:22:03.698, 59.92 W, 72, 92 %, 3472 MiB
2026/08/03 20:22:04.702, 74.70 W, 73, 90 %, 3472 MiB
2026/08/03 20:22:05.710, 75.65 W, 72, 90 %, 3472 MiB
2026/08/03 20:22:06.716, 60.38 W, 73, 90 %, 3472 MiB
2026/08/03 20:22:07.719, 75.92 W, 72, 93 %, 3472 MiB
2026/08/03 20:22:08.725, 73.85 W, 73, 90 %, 3472 MiB
2026/08/03 20:22:09.729, 74.52 W, 72, 89 %, 3472 MiB
2026/08/03 20:22:10.733, 59.77 W, 73, 90 %, 3472 MiB
2026/08/03 20:22:11.737, 74.18 W, 71, 93 %, 3472 MiB
2026/08/03 20:22:12.742, 73.05 W, 72, 90 %, 3472 MiB
2026/08/03 20:22:13.746, 75.08 W, 72, 90 %, 3472 MiB
2026/08/03 20:22:14.750, 62.46 W, 73, 90 %, 3472 MiB
2026/08/03 20:22:15.754, 68.52 W, 71, 93 %, 3472 MiB
2026/08/03 20:22:16.759, 73.11 W, 73, 90 %, 3472 MiB
2026/08/03 20:22:17.764, 77.38 W, 73, 90 %, 3472 MiB
2026/08/03 20:22:18.767, 67.50 W, 72, 90 %, 3472 MiB
2026/08/03 20:22:19.775, 59.53 W, 71, 92 %, 3472 MiB
2026/08/03 20:22:20.778, 77.86 W, 73, 91 %, 3472 MiB
2026/08/03 20:22:21.783, 71.72 W, 73, 90 %, 3472 MiB
2026/08/03 20:22:22.789, 58.56 W, 72, 90 %, 3472 MiB
2026/08/03 20:22:23.793, 73.96 W, 71, 91 %, 3472 MiB
2026/08/03 20:22:24.797, 45.68 W, 69, 92 %, 3472 MiB
2026/08/03 20:22:25.802, 72.63 W, 69, 67 %, 1854 MiB
2026/08/03 20:22:26.805, 70.35 W, 72, 27 %, 3438 MiB
2026/08/03 20:22:27.809, 57.72 W, 72, 85 %, 3440 MiB
2026/08/03 20:22:28.813, 73.46 W, 72, 91 %, 3440 MiB
2026/08/03 20:22:29.816, 75.36 W, 72, 92 %, 3440 MiB
2026/08/03 20:22:30.821, 75.22 W, 73, 90 %, 3440 MiB
2026/08/03 20:22:31.828, 60.28 W, 72, 90 %, 3440 MiB
2026/08/03 20:22:32.833, 74.90 W, 72, 90 %, 3440 MiB
2026/08/03 20:22:33.836, 74.71 W, 72, 93 %, 3440 MiB
2026/08/03 20:22:34.845, 75.60 W, 73, 89 %, 3440 MiB
2026/08/03 20:22:35.848, 74.18 W, 72, 90 %, 3440 MiB
2026/08/03 20:22:36.853, 74.83 W, 73, 90 %, 3440 MiB
2026/08/03 20:22:37.857, 75.41 W, 72, 93 %, 3440 MiB
2026/08/03 20:22:38.861, 61.45 W, 73, 90 %, 3440 MiB
2026/08/03 20:22:39.865, 75.86 W, 72, 90 %, 3440 MiB
2026/08/03 20:22:40.872, 73.31 W, 73, 90 %, 3440 MiB
2026/08/03 20:22:41.876, 74.76 W, 73, 93 %, 3440 MiB
2026/08/03 20:22:42.880, 60.95 W, 73, 90 %, 3440 MiB
2026/08/03 20:22:43.888, 73.49 W, 71, 90 %, 3440 MiB
2026/08/03 20:22:44.892, 73.41 W, 73, 90 %, 3440 MiB
2026/08/03 20:22:45.897, 76.51 W, 73, 93 %, 3440 MiB
2026/08/03 20:22:46.903, 63.61 W, 72, 90 %, 3440 MiB
2026/08/03 20:22:47.907, 65.79 W, 71, 90 %, 3440 MiB
2026/08/03 20:22:48.910, 73.71 W, 72, 90 %, 3440 MiB
2026/08/03 20:22:49.915, 77.32 W, 73, 92 %, 3440 MiB
2026/08/03 20:22:50.918, 62.83 W, 72, 91 %, 3440 MiB
2026/08/03 20:22:51.923, 33.89 W, 72, 87 %, 1152 MiB
2026/08/03 20:22:52.926, 48.81 W, 69, 66 %, 1864 MiB
2026/08/03 20:22:53.929, 77.27 W, 72, 28 %, 3450 MiB
2026/08/03 20:22:54.933, 67.24 W, 72, 91 %, 3450 MiB
2026/08/03 20:22:55.938, 59.67 W, 72, 92 %, 3452 MiB
2026/08/03 20:22:56.942, 72.99 W, 71, 90 %, 3452 MiB
2026/08/03 20:22:57.947, 76.48 W, 73, 90 %, 3452 MiB
2026/08/03 20:22:58.951, 74.87 W, 73, 90 %, 3452 MiB
2026/08/03 20:22:59.954, 58.95 W, 72, 93 %, 3452 MiB
2026/08/03 20:23:00.962, 74.85 W, 72, 90 %, 3452 MiB
2026/08/03 20:23:01.966, 74.48 W, 73, 90 %, 3452 MiB
2026/08/03 20:23:02.971, 75.43 W, 73, 89 %, 3452 MiB
2026/08/03 20:23:03.979, 60.92 W, 72, 93 %, 3452 MiB
2026/08/03 20:23:04.983, 75.28 W, 73, 90 %, 3452 MiB
2026/08/03 20:23:05.988, 75.22 W, 72, 90 %, 3452 MiB
2026/08/03 20:23:06.995, 62.17 W, 73, 90 %, 3452 MiB
2026/08/03 20:23:07.999, 77.29 W, 72, 93 %, 3452 MiB
2026/08/03 20:23:09.004, 72.77 W, 73, 90 %, 3452 MiB
2026/08/03 20:23:10.010, 74.46 W, 72, 90 %, 3452 MiB
2026/08/03 20:23:11.015, 60.71 W, 73, 90 %, 3452 MiB
2026/08/03 20:23:12.019, 72.15 W, 72, 92 %, 3452 MiB
2026/08/03 20:23:13.026, 72.97 W, 73, 91 %, 3452 MiB
2026/08/03 20:23:14.031, 77.17 W, 72, 90 %, 3452 MiB
2026/08/03 20:23:15.037, 66.02 W, 72, 90 %, 3452 MiB
2026/08/03 20:23:16.041, 62.31 W, 72, 91 %, 3452 MiB
2026/08/03 20:23:17.045, 73.39 W, 73, 92 %, 3452 MiB
2026/08/03 20:23:18.048, 77.77 W, 72, 90 %, 3452 MiB
2026/08/03 20:23:19.054, 73.52 W, 72, 79 %, 1862 MiB
2026/08/03 20:23:20.057, 36.82 W, 68, 56 %, 1862 MiB
2026/08/03 20:23:21.060, 65.88 W, 70, 46 %, 3448 MiB
2026/08/03 20:23:22.065, 73.84 W, 72, 92 %, 3448 MiB
2026/08/03 20:23:23.069, 64.60 W, 72, 92 %, 3448 MiB
2026/08/03 20:23:24.073, 64.78 W, 72, 89 %, 3448 MiB
2026/08/03 20:23:25.079, 73.32 W, 70, 90 %, 3450 MiB
2026/08/03 20:23:26.082, 77.02 W, 72, 90 %, 3450 MiB
2026/08/03 20:23:27.086, 74.81 W, 73, 93 %, 3450 MiB
2026/08/03 20:23:28.092, 58.97 W, 72, 91 %, 3450 MiB
2026/08/03 20:23:29.096, 74.82 W, 71, 90 %, 3450 MiB
2026/08/03 20:23:30.099, 75.08 W, 72, 90 %, 3450 MiB
2026/08/03 20:23:31.108, 75.55 W, 73, 93 %, 3450 MiB
2026/08/03 20:23:32.112, 61.65 W, 72, 90 %, 3450 MiB
2026/08/03 20:23:33.116, 75.68 W, 71, 90 %, 3450 MiB
2026/08/03 20:23:34.120, 72.88 W, 73, 90 %, 3450 MiB
2026/08/03 20:23:35.124, 74.07 W, 73, 93 %, 3450 MiB
2026/08/03 20:23:36.129, 61.23 W, 72, 90 %, 3450 MiB
2026/08/03 20:23:37.135, 73.34 W, 71, 90 %, 3450 MiB
2026/08/03 20:23:38.139, 74.84 W, 72, 90 %, 3450 MiB
2026/08/03 20:23:39.144, 61.68 W, 73, 92 %, 3450 MiB
2026/08/03 20:23:40.149, 71.17 W, 72, 91 %, 3450 MiB
2026/08/03 20:23:41.153, 73.43 W, 72, 90 %, 3450 MiB
2026/08/03 20:23:42.157, 76.99 W, 72, 90 %, 3450 MiB
2026/08/03 20:23:43.162, 67.01 W, 73, 90 %, 3450 MiB
2026/08/03 20:23:44.166, 60.00 W, 72, 93 %, 3450 MiB
2026/08/03 20:23:45.170, 72.49 W, 72, 90 %, 3450 MiB
2026/08/03 20:23:46.173, 62.79 W, 69, 90 %, 1828 MiB
2026/08/03 20:23:47.176, 34.83 W, 67, 71 %, 1832 MiB
2026/08/03 20:23:48.179, 68.71 W, 72, 40 %, 3458 MiB
2026/08/03 20:23:49.184, 59.59 W, 71, 72 %, 3458 MiB
2026/08/03 20:23:50.187, 73.33 W, 73, 90 %, 3458 MiB
2026/08/03 20:23:51.191, 75.20 W, 72, 90 %, 3458 MiB
2026/08/03 20:23:52.195, 75.90 W, 72, 90 %, 3458 MiB
2026/08/03 20:23:53.199, 75.18 W, 72, 93 %, 3458 MiB
2026/08/03 20:23:54.206, 74.81 W, 73, 90 %, 3458 MiB
2026/08/03 20:23:55.210, 75.53 W, 72, 90 %, 3458 MiB
2026/08/03 20:23:56.213, 59.95 W, 72, 90 %, 3458 MiB
2026/08/03 20:23:57.218, 74.55 W, 71, 92 %, 3458 MiB
2026/08/03 20:23:58.222, 73.55 W, 73, 91 %, 3458 MiB
2026/08/03 20:23:59.226, 74.93 W, 72, 89 %, 3458 MiB
2026/08/03 20:24:00.231, 59.50 W, 72, 90 %, 3458 MiB
2026/08/03 20:24:01.235, 70.47 W, 71, 91 %, 3458 MiB
2026/08/03 20:24:02.240, 72.55 W, 72, 92 %, 3460 MiB
2026/08/03 20:24:03.244, 76.98 W, 72, 90 %, 3460 MiB
2026/08/03 20:24:04.248, 66.45 W, 72, 90 %, 3460 MiB
2026/08/03 20:24:05.252, 63.15 W, 71, 90 %, 3460 MiB
2026/08/03 20:24:06.256, 73.30 W, 72, 93 %, 3460 MiB
2026/08/03 20:24:07.261, 70.20 W, 72, 90 %, 3460 MiB
2026/08/03 20:24:08.265, 59.87 W, 72, 90 %, 3460 MiB
2026/08/03 20:24:09.269, 73.32 W, 70, 90 %, 3460 MiB
2026/08/03 20:24:10.274, 75.22 W, 72, 93 %, 3460 MiB
2026/08/03 20:24:11.279, 76.57 W, 72, 90 %, 3460 MiB
2026/08/03 20:24:12.283, 60.30 W, 72, 90 %, 3460 MiB
2026/08/03 20:24:13.287, 43.15 W, 71, 90 %, 1862 MiB
2026/08/03 20:24:14.292, 32.45 W, 67, 62 %, 1874 MiB
2026/08/03 20:24:15.295, 75.47 W, 72, 29 %, 3446 MiB
2026/08/03 20:24:16.301, 76.50 W, 72, 90 %, 3448 MiB
2026/08/03 20:24:17.304, 56.65 W, 72, 90 %, 3450 MiB
2026/08/03 20:24:18.309, 74.67 W, 72, 89 %, 3450 MiB
2026/08/03 20:24:19.312, 74.95 W, 72, 93 %, 3450 MiB
2026/08/03 20:24:20.316, 75.76 W, 72, 90 %, 3450 MiB
2026/08/03 20:24:21.320, 60.14 W, 72, 89 %, 3450 MiB
2026/08/03 20:24:22.329, 74.73 W, 73, 90 %, 3450 MiB
2026/08/03 20:24:23.334, 76.12 W, 72, 92 %, 3450 MiB
2026/08/03 20:24:24.338, 60.88 W, 72, 90 %, 3456 MiB
2026/08/03 20:24:25.344, 76.88 W, 72, 90 %, 3456 MiB
2026/08/03 20:24:26.348, 73.20 W, 73, 90 %, 3456 MiB
2026/08/03 20:24:27.351, 75.08 W, 72, 91 %, 3456 MiB
2026/08/03 20:24:28.356, 60.89 W, 72, 92 %, 3456 MiB
2026/08/03 20:24:29.360, 69.97 W, 71, 90 %, 3456 MiB
2026/08/03 20:24:30.365, 72.88 W, 72, 90 %, 3456 MiB
2026/08/03 20:24:31.371, 76.38 W, 72, 89 %, 3456 MiB
2026/08/03 20:24:32.375, 64.51 W, 72, 93 %, 3456 MiB
2026/08/03 20:24:33.379, 65.14 W, 71, 89 %, 3456 MiB
2026/08/03 20:24:34.384, 73.39 W, 72, 90 %, 3456 MiB
2026/08/03 20:24:35.390, 77.01 W, 72, 90 %, 3456 MiB
2026/08/03 20:24:36.393, 71.55 W, 72, 93 %, 3456 MiB
2026/08/03 20:24:37.398, 74.07 W, 70, 90 %, 3456 MiB
2026/08/03 20:24:38.402, 76.87 W, 72, 90 %, 3456 MiB
2026/08/03 20:24:39.407, 72.37 W, 72, 90 %, 3456 MiB
2026/08/03 20:24:40.412, 69.68 W, 72, 78 %, 1858 MiB
2026/08/03 20:24:41.416, 34.75 W, 67, 68 %, 1874 MiB
2026/08/03 20:24:42.419, 72.97 W, 70, 37 %, 3430 MiB
2026/08/03 20:24:43.423, 77.40 W, 72, 90 %, 3430 MiB
2026/08/03 20:24:44.429, 74.43 W, 72, 90 %, 3430 MiB
2026/08/03 20:24:45.433, 60.36 W, 71, 93 %, 3430 MiB
2026/08/03 20:24:46.438, 73.97 W, 71, 90 %, 3430 MiB
2026/08/03 20:24:47.445, 74.93 W, 72, 90 %, 3432 MiB
2026/08/03 20:24:48.449, 75.96 W, 72, 90 %, 3432 MiB
2026/08/03 20:24:49.453, 60.60 W, 71, 92 %, 3432 MiB
2026/08/03 20:24:50.457, 75.82 W, 71, 91 %, 3432 MiB
2026/08/03 20:24:51.460, 73.90 W, 72, 90 %, 3432 MiB
2026/08/03 20:24:52.465, 74.82 W, 72, 90 %, 3432 MiB
2026/08/03 20:24:53.470, 59.55 W, 72, 91 %, 3432 MiB
2026/08/03 20:24:54.474, 73.88 W, 72, 92 %, 3432 MiB
2026/08/03 20:24:55.478, 75.41 W, 72, 90 %, 3432 MiB
2026/08/03 20:24:56.483, 59.71 W, 72, 90 %, 3432 MiB
2026/08/03 20:24:57.487, 74.02 W, 72, 90 %, 3432 MiB
2026/08/03 20:24:58.493, 72.63 W, 73, 93 %, 3432 MiB
2026/08/03 20:24:59.497, 75.10 W, 72, 90 %, 3432 MiB
2026/08/03 20:25:00.500, 62.07 W, 72, 90 %, 3432 MiB
2026/08/03 20:25:01.505, 71.10 W, 71, 90 %, 3432 MiB
2026/08/03 20:25:02.510, 72.97 W, 72, 93 %, 3432 MiB
2026/08/03 20:25:03.514, 76.56 W, 72, 90 %, 3432 MiB
2026/08/03 20:25:04.520, 65.29 W, 72, 90 %, 3432 MiB
2026/08/03 20:25:05.524, 61.13 W, 71, 90 %, 3432 MiB
2026/08/03 20:25:06.528, 72.17 W, 73, 93 %, 3432 MiB
2026/08/03 20:25:07.536, 51.16 W, 69, 74 %, 1864 MiB
2026/08/03 20:25:08.539, 34.54 W, 67, 48 %, 1874 MiB
2026/08/03 20:25:09.542, 65.08 W, 71, 57 %, 3448 MiB
2026/08/03 20:25:10.547, 73.07 W, 70, 90 %, 3450 MiB
2026/08/03 20:25:11.550, 77.67 W, 72, 93 %, 3450 MiB
2026/08/03 20:25:12.555, 71.23 W, 72, 90 %, 3450 MiB
2026/08/03 20:25:13.559, 58.29 W, 72, 90 %, 3450 MiB
2026/08/03 20:25:14.563, 73.23 W, 70, 91 %, 3450 MiB
2026/08/03 20:25:15.568, 74.78 W, 72, 92 %, 3450 MiB
2026/08/03 20:25:16.574, 75.91 W, 72, 91 %, 3450 MiB
2026/08/03 20:25:17.578, 60.13 W, 71, 90 %, 3450 MiB
2026/08/03 20:25:18.584, 74.85 W, 71, 90 %, 3450 MiB
2026/08/03 20:25:19.587, 74.12 W, 72, 91 %, 3450 MiB
2026/08/03 20:25:20.591, 74.70 W, 72, 92 %, 3452 MiB
2026/08/03 20:25:21.597, 62.25 W, 72, 90 %, 3452 MiB
2026/08/03 20:25:22.601, 76.48 W, 71, 90 %, 3452 MiB
2026/08/03 20:25:23.605, 72.35 W, 72, 90 %, 3452 MiB
2026/08/03 20:25:24.613, 61.22 W, 72, 93 %, 3452 MiB
2026/08/03 20:25:25.617, 76.62 W, 72, 90 %, 3452 MiB
2026/08/03 20:25:26.621, 73.09 W, 72, 90 %, 3452 MiB
2026/08/03 20:25:27.628, 74.85 W, 72, 89 %, 3452 MiB
2026/08/03 20:25:28.635, 59.47 W, 72, 93 %, 3452 MiB
2026/08/03 20:25:29.639, 72.95 W, 72, 90 %, 3452 MiB
2026/08/03 20:25:30.643, 73.60 W, 73, 90 %, 3452 MiB
2026/08/03 20:25:31.647, 76.17 W, 72, 90 %, 3452 MiB
2026/08/03 20:25:32.652, 65.38 W, 72, 93 %, 3452 MiB
2026/08/03 20:25:33.657, 61.87 W, 72, 90 %, 3452 MiB
2026/08/03 20:25:34.661, 35.29 W, 70, 70 %, 1862 MiB
2026/08/03 20:25:35.665, 52.99 W, 69, 28 %, 2888 MiB
2026/08/03 20:25:36.670, 77.47 W, 71, 82 %, 3448 MiB
2026/08/03 20:25:37.676, 68.33 W, 72, 93 %, 3448 MiB
2026/08/03 20:25:38.680, 59.18 W, 71, 90 %, 3448 MiB
2026/08/03 20:25:39.685, 73.13 W, 72, 90 %, 3448 MiB
2026/08/03 20:25:40.692, 76.68 W, 72, 89 %, 3448 MiB
2026/08/03 20:25:41.696, 58.31 W, 72, 92 %, 3450 MiB
2026/08/03 20:25:42.700, 72.84 W, 70, 91 %, 3450 MiB
2026/08/03 20:25:43.705, 77.04 W, 72, 89 %, 3450 MiB
2026/08/03 20:25:44.710, 75.24 W, 72, 90 %, 3450 MiB
2026/08/03 20:25:45.713, 59.10 W, 72, 91 %, 3450 MiB
2026/08/03 20:25:46.718, 74.25 W, 70, 92 %, 3450 MiB
2026/08/03 20:25:47.722, 75.58 W, 72, 90 %, 3450 MiB
2026/08/03 20:25:48.726, 74.93 W, 72, 90 %, 3450 MiB
2026/08/03 20:25:49.730, 61.60 W, 72, 90 %, 3450 MiB
2026/08/03 20:25:50.734, 76.48 W, 71, 93 %, 3450 MiB
2026/08/03 20:25:51.739, 72.79 W, 72, 90 %, 3450 MiB
2026/08/03 20:25:52.744, 76.02 W, 72, 90 %, 3452 MiB
2026/08/03 20:25:53.747, 62.90 W, 72, 90 %, 3452 MiB
2026/08/03 20:25:54.755, 68.66 W, 71, 93 %, 3452 MiB
2026/08/03 20:25:55.758, 75.51 W, 72, 90 %, 3452 MiB
2026/08/03 20:25:56.764, 62.93 W, 72, 89 %, 3452 MiB
2026/08/03 20:25:57.767, 66.24 W, 72, 90 %, 3452 MiB
2026/08/03 20:25:58.771, 72.85 W, 71, 93 %, 3452 MiB
2026/08/03 20:25:59.775, 77.45 W, 72, 91 %, 3452 MiB
2026/08/03 20:26:00.779, 76.61 W, 71, 91 %, 3452 MiB
2026/08/03 20:26:01.782, 72.62 W, 71, 88 %, 1850 MiB
2026/08/03 20:26:02.788, 63.55 W, 70, 65 %, 3454 MiB
2026/08/03 20:26:03.795, 72.95 W, 72, 28 %, 3458 MiB
2026/08/03 20:26:04.798, 77.78 W, 72, 92 %, 3458 MiB
2026/08/03 20:26:05.803, 74.40 W, 72, 91 %, 3458 MiB
2026/08/03 20:26:06.809, 58.47 W, 71, 90 %, 3458 MiB
2026/08/03 20:26:07.813, 74.86 W, 72, 90 %, 3458 MiB
2026/08/03 20:26:08.816, 75.35 W, 72, 91 %, 3458 MiB
2026/08/03 20:26:09.823, 76.12 W, 72, 93 %, 3458 MiB
2026/08/03 20:26:10.826, 60.63 W, 72, 90 %, 3458 MiB
2026/08/03 20:26:11.830, 74.75 W, 72, 90 %, 3458 MiB
2026/08/03 20:26:12.839, 74.75 W, 72, 90 %, 3458 MiB
2026/08/03 20:26:13.845, 61.22 W, 72, 93 %, 3458 MiB
2026/08/03 20:26:14.848, 75.46 W, 72, 91 %, 3458 MiB
2026/08/03 20:26:15.853, 72.90 W, 73, 90 %, 3458 MiB
2026/08/03 20:26:16.860, 75.65 W, 72, 90 %, 3458 MiB
2026/08/03 20:26:17.864, 64.27 W, 72, 93 %, 3458 MiB
2026/08/03 20:26:18.868, 65.77 W, 72, 90 %, 3458 MiB
2026/08/03 20:26:19.877, 73.17 W, 72, 90 %, 3458 MiB
2026/08/03 20:26:20.881, 77.51 W, 72, 90 %, 3458 MiB
2026/08/03 20:26:21.887, 69.68 W, 72, 92 %, 3458 MiB
2026/08/03 20:26:22.890, 59.77 W, 72, 91 %, 3458 MiB
2026/08/03 20:26:23.894, 73.16 W, 73, 90 %, 3458 MiB
2026/08/03 20:26:24.899, 75.59 W, 72, 91 %, 3458 MiB
2026/08/03 20:26:25.905, 75.73 W, 72, 90 %, 3458 MiB
2026/08/03 20:26:26.908, 60.67 W, 72, 93 %, 3458 MiB
2026/08/03 20:26:27.912, 39.83 W, 69, 90 %, 1154 MiB
2026/08/03 20:26:28.917, 66.51 W, 68, 79 %, 1866 MiB
2026/08/03 20:26:29.920, 76.49 W, 71, 54 %, 3450 MiB
2026/08/03 20:26:30.924, 60.39 W, 72, 47 %, 3450 MiB
2026/08/03 20:26:31.929, 75.17 W, 71, 93 %, 3450 MiB
2026/08/03 20:26:32.934, 74.02 W, 72, 90 %, 3450 MiB
2026/08/03 20:26:33.938, 74.06 W, 72, 90 %, 3452 MiB
2026/08/03 20:26:34.944, 58.31 W, 72, 90 %, 3452 MiB
2026/08/03 20:26:35.948, 71.89 W, 71, 92 %, 3452 MiB
2026/08/03 20:26:36.952, 73.21 W, 72, 90 %, 3452 MiB
2026/08/03 20:26:37.957, 76.67 W, 72, 90 %, 3452 MiB
2026/08/03 20:26:38.962, 62.75 W, 72, 90 %, 3452 MiB
2026/08/03 20:26:39.966, 66.78 W, 70, 92 %, 3452 MiB
2026/08/03 20:26:40.970, 73.49 W, 72, 90 %, 3452 MiB
2026/08/03 20:26:41.975, 77.55 W, 72, 89 %, 3452 MiB
2026/08/03 20:26:42.978, 67.46 W, 72, 90 %, 3452 MiB
2026/08/03 20:26:43.984, 73.68 W, 70, 91 %, 3452 MiB
2026/08/03 20:26:44.988, 77.29 W, 72, 92 %, 3452 MiB
2026/08/03 20:26:45.992, 73.56 W, 72, 90 %, 3452 MiB
2026/08/03 20:26:46.999, 58.85 W, 72, 90 %, 3452 MiB
2026/08/03 20:26:48.003, 74.46 W, 70, 90 %, 3452 MiB
2026/08/03 20:26:49.007, 74.98 W, 72, 93 %, 3452 MiB
2026/08/03 20:26:50.013, 75.36 W, 72, 90 %, 3452 MiB
2026/08/03 20:26:51.016, 61.02 W, 72, 90 %, 3452 MiB
2026/08/03 20:26:52.023, 75.67 W, 70, 90 %, 3452 MiB
2026/08/03 20:26:53.029, 73.60 W, 72, 93 %, 3452 MiB
2026/08/03 20:26:54.033, 74.44 W, 73, 90 %, 3452 MiB
2026/08/03 20:26:55.037, 80.04 W, 71, 90 %, 1152 MiB
2026/08/03 20:26:56.044, 37.89 W, 68, 72 %, 1864 MiB
2026/08/03 20:26:57.047, 75.40 W, 70, 36 %, 3450 MiB
2026/08/03 20:26:58.050, 74.08 W, 72, 76 %, 3450 MiB
2026/08/03 20:26:59.055, 75.64 W, 72, 90 %, 3450 MiB
2026/08/03 20:27:00.059, 73.55 W, 72, 90 %, 3450 MiB
2026/08/03 20:27:01.063, 73.50 W, 71, 90 %, 3452 MiB
2026/08/03 20:27:02.068, 75.35 W, 72, 92 %, 3452 MiB
2026/08/03 20:27:03.072, 63.63 W, 73, 91 %, 3452 MiB
2026/08/03 20:27:04.076, 65.09 W, 72, 90 %, 3452 MiB
2026/08/03 20:27:05.082, 73.01 W, 72, 90 %, 3452 MiB
2026/08/03 20:27:06.085, 76.72 W, 72, 90 %, 3452 MiB
2026/08/03 20:27:07.090, 66.18 W, 72, 91 %, 3452 MiB
2026/08/03 20:27:08.094, 61.06 W, 72, 90 %, 3452 MiB
2026/08/03 20:27:09.098, 72.27 W, 72, 90 %, 3452 MiB
2026/08/03 20:27:10.105, 76.45 W, 72, 90 %, 3452 MiB
2026/08/03 20:27:11.113, 74.52 W, 72, 93 %, 3452 MiB
2026/08/03 20:27:12.117, 59.72 W, 72, 90 %, 3452 MiB
2026/08/03 20:27:13.121, 73.96 W, 73, 90 %, 3452 MiB
2026/08/03 20:27:14.129, 75.03 W, 72, 90 %, 3452 MiB
2026/08/03 20:27:15.136, 75.67 W, 72, 93 %, 3452 MiB
2026/08/03 20:27:16.140, 74.62 W, 72, 90 %, 3452 MiB
2026/08/03 20:27:17.144, 74.53 W, 73, 89 %, 3452 MiB
2026/08/03 20:27:18.147, 74.83 W, 72, 90 %, 3452 MiB
2026/08/03 20:27:19.151, 61.97 W, 72, 93 %, 3452 MiB
2026/08/03 20:27:20.155, 75.72 W, 71, 91 %, 3452 MiB
2026/08/03 20:27:21.158, 72.99 W, 73, 90 %, 3452 MiB
2026/08/03 20:27:22.162, 72.02 W, 70, 90 %, 1828 MiB
2026/08/03 20:27:23.168, 35.01 W, 67, 63 %, 1832 MiB
2026/08/03 20:27:24.172, 59.82 W, 72, 30 %, 3468 MiB
2026/08/03 20:27:25.175, 69.36 W, 71, 91 %, 3470 MiB
2026/08/03 20:27:26.182, 73.19 W, 72, 90 %, 3470 MiB
2026/08/03 20:27:27.190, 76.33 W, 72, 90 %, 3470 MiB
2026/08/03 20:27:28.194, 63.76 W, 72, 91 %, 3470 MiB
2026/08/03 20:27:29.198, 66.31 W, 70, 91 %, 3470 MiB
2026/08/03 20:27:30.202, 74.08 W, 72, 90 %, 3470 MiB
2026/08/03 20:27:31.206, 77.50 W, 73, 90 %, 3470 MiB
2026/08/03 20:27:32.212, 63.64 W, 72, 90 %, 3470 MiB
2026/08/03 20:27:33.216, 72.93 W, 71, 93 %, 3470 MiB
2026/08/03 20:27:34.219, 77.61 W, 72, 90 %, 3470 MiB
2026/08/03 20:27:35.227, 73.25 W, 73, 90 %, 3470 MiB
2026/08/03 20:27:36.231, 58.37 W, 72, 90 %, 3470 MiB
2026/08/03 20:27:37.235, 73.08 W, 71, 93 %, 3470 MiB
2026/08/03 20:27:38.241, 75.01 W, 73, 90 %, 3470 MiB
2026/08/03 20:27:39.246, 75.25 W, 73, 90 %, 3470 MiB
2026/08/03 20:27:40.250, 60.00 W, 72, 90 %, 3470 MiB
2026/08/03 20:27:41.254, 75.72 W, 71, 93 %, 3470 MiB
2026/08/03 20:27:42.257, 74.45 W, 73, 90 %, 3470 MiB
2026/08/03 20:27:43.263, 75.36 W, 73, 90 %, 3472 MiB
2026/08/03 20:27:44.271, 59.30 W, 72, 90 %, 3472 MiB
2026/08/03 20:27:45.274, 74.44 W, 72, 92 %, 3472 MiB
2026/08/03 20:27:46.278, 73.65 W, 73, 91 %, 3472 MiB
2026/08/03 20:27:47.286, 59.40 W, 73, 90 %, 3472 MiB
2026/08/03 20:27:48.290, 71.57 W, 72, 90 %, 3472 MiB
2026/08/03 20:27:49.293, 42.50 W, 72, 77 %, 1858 MiB
2026/08/03 20:27:50.299, 34.81 W, 68, 65 %, 1872 MiB
2026/08/03 20:27:51.303, 74.76 W, 72, 39 %, 3448 MiB
2026/08/03 20:27:52.307, 61.35 W, 72, 90 %, 3448 MiB
2026/08/03 20:27:53.311, 76.29 W, 71, 90 %, 3452 MiB
2026/08/03 20:27:54.318, 74.24 W, 73, 92 %, 3452 MiB
2026/08/03 20:27:55.323, 75.84 W, 72, 91 %, 3452 MiB
2026/08/03 20:27:56.327, 61.56 W, 73, 90 %, 3452 MiB
2026/08/03 20:27:57.333, 68.18 W, 71, 90 %, 3452 MiB
2026/08/03 20:27:58.338, 73.44 W, 72, 90 %, 3452 MiB
2026/08/03 20:27:59.342, 77.82 W, 72, 93 %, 3452 MiB
2026/08/03 20:28:00.347, 70.23 W, 72, 90 %, 3452 MiB
2026/08/03 20:28:01.352, 59.16 W, 71, 90 %, 3452 MiB
2026/08/03 20:28:02.356, 72.54 W, 72, 90 %, 3452 MiB
2026/08/03 20:28:03.363, 77.02 W, 72, 93 %, 3452 MiB
2026/08/03 20:28:04.367, 60.23 W, 73, 90 %, 3452 MiB
2026/08/03 20:28:05.372, 72.49 W, 71, 90 %, 3452 MiB
2026/08/03 20:28:06.377, 75.86 W, 72, 90 %, 3452 MiB
2026/08/03 20:28:07.381, 76.80 W, 73, 93 %, 3452 MiB
2026/08/03 20:28:08.385, 59.30 W, 73, 90 %, 3452 MiB
2026/08/03 20:28:09.392, 74.67 W, 71, 90 %, 3452 MiB
2026/08/03 20:28:10.396, 74.00 W, 73, 90 %, 3452 MiB
2026/08/03 20:28:11.401, 74.65 W, 73, 92 %, 3452 MiB
2026/08/03 20:28:12.407, 59.96 W, 72, 91 %, 3452 MiB
2026/08/03 20:28:13.411, 73.72 W, 71, 90 %, 3452 MiB
2026/08/03 20:28:14.414, 72.79 W, 73, 90 %, 3452 MiB
2026/08/03 20:28:15.418, 75.45 W, 73, 90 %, 3452 MiB
2026/08/03 20:28:16.422, 74.17 W, 72, 72 %, 1860 MiB
2026/08/03 20:28:17.428, 34.65 W, 67, 48 %, 1874 MiB
2026/08/03 20:28:18.431, 70.72 W, 71, 63 %, 3448 MiB
2026/08/03 20:28:19.434, 75.38 W, 73, 90 %, 3448 MiB
2026/08/03 20:28:20.440, 61.16 W, 73, 90 %, 3450 MiB
2026/08/03 20:28:21.448, 69.08 W, 72, 93 %, 3450 MiB
2026/08/03 20:28:22.452, 72.93 W, 72, 90 %, 3450 MiB
2026/08/03 20:28:23.455, 75.96 W, 72, 90 %, 3450 MiB
2026/08/03 20:28:24.461, 65.25 W, 73, 90 %, 3450 MiB
2026/08/03 20:28:25.465, 64.99 W, 72, 93 %, 3450 MiB
2026/08/03 20:28:26.469, 73.12 W, 73, 89 %, 3450 MiB
2026/08/03 20:28:27.475, 77.59 W, 72, 90 %, 3450 MiB
2026/08/03 20:28:28.480, 69.06 W, 73, 89 %, 3452 MiB
2026/08/03 20:28:29.483, 60.20 W, 72, 93 %, 3452 MiB
2026/08/03 20:28:30.490, 72.77 W, 73, 90 %, 3452 MiB
2026/08/03 20:28:31.498, 75.46 W, 72, 90 %, 3452 MiB
2026/08/03 20:28:32.503, 75.47 W, 73, 90 %, 3452 MiB
2026/08/03 20:28:33.507, 58.54 W, 72, 93 %, 3452 MiB
2026/08/03 20:28:34.513, 73.44 W, 73, 90 %, 3452 MiB
2026/08/03 20:28:35.516, 74.61 W, 72, 90 %, 3452 MiB
2026/08/03 20:28:36.520, 58.77 W, 72, 90 %, 3452 MiB
2026/08/03 20:28:37.526, 74.12 W, 71, 92 %, 3452 MiB
2026/08/03 20:28:38.530, 75.37 W, 73, 91 %, 3452 MiB
2026/08/03 20:28:39.534, 75.85 W, 72, 90 %, 3452 MiB
2026/08/03 20:28:40.543, 57.36 W, 72, 89 %, 3452 MiB
2026/08/03 20:28:41.547, 74.79 W, 71, 92 %, 3452 MiB
2026/08/03 20:28:42.551, 74.67 W, 72, 91 %, 3452 MiB
2026/08/03 20:28:43.557, 72.99 W, 70, 69 %, 1862 MiB
2026/08/03 20:28:44.560, 34.49 W, 67, 27 %, 1874 MiB
2026/08/03 20:28:45.563, 58.89 W, 71, 84 %, 3448 MiB
2026/08/03 20:28:46.568, 74.50 W, 71, 92 %, 3448 MiB
2026/08/03 20:28:47.572, 74.94 W, 72, 92 %, 3450 MiB
2026/08/03 20:28:48.576, 75.74 W, 72, 91 %, 3450 MiB
2026/08/03 20:28:49.583, 60.13 W, 72, 89 %, 3450 MiB
2026/08/03 20:28:50.587, 75.66 W, 72, 90 %, 3450 MiB
2026/08/03 20:28:51.590, 73.43 W, 72, 91 %, 3450 MiB
2026/08/03 20:28:52.599, 59.53 W, 72, 92 %, 3450 MiB
2026/08/03 20:28:53.602, 76.75 W, 72, 89 %, 3450 MiB
2026/08/03 20:28:54.606, 73.35 W, 73, 90 %, 3450 MiB
2026/08/03 20:28:55.614, 73.98 W, 72, 90 %, 3450 MiB
2026/08/03 20:28:56.620, 60.99 W, 72, 92 %, 3450 MiB
2026/08/03 20:28:57.624, 73.08 W, 71, 90 %, 3450 MiB
2026/08/03 20:28:58.629, 73.25 W, 72, 89 %, 3452 MiB
2026/08/03 20:28:59.633, 76.02 W, 72, 90 %, 3452 MiB
2026/08/03 20:29:00.637, 61.79 W, 72, 93 %, 3452 MiB
2026/08/03 20:29:01.644, 71.00 W, 71, 90 %, 3452 MiB
2026/08/03 20:29:02.648, 73.57 W, 72, 89 %, 3452 MiB
2026/08/03 20:29:03.653, 76.63 W, 72, 90 %, 3452 MiB
2026/08/03 20:29:04.661, 67.87 W, 72, 93 %, 3452 MiB
2026/08/03 20:29:05.665, 61.64 W, 71, 90 %, 3452 MiB
2026/08/03 20:29:06.669, 72.47 W, 72, 90 %, 3452 MiB
2026/08/03 20:29:07.676, 77.12 W, 72, 90 %, 3452 MiB
2026/08/03 20:29:08.680, 60.93 W, 72, 92 %, 3452 MiB
2026/08/03 20:29:09.684, 73.23 W, 72, 90 %, 3452 MiB
2026/08/03 20:29:10.689, 55.12 W, 69, 89 %, 1860 MiB
2026/08/03 20:29:11.692, 34.51 W, 69, 63 %, 2888 MiB
2026/08/03 20:29:12.697, 67.94 W, 72, 28 %, 3450 MiB
2026/08/03 20:29:13.701, 58.39 W, 71, 93 %, 3450 MiB
2026/08/03 20:29:14.704, 72.46 W, 71, 90 %, 3450 MiB
2026/08/03 20:29:15.708, 75.84 W, 72, 90 %, 3450 MiB
2026/08/03 20:29:16.714, 75.92 W, 72, 90 %, 3450 MiB
2026/08/03 20:29:17.718, 57.62 W, 72, 92 %, 3450 MiB
2026/08/03 20:29:18.721, 74.56 W, 71, 91 %, 3450 MiB
2026/08/03 20:29:19.727, 74.45 W, 73, 90 %, 3450 MiB
2026/08/03 20:29:20.731, 73.90 W, 73, 90 %, 3450 MiB
2026/08/03 20:29:21.735, 60.97 W, 72, 90 %, 3450 MiB
2026/08/03 20:29:22.742, 74.32 W, 72, 93 %, 3450 MiB
2026/08/03 20:29:23.746, 74.76 W, 72, 90 %, 3450 MiB
2026/08/03 20:29:24.750, 60.91 W, 73, 89 %, 3450 MiB
2026/08/03 20:29:25.758, 72.80 W, 72, 90 %, 3450 MiB
2026/08/03 20:29:26.762, 72.68 W, 72, 93 %, 3450 MiB
2026/08/03 20:29:27.766, 76.04 W, 72, 90 %, 3450 MiB
2026/08/03 20:29:28.772, 61.80 W, 73, 90 %, 3450 MiB
2026/08/03 20:29:29.781, 67.79 W, 72, 90 %, 3450 MiB
2026/08/03 20:29:30.785, 72.79 W, 73, 93 %, 3450 MiB
2026/08/03 20:29:31.789, 77.46 W, 72, 90 %, 3450 MiB
2026/08/03 20:29:32.796, 69.72 W, 73, 90 %, 3450 MiB
2026/08/03 20:29:33.801, 60.17 W, 72, 90 %, 3450 MiB
2026/08/03 20:29:34.804, 73.17 W, 73, 92 %, 3450 MiB
2026/08/03 20:29:35.809, 74.94 W, 72, 91 %, 3450 MiB
2026/08/03 20:29:36.813, 75.97 W, 72, 90 %, 3450 MiB
2026/08/03 20:29:37.818, 77.90 W, 71, 78 %, 1854 MiB
2026/08/03 20:29:38.826, 58.14 W, 70, 58 %, 3456 MiB
2026/08/03 20:29:39.833, 73.71 W, 72, 46 %, 3460 MiB
2026/08/03 20:29:40.836, 74.96 W, 72, 91 %, 3460 MiB
2026/08/03 20:29:41.840, 58.72 W, 72, 90 %, 3460 MiB
2026/08/03 20:29:42.846, 74.85 W, 71, 90 %, 3460 MiB
2026/08/03 20:29:43.850, 74.73 W, 72, 91 %, 3460 MiB
2026/08/03 20:29:44.853, 76.32 W, 72, 93 %, 3460 MiB
2026/08/03 20:29:45.858, 59.73 W, 72, 90 %, 3460 MiB
2026/08/03 20:29:46.862, 71.59 W, 72, 90 %, 3460 MiB
2026/08/03 20:29:47.869, 73.71 W, 72, 90 %, 3460 MiB
2026/08/03 20:29:48.873, 76.48 W, 72, 93 %, 3460 MiB
2026/08/03 20:29:49.877, 64.06 W, 72, 90 %, 3460 MiB
2026/08/03 20:29:50.885, 67.39 W, 71, 90 %, 3460 MiB
2026/08/03 20:29:51.890, 73.34 W, 72, 90 %, 3460 MiB
2026/08/03 20:29:52.894, 77.23 W, 72, 93 %, 3460 MiB
2026/08/03 20:29:53.900, 71.42 W, 72, 91 %, 3460 MiB
2026/08/03 20:29:54.904, 58.56 W, 71, 90 %, 3460 MiB
2026/08/03 20:29:55.908, 73.17 W, 72, 90 %, 3460 MiB
2026/08/03 20:29:56.915, 74.27 W, 72, 91 %, 3460 MiB
2026/08/03 20:29:57.919, 58.90 W, 72, 92 %, 3460 MiB
2026/08/03 20:29:58.923, 73.80 W, 71, 90 %, 3460 MiB
2026/08/03 20:29:59.930, 74.94 W, 72, 90 %, 3460 MiB
2026/08/03 20:30:00.934, 74.84 W, 72, 90 %, 3460 MiB
2026/08/03 20:30:01.938, 61.76 W, 72, 93 %, 3460 MiB
2026/08/03 20:30:02.944, 76.26 W, 70, 90 %, 3460 MiB
2026/08/03 20:30:03.948, 35.05 W, 68, 90 %, 3460 MiB
2026/08/03 20:30:04.950, 62.24 W, 69, 71 %, 1860 MiB
2026/08/03 20:30:05.953, 74.94 W, 71, 38 %, 3446 MiB
2026/08/03 20:30:06.960, 58.04 W, 71, 74 %, 3450 MiB
2026/08/03 20:30:07.963, 73.38 W, 70, 90 %, 3450 MiB
2026/08/03 20:30:08.966, 73.18 W, 72, 90 %, 3450 MiB
2026/08/03 20:30:09.972, 75.70 W, 73, 90 %, 3450 MiB
2026/08/03 20:30:10.975, 64.01 W, 72, 93 %, 3450 MiB
2026/08/03 20:30:11.979, 63.13 W, 70, 91 %, 3452 MiB
2026/08/03 20:30:12.983, 76.78 W, 72, 90 %, 3452 MiB
2026/08/03 20:30:13.987, 67.30 W, 73, 89 %, 3452 MiB
2026/08/03 20:30:14.992, 63.89 W, 71, 92 %, 3452 MiB
2026/08/03 20:30:15.996, 73.37 W, 71, 90 %, 3452 MiB
2026/08/03 20:30:16.999, 77.16 W, 72, 90 %, 3452 MiB
2026/08/03 20:30:18.007, 69.13 W, 73, 90 %, 3452 MiB
2026/08/03 20:30:19.011, 59.62 W, 72, 91 %, 3452 MiB
2026/08/03 20:30:20.015, 72.42 W, 72, 91 %, 3452 MiB
2026/08/03 20:30:21.019, 76.86 W, 72, 90 %, 3452 MiB
2026/08/03 20:30:22.024, 74.38 W, 72, 90 %, 3452 MiB
2026/08/03 20:30:23.028, 59.64 W, 72, 91 %, 3452 MiB
2026/08/03 20:30:24.036, 73.50 W, 72, 92 %, 3452 MiB
2026/08/03 20:30:25.042, 75.03 W, 72, 90 %, 3452 MiB
2026/08/03 20:30:26.047, 75.67 W, 72, 90 %, 3452 MiB
2026/08/03 20:30:27.052, 57.34 W, 71, 90 %, 3452 MiB
2026/08/03 20:30:28.056, 75.12 W, 73, 93 %, 3452 MiB
2026/08/03 20:30:29.059, 76.36 W, 72, 89 %, 3452 MiB
2026/08/03 20:30:30.066, 56.75 W, 72, 90 %, 3452 MiB
2026/08/03 20:30:31.070, 34.86 W, 71, 89 %, 1152 MiB
2026/08/03 20:30:32.074, 36.71 W, 68, 62 %, 1864 MiB
2026/08/03 20:30:33.077, 74.27 W, 71, 31 %, 3448 MiB
2026/08/03 20:30:34.082, 75.46 W, 72, 90 %, 3448 MiB
2026/08/03 20:30:35.086, 57.88 W, 71, 90 %, 3448 MiB
2026/08/03 20:30:36.090, 74.21 W, 70, 89 %, 3448 MiB
2026/08/03 20:30:37.094, 75.57 W, 72, 93 %, 3448 MiB
2026/08/03 20:30:38.098, 76.24 W, 72, 89 %, 3448 MiB
2026/08/03 20:30:39.104, 59.96 W, 71, 90 %, 3448 MiB
2026/08/03 20:30:40.107, 75.92 W, 71, 90 %, 3450 MiB
2026/08/03 20:30:41.110, 74.26 W, 72, 93 %, 3450 MiB
2026/08/03 20:30:42.117, 74.69 W, 72, 90 %, 3450 MiB
2026/08/03 20:30:43.121, 60.69 W, 71, 90 %, 3450 MiB
2026/08/03 20:30:44.125, 73.36 W, 71, 90 %, 3450 MiB
2026/08/03 20:30:45.133, 75.93 W, 72, 92 %, 3450 MiB
2026/08/03 20:30:46.137, 63.79 W, 72, 91 %, 3450 MiB
2026/08/03 20:30:47.141, 66.85 W, 72, 90 %, 3450 MiB
2026/08/03 20:30:48.147, 73.56 W, 71, 90 %, 3450 MiB
2026/08/03 20:30:49.151, 77.42 W, 72, 91 %, 3450 MiB
2026/08/03 20:30:50.155, 69.11 W, 72, 92 %, 3450 MiB
2026/08/03 20:30:51.162, 60.42 W, 72, 90 %, 3450 MiB
2026/08/03 20:30:52.166, 72.70 W, 72, 90 %, 3450 MiB
2026/08/03 20:30:53.169, 75.51 W, 72, 90 %, 3450 MiB
2026/08/03 20:30:54.178, 75.64 W, 72, 93 %, 3452 MiB
2026/08/03 20:30:55.181, 60.75 W, 72, 91 %, 3452 MiB
2026/08/03 20:30:56.186, 75.36 W, 71, 90 %, 3452 MiB
2026/08/03 20:30:57.194, 73.91 W, 72, 90 %, 3452 MiB
2026/08/03 20:30:58.198, 74.59 W, 72, 79 %, 1828 MiB
2026/08/03 20:30:59.202, 34.97 W, 67, 68 %, 1830 MiB
2026/08/03 20:31:00.205, 74.94 W, 71, 37 %, 3434 MiB
2026/08/03 20:31:01.209, 73.30 W, 72, 90 %, 3438 MiB
2026/08/03 20:31:02.213, 74.19 W, 72, 90 %, 3438 MiB
2026/08/03 20:31:03.220, 57.70 W, 72, 92 %, 3438 MiB
2026/08/03 20:31:04.223, 73.51 W, 71, 91 %, 3438 MiB
2026/08/03 20:31:05.227, 73.35 W, 73, 90 %, 3438 MiB
2026/08/03 20:31:06.236, 76.27 W, 72, 90 %, 3438 MiB
2026/08/03 20:31:07.240, 63.86 W, 72, 91 %, 3438 MiB
2026/08/03 20:31:08.244, 66.52 W, 71, 91 %, 3438 MiB
2026/08/03 20:31:09.249, 72.84 W, 72, 90 %, 3438 MiB
2026/08/03 20:31:10.254, 77.25 W, 72, 90 %, 3438 MiB
2026/08/03 20:31:11.258, 68.61 W, 72, 91 %, 3438 MiB
2026/08/03 20:31:12.265, 59.91 W, 71, 93 %, 3438 MiB
2026/08/03 20:31:13.270, 73.07 W, 72, 90 %, 3438 MiB
2026/08/03 20:31:14.274, 75.54 W, 72, 89 %, 3438 MiB
2026/08/03 20:31:15.282, 75.93 W, 72, 90 %, 3438 MiB
2026/08/03 20:31:16.286, 73.53 W, 71, 93 %, 3442 MiB
2026/08/03 20:31:17.291, 74.90 W, 72, 90 %, 3442 MiB
2026/08/03 20:31:18.296, 75.44 W, 72, 90 %, 3442 MiB
2026/08/03 20:31:19.301, 60.95 W, 72, 90 %, 3442 MiB
2026/08/03 20:31:20.305, 75.23 W, 71, 93 %, 3442 MiB
2026/08/03 20:31:21.311, 73.75 W, 72, 90 %, 3442 MiB
2026/08/03 20:31:22.316, 75.29 W, 72, 90 %, 3442 MiB
2026/08/03 20:31:23.320, 61.60 W, 72, 90 %, 3442 MiB
2026/08/03 20:31:24.326, 72.53 W, 71, 92 %, 3442 MiB
2026/08/03 20:31:25.331, 41.18 W, 68, 73 %, 1864 MiB
2026/08/03 20:31:26.334, 34.88 W, 67, 48 %, 1872 MiB
2026/08/03 20:31:27.337, 76.47 W, 71, 62 %, 3448 MiB
2026/08/03 20:31:28.347, 66.57 W, 72, 90 %, 3448 MiB
2026/08/03 20:31:29.350, 61.18 W, 71, 90 %, 3450 MiB
2026/08/03 20:31:30.355, 72.56 W, 72, 93 %, 3450 MiB
2026/08/03 20:31:31.363, 76.02 W, 72, 93 %, 3450 MiB
2026/08/03 20:31:32.367, 74.96 W, 72, 91 %, 3450 MiB
2026/08/03 20:31:33.371, 73.24 W, 71, 90 %, 3450 MiB
2026/08/03 20:31:34.377, 75.27 W, 72, 90 %, 3450 MiB
2026/08/03 20:31:35.382, 76.59 W, 72, 93 %, 3450 MiB
2026/08/03 20:31:36.386, 61.44 W, 72, 90 %, 3450 MiB
2026/08/03 20:31:37.391, 76.08 W, 71, 90 %, 3450 MiB
2026/08/03 20:31:38.396, 73.72 W, 72, 90 %, 3450 MiB
2026/08/03 20:31:39.401, 74.42 W, 72, 92 %, 3450 MiB
2026/08/03 20:31:40.406, 59.90 W, 72, 90 %, 3450 MiB
2026/08/03 20:31:41.410, 70.57 W, 71, 90 %, 3450 MiB
2026/08/03 20:31:42.415, 72.50 W, 72, 90 %, 3450 MiB
2026/08/03 20:31:43.419, 76.82 W, 72, 91 %, 3450 MiB
2026/08/03 20:31:44.424, 67.74 W, 72, 92 %, 3450 MiB
2026/08/03 20:31:45.427, 60.86 W, 71, 90 %, 3450 MiB
2026/08/03 20:31:46.434, 73.18 W, 72, 90 %, 3450 MiB
2026/08/03 20:31:47.438, 74.53 W, 72, 90 %, 3450 MiB
2026/08/03 20:31:48.442, 57.92 W, 72, 93 %, 3450 MiB
2026/08/03 20:31:49.450, 74.00 W, 71, 90 %, 3450 MiB
2026/08/03 20:31:50.455, 74.48 W, 72, 90 %, 3450 MiB
2026/08/03 20:31:51.459, 75.78 W, 72, 90 %, 3452 MiB
2026/08/03 20:31:52.466, 76.35 W, 72, 91 %, 1860 MiB
2026/08/03 20:31:53.472, 34.70 W, 67, 64 %, 1874 MiB
2026/08/03 20:31:54.475, 76.04 W, 70, 29 %, 3462 MiB
2026/08/03 20:31:55.479, 72.61 W, 72, 90 %, 3462 MiB
2026/08/03 20:31:56.484, 76.42 W, 72, 90 %, 3466 MiB
2026/08/03 20:31:57.488, 64.91 W, 72, 91 %, 3466 MiB
2026/08/03 20:31:58.495, 63.86 W, 71, 93 %, 3466 MiB
2026/08/03 20:31:59.499, 73.41 W, 72, 90 %, 3466 MiB
2026/08/03 20:32:00.503, 77.94 W, 72, 90 %, 3466 MiB
2026/08/03 20:32:01.511, 74.47 W, 72, 90 %, 3466 MiB
2026/08/03 20:32:02.515, 58.35 W, 71, 93 %, 3466 MiB
2026/08/03 20:32:03.520, 75.83 W, 72, 90 %, 3466 MiB
2026/08/03 20:32:04.527, 76.89 W, 72, 90 %, 3466 MiB
2026/08/03 20:32:05.531, 59.69 W, 72, 90 %, 3466 MiB
2026/08/03 20:32:06.535, 74.74 W, 71, 93 %, 3466 MiB
2026/08/03 20:32:07.540, 73.22 W, 72, 91 %, 3466 MiB
2026/08/03 20:32:08.545, 74.24 W, 72, 90 %, 3466 MiB
2026/08/03 20:32:09.550, 60.34 W, 72, 90 %, 3466 MiB
2026/08/03 20:32:10.554, 75.26 W, 70, 91 %, 3466 MiB
2026/08/03 20:32:11.557, 73.74 W, 72, 92 %, 3466 MiB
2026/08/03 20:32:12.565, 75.67 W, 72, 90 %, 3466 MiB
2026/08/03 20:32:13.569, 63.87 W, 72, 89 %, 3466 MiB
2026/08/03 20:32:14.572, 69.31 W, 70, 90 %, 3466 MiB
2026/08/03 20:32:15.579, 72.99 W, 72, 93 %, 3466 MiB
2026/08/03 20:32:16.583, 77.79 W, 72, 90 %, 3466 MiB
2026/08/03 20:32:17.586, 69.14 W, 72, 90 %, 3466 MiB
2026/08/03 20:32:18.592, 73.25 W, 72, 90 %, 3466 MiB
2026/08/03 20:32:19.596, 54.89 W, 68, 78 %, 1858 MiB
2026/08/03 20:32:20.599, 34.54 W, 69, 69 %, 2888 MiB
2026/08/03 20:32:21.603, 69.77 W, 72, 37 %, 3450 MiB
2026/08/03 20:32:22.607, 57.83 W, 71, 90 %, 3454 MiB
2026/08/03 20:32:23.611, 73.57 W, 70, 90 %, 3454 MiB
2026/08/03 20:32:24.616, 74.82 W, 72, 93 %, 3454 MiB
2026/08/03 20:32:25.620, 77.43 W, 72, 90 %, 3454 MiB
2026/08/03 20:32:26.624, 61.48 W, 71, 90 %, 3454 MiB
2026/08/03 20:32:27.628, 74.56 W, 71, 90 %, 3454 MiB
2026/08/03 20:32:28.631, 73.69 W, 72, 91 %, 3454 MiB
2026/08/03 20:32:29.637, 74.47 W, 72, 92 %, 3454 MiB
2026/08/03 20:32:30.641, 59.84 W, 72, 90 %, 3454 MiB
2026/08/03 20:32:31.645, 74.29 W, 71, 90 %, 3454 MiB
2026/08/03 20:32:32.650, 72.98 W, 72, 90 %, 3454 MiB
2026/08/03 20:32:33.654, 59.39 W, 72, 93 %, 3454 MiB
2026/08/03 20:32:34.658, 73.98 W, 72, 89 %, 3454 MiB
2026/08/03 20:32:35.665, 72.57 W, 72, 90 %, 3454 MiB
2026/08/03 20:32:36.669, 75.68 W, 72, 90 %, 3454 MiB
2026/08/03 20:32:37.674, 62.81 W, 73, 93 %, 3454 MiB
2026/08/03 20:32:38.680, 68.51 W, 72, 90 %, 3454 MiB
2026/08/03 20:32:39.684, 73.30 W, 72, 90 %, 3454 MiB
2026/08/03 20:32:40.687, 77.60 W, 72, 90 %, 3454 MiB
2026/08/03 20:32:41.697, 69.94 W, 73, 93 %, 3454 MiB
2026/08/03 20:32:42.701, 59.19 W, 72, 90 %, 3454 MiB
2026/08/03 20:32:43.705, 73.14 W, 72, 90 %, 3454 MiB
2026/08/03 20:32:44.711, 75.23 W, 72, 90 %, 3454 MiB
2026/08/03 20:32:45.715, 75.82 W, 72, 92 %, 3454 MiB
2026/08/03 20:32:46.718, 76.68 W, 71, 73 %, 1860 MiB
2026/08/03 20:32:47.726, 58.20 W, 70, 48 %, 3448 MiB
2026/08/03 20:32:48.733, 73.90 W, 72, 59 %, 3450 MiB
2026/08/03 20:32:49.737, 74.84 W, 72, 90 %, 3450 MiB
2026/08/03 20:32:50.741, 58.99 W, 72, 92 %, 3450 MiB
2026/08/03 20:32:51.749, 74.19 W, 71, 91 %, 3450 MiB
2026/08/03 20:32:52.754, 75.48 W, 72, 90 %, 3450 MiB
2026/08/03 20:32:53.759, 75.72 W, 72, 90 %, 3450 MiB
2026/08/03 20:32:54.764, 61.04 W, 72, 91 %, 3450 MiB
2026/08/03 20:32:55.770, 77.89 W, 71, 92 %, 3450 MiB
2026/08/03 20:32:56.775, 73.45 W, 72, 90 %, 3450 MiB
2026/08/03 20:32:57.779, 75.77 W, 72, 90 %, 3452 MiB
2026/08/03 20:32:58.787, 60.72 W, 72, 90 %, 3452 MiB
2026/08/03 20:32:59.791, 70.90 W, 71, 93 %, 3452 MiB
2026/08/03 20:33:00.796, 71.95 W, 72, 89 %, 3452 MiB
2026/08/03 20:33:01.801, 77.07 W, 72, 90 %, 3452 MiB
2026/08/03 20:33:02.805, 62.38 W, 72, 89 %, 3452 MiB
2026/08/03 20:33:03.809, 69.71 W, 71, 93 %, 3452 MiB
2026/08/03 20:33:04.814, 73.75 W, 72, 89 %, 3452 MiB
2026/08/03 20:33:05.819, 76.34 W, 72, 90 %, 3452 MiB
2026/08/03 20:33:06.823, 71.85 W, 72, 90 %, 3452 MiB
2026/08/03 20:33:07.829, 73.87 W, 71, 93 %, 3452 MiB
2026/08/03 20:33:08.833, 76.58 W, 72, 90 %, 3452 MiB
2026/08/03 20:33:09.836, 63.19 W, 73, 90 %, 3452 MiB
2026/08/03 20:33:10.843, 67.27 W, 72, 89 %, 3452 MiB
2026/08/03 20:33:11.847, 73.55 W, 72, 94 %, 3452 MiB
2026/08/03 20:33:12.850, 56.03 W, 69, 90 %, 3452 MiB
2026/08/03 20:33:13.856, 73.38 W, 70, 70 %, 1852 MiB
2026/08/03 20:33:14.859, 66.99 W, 71, 28 %, 3432 MiB
2026/08/03 20:33:15.863, 61.24 W, 71, 82 %, 3438 MiB
2026/08/03 20:33:16.868, 73.76 W, 73, 93 %, 3438 MiB
2026/08/03 20:33:17.872, 77.01 W, 72, 91 %, 3438 MiB
2026/08/03 20:33:18.877, 70.42 W, 72, 89 %, 3440 MiB
2026/08/03 20:33:19.883, 58.00 W, 71, 90 %, 3440 MiB
2026/08/03 20:33:20.887, 73.07 W, 72, 92 %, 3440 MiB
2026/08/03 20:33:21.892, 76.64 W, 72, 91 %, 3440 MiB
2026/08/03 20:33:22.899, 58.24 W, 72, 90 %, 3440 MiB
2026/08/03 20:33:23.903, 73.49 W, 71, 90 %, 3440 MiB
2026/08/03 20:33:24.907, 76.51 W, 72, 91 %, 3440 MiB
2026/08/03 20:33:25.913, 75.53 W, 72, 91 %, 3440 MiB
2026/08/03 20:33:26.917, 59.04 W, 72, 90 %, 3440 MiB
2026/08/03 20:33:27.921, 74.44 W, 70, 90 %, 3440 MiB
2026/08/03 20:33:28.926, 74.68 W, 72, 90 %, 3440 MiB
2026/08/03 20:33:29.930, 75.45 W, 72, 92 %, 3440 MiB
2026/08/03 20:33:30.934, 59.68 W, 72, 90 %, 3440 MiB
2026/08/03 20:33:31.942, 74.57 W, 71, 90 %, 3440 MiB
2026/08/03 20:33:32.945, 73.79 W, 72, 90 %, 3440 MiB
2026/08/03 20:33:33.949, 75.10 W, 72, 92 %, 3440 MiB
2026/08/03 20:33:34.956, 57.63 W, 71, 90 %, 3440 MiB
2026/08/03 20:33:35.959, 76.31 W, 71, 89 %, 3440 MiB
2026/08/03 20:33:36.963, 73.31 W, 72, 90 %, 3440 MiB
2026/08/03 20:33:37.970, 74.59 W, 72, 93 %, 3440 MiB
2026/08/03 20:33:38.974, 76.72 W, 72, 90 %, 3440 MiB
2026/08/03 20:33:39.978, 35.99 W, 70, 90 %, 1150 MiB
2026/08/03 20:33:40.983, 62.97 W, 68, 63 %, 1862 MiB
2026/08/03 20:33:41.986, 74.22 W, 71, 28 %, 3448 MiB
2026/08/03 20:33:42.991, 60.56 W, 72, 93 %, 3448 MiB
2026/08/03 20:33:43.994, 72.20 W, 72, 90 %, 3448 MiB
2026/08/03 20:33:45.001, 73.37 W, 72, 90 %, 3448 MiB
2026/08/03 20:33:46.005, 76.99 W, 72, 90 %, 3448 MiB
2026/08/03 20:33:47.010, 66.93 W, 72, 92 %, 3450 MiB
2026/08/03 20:33:48.015, 60.26 W, 72, 91 %, 3450 MiB
2026/08/03 20:33:49.019, 73.70 W, 73, 90 %, 3450 MiB
2026/08/03 20:33:50.025, 77.29 W, 72, 90 %, 3450 MiB
2026/08/03 20:33:51.031, 74.66 W, 73, 91 %, 3450 MiB
2026/08/03 20:33:52.039, 59.20 W, 72, 92 %, 3450 MiB
2026/08/03 20:33:53.043, 74.52 W, 72, 90 %, 3450 MiB
2026/08/03 20:33:54.046, 74.38 W, 72, 90 %, 3450 MiB
2026/08/03 20:33:55.054, 74.59 W, 72, 90 %, 3450 MiB
2026/08/03 20:33:56.058, 61.37 W, 72, 93 %, 3450 MiB
2026/08/03 20:33:57.062, 73.54 W, 72, 90 %, 3450 MiB
2026/08/03 20:33:58.067, 74.43 W, 72, 90 %, 3450 MiB
2026/08/03 20:33:59.072, 60.34 W, 72, 90 %, 3450 MiB
2026/08/03 20:34:00.077, 72.11 W, 72, 93 %, 3450 MiB
2026/08/03 20:34:01.082, 73.46 W, 72, 90 %, 3450 MiB
2026/08/03 20:34:02.086, 76.62 W, 72, 90 %, 3452 MiB
2026/08/03 20:34:03.090, 65.35 W, 72, 90 %, 3452 MiB
2026/08/03 20:34:04.098, 63.04 W, 72, 92 %, 3452 MiB
2026/08/03 20:34:05.102, 73.26 W, 73, 91 %, 3452 MiB
2026/08/03 20:34:06.106, 77.36 W, 72, 90 %, 3452 MiB
2026/08/03 20:34:07.113, 74.42 W, 72, 78 %, 1856 MiB
2026/08/03 20:34:08.118, 36.07 W, 68, 58 %, 1860 MiB
2026/08/03 20:34:09.121, 60.08 W, 70, 46 %, 3454 MiB
2026/08/03 20:34:10.127, 73.22 W, 72, 92 %, 3454 MiB
2026/08/03 20:34:11.132, 75.13 W, 72, 90 %, 3454 MiB
2026/08/03 20:34:12.136, 77.23 W, 72, 90 %, 3456 MiB
2026/08/03 20:34:13.141, 73.16 W, 71, 90 %, 3456 MiB
2026/08/03 20:34:14.145, 76.62 W, 72, 92 %, 3456 MiB
2026/08/03 20:34:15.149, 76.91 W, 72, 90 %, 3456 MiB
2026/08/03 20:34:16.154, 58.89 W, 72, 90 %, 3456 MiB
2026/08/03 20:34:17.158, 73.68 W, 70, 90 %, 3458 MiB
2026/08/03 20:34:18.161, 74.90 W, 72, 89 %, 3458 MiB
2026/08/03 20:34:19.165, 76.50 W, 72, 93 %, 3458 MiB
2026/08/03 20:34:20.169, 60.77 W, 72, 89 %, 3458 MiB
2026/08/03 20:34:21.176, 75.32 W, 71, 90 %, 3458 MiB
2026/08/03 20:34:22.180, 72.69 W, 72, 90 %, 3458 MiB
2026/08/03 20:34:23.184, 73.98 W, 72, 93 %, 3458 MiB
2026/08/03 20:34:24.191, 61.10 W, 72, 90 %, 3458 MiB
2026/08/03 20:34:25.195, 70.36 W, 71, 90 %, 3458 MiB
2026/08/03 20:34:26.199, 73.15 W, 72, 90 %, 3458 MiB
2026/08/03 20:34:27.207, 63.37 W, 73, 92 %, 3458 MiB
2026/08/03 20:34:28.211, 65.49 W, 72, 91 %, 3458 MiB
2026/08/03 20:34:29.215, 72.96 W, 71, 90 %, 3458 MiB
2026/08/03 20:34:30.221, 77.84 W, 72, 90 %, 3458 MiB
2026/08/03 20:34:31.226, 70.02 W, 72, 91 %, 3458 MiB
2026/08/03 20:34:32.229, 58.60 W, 72, 92 %, 3458 MiB
2026/08/03 20:34:33.234, 74.20 W, 71, 90 %, 3458 MiB
2026/08/03 20:34:34.238, 57.63 W, 69, 90 %, 1830 MiB
2026/08/03 20:34:35.241, 34.78 W, 67, 72 %, 1838 MiB
2026/08/03 20:34:36.244, 76.82 W, 72, 39 %, 3434 MiB
2026/08/03 20:34:37.248, 60.49 W, 71, 74 %, 3436 MiB
2026/08/03 20:34:38.253, 76.12 W, 71, 90 %, 3436 MiB
2026/08/03 20:34:39.257, 74.22 W, 72, 89 %, 3438 MiB
2026/08/03 20:34:40.263, 75.45 W, 73, 90 %, 3438 MiB
2026/08/03 20:34:41.267, 60.44 W, 72, 93 %, 3438 MiB
2026/08/03 20:34:42.270, 74.52 W, 72, 90 %, 3438 MiB
2026/08/03 20:34:43.275, 74.80 W, 72, 90 %, 3438 MiB
2026/08/03 20:34:44.279, 60.01 W, 73, 90 %, 3440 MiB
2026/08/03 20:34:45.284, 73.61 W, 72, 92 %, 3440 MiB
2026/08/03 20:34:46.288, 73.30 W, 72, 90 %, 3440 MiB
2026/08/03 20:34:47.292, 75.53 W, 72, 90 %, 3440 MiB
2026/08/03 20:34:48.299, 63.26 W, 73, 90 %, 3440 MiB
2026/08/03 20:34:49.303, 66.01 W, 72, 91 %, 3440 MiB
2026/08/03 20:34:50.307, 72.77 W, 73, 91 %, 3440 MiB
2026/08/03 20:34:51.315, 77.21 W, 72, 90 %, 3440 MiB
2026/08/03 20:34:52.321, 66.83 W, 72, 90 %, 3440 MiB
2026/08/03 20:34:53.325, 62.28 W, 71, 90 %, 3440 MiB
2026/08/03 20:34:54.331, 73.38 W, 73, 92 %, 3440 MiB
2026/08/03 20:34:55.337, 76.71 W, 72, 90 %, 3440 MiB
2026/08/03 20:34:56.341, 70.17 W, 72, 90 %, 3440 MiB
2026/08/03 20:34:57.345, 57.57 W, 71, 90 %, 3440 MiB
2026/08/03 20:34:58.349, 73.35 W, 72, 93 %, 3440 MiB
2026/08/03 20:34:59.354, 70.58 W, 73, 90 %, 3442 MiB
2026/08/03 20:35:00.360, 59.02 W, 73, 90 %, 3442 MiB
2026/08/03 20:35:01.364, 38.68 W, 72, 90 %, 1864 MiB
2026/08/03 20:35:02.369, 34.94 W, 68, 62 %, 1874 MiB
2026/08/03 20:35:03.372, 77.73 W, 72, 30 %, 3448 MiB
2026/08/03 20:35:04.382, 68.33 W, 72, 90 %, 3448 MiB
2026/08/03 20:35:05.386, 60.44 W, 72, 90 %, 3448 MiB
2026/08/03 20:35:06.390, 73.64 W, 71, 90 %, 3450 MiB
2026/08/03 20:35:07.394, 75.26 W, 72, 93 %, 3450 MiB
2026/08/03 20:35:08.398, 76.05 W, 73, 90 %, 3450 MiB
2026/08/03 20:35:09.402, 61.15 W, 72, 90 %, 3450 MiB
2026/08/03 20:35:10.409, 75.60 W, 71, 90 %, 3450 MiB
2026/08/03 20:35:11.412, 73.84 W, 72, 93 %, 3450 MiB
2026/08/03 20:35:12.416, 74.35 W, 73, 90 %, 3450 MiB
2026/08/03 20:35:13.424, 61.70 W, 72, 90 %, 3450 MiB
2026/08/03 20:35:14.427, 73.89 W, 72, 90 %, 3450 MiB
2026/08/03 20:35:15.431, 74.96 W, 72, 92 %, 3450 MiB
2026/08/03 20:35:16.435, 59.04 W, 73, 91 %, 3450 MiB
2026/08/03 20:35:17.439, 70.33 W, 72, 90 %, 3450 MiB
2026/08/03 20:35:18.442, 72.74 W, 72, 90 %, 3450 MiB
2026/08/03 20:35:19.446, 77.12 W, 72, 90 %, 3450 MiB
2026/08/03 20:35:20.451, 68.74 W, 73, 93 %, 3450 MiB
2026/08/03 20:35:21.456, 61.08 W, 72, 90 %, 3450 MiB
2026/08/03 20:35:22.460, 73.22 W, 72, 91 %, 3450 MiB
2026/08/03 20:35:23.463, 74.83 W, 72, 90 %, 3450 MiB
2026/08/03 20:35:24.470, 76.86 W, 73, 93 %, 3452 MiB
2026/08/03 20:35:25.474, 60.24 W, 72, 90 %, 3452 MiB
2026/08/03 20:35:26.478, 75.21 W, 72, 90 %, 3452 MiB
2026/08/03 20:35:27.484, 73.92 W, 73, 91 %, 3452 MiB
2026/08/03 20:35:28.489, 70.75 W, 71, 78 %, 1860 MiB
2026/08/03 20:35:29.493, 34.47 W, 67, 67 %, 1874 MiB
2026/08/03 20:35:30.496, 72.72 W, 70, 36 %, 3468 MiB
2026/08/03 20:35:31.500, 76.53 W, 72, 90 %, 3468 MiB
2026/08/03 20:35:32.505, 74.19 W, 72, 90 %, 3468 MiB
2026/08/03 20:35:33.513, 58.91 W, 72, 93 %, 3470 MiB
2026/08/03 20:35:34.517, 74.30 W, 70, 90 %, 3474 MiB
2026/08/03 20:35:35.521, 75.60 W, 73, 89 %, 3474 MiB
2026/08/03 20:35:36.525, 75.25 W, 73, 90 %, 3474 MiB
2026/08/03 20:35:37.529, 59.37 W, 72, 93 %, 3474 MiB
2026/08/03 20:35:38.534, 74.49 W, 71, 90 %, 3474 MiB
2026/08/03 20:35:39.540, 74.65 W, 73, 90 %, 3474 MiB
2026/08/03 20:35:40.544, 75.03 W, 72, 90 %, 3474 MiB
2026/08/03 20:35:41.548, 61.32 W, 72, 92 %, 3474 MiB
2026/08/03 20:35:42.552, 76.26 W, 72, 91 %, 3474 MiB
2026/08/03 20:35:43.556, 73.40 W, 72, 90 %, 3474 MiB
2026/08/03 20:35:44.562, 74.50 W, 72, 90 %, 3474 MiB
2026/08/03 20:35:45.565, 76.29 W, 72, 92 %, 3474 MiB
2026/08/03 20:35:46.570, 72.81 W, 73, 91 %, 3474 MiB
2026/08/03 20:35:47.575, 75.75 W, 72, 90 %, 3474 MiB
2026/08/03 20:35:48.580, 62.52 W, 73, 90 %, 3474 MiB
2026/08/03 20:35:49.584, 69.20 W, 72, 90 %, 3474 MiB
2026/08/03 20:35:50.592, 73.92 W, 72, 93 %, 3474 MiB
2026/08/03 20:35:51.595, 77.27 W, 72, 90 %, 3474 MiB
2026/08/03 20:35:52.600, 68.59 W, 73, 90 %, 3474 MiB
2026/08/03 20:35:53.605, 59.45 W, 72, 90 %, 3474 MiB
2026/08/03 20:35:54.609, 71.99 W, 71, 93 %, 3474 MiB
2026/08/03 20:35:55.612, 48.29 W, 69, 75 %, 1866 MiB
2026/08/03 20:35:56.617, 34.58 W, 67, 48 %, 1874 MiB
2026/08/03 20:35:57.620, 68.73 W, 72, 57 %, 3446 MiB
2026/08/03 20:35:58.624, 59.50 W, 71, 90 %, 3450 MiB
2026/08/03 20:35:59.631, 73.80 W, 72, 93 %, 3450 MiB
2026/08/03 20:36:00.639, 75.30 W, 72, 90 %, 3450 MiB
2026/08/03 20:36:01.643, 58.38 W, 72, 90 %, 3450 MiB
2026/08/03 20:36:02.646, 73.57 W, 71, 90 %, 3450 MiB
2026/08/03 20:36:03.653, 75.05 W, 72, 93 %, 3450 MiB
2026/08/03 20:36:04.657, 75.98 W, 72, 91 %, 3452 MiB
2026/08/03 20:36:05.661, 59.45 W, 72, 90 %, 3452 MiB
2026/08/03 20:36:06.666, 75.52 W, 71, 90 %, 3452 MiB
2026/08/03 20:36:07.671, 73.49 W, 72, 92 %, 3452 MiB
2026/08/03 20:36:08.675, 74.61 W, 72, 91 %, 3452 MiB
2026/08/03 20:36:09.683, 60.30 W, 72, 90 %, 3452 MiB
2026/08/03 20:36:10.687, 74.38 W, 70, 90 %, 3452 MiB
2026/08/03 20:36:11.691, 72.26 W, 72, 91 %, 3452 MiB
2026/08/03 20:36:12.696, 75.29 W, 73, 92 %, 3452 MiB
2026/08/03 20:36:13.699, 59.46 W, 72, 90 %, 3452 MiB
2026/08/03 20:36:14.704, 72.19 W, 71, 90 %, 3452 MiB
2026/08/03 20:36:15.710, 73.88 W, 72, 90 %, 3452 MiB
2026/08/03 20:36:16.714, 77.05 W, 73, 92 %, 3452 MiB
2026/08/03 20:36:17.718, 69.47 W, 72, 90 %, 3452 MiB
2026/08/03 20:36:18.726, 73.00 W, 71, 90 %, 3452 MiB
2026/08/03 20:36:19.730, 77.42 W, 72, 90 %, 3452 MiB
2026/08/03 20:36:20.734, 67.80 W, 72, 93 %, 3452 MiB
2026/08/03 20:36:21.741, 61.82 W, 72, 89 %, 3452 MiB
2026/08/03 20:36:22.745, 35.21 W, 71, 71 %, 1860 MiB
2026/08/03 20:36:23.750, 52.28 W, 70, 28 %, 2888 MiB
2026/08/03 20:36:24.754, 76.11 W, 71, 79 %, 3448 MiB
2026/08/03 20:36:25.764, 67.50 W, 72, 93 %, 3448 MiB
2026/08/03 20:36:26.767, 60.28 W, 71, 90 %, 3448 MiB
2026/08/03 20:36:27.771, 73.21 W, 72, 90 %, 3448 MiB
2026/08/03 20:36:28.778, 74.73 W, 72, 90 %, 3448 MiB
2026/08/03 20:36:29.784, 75.70 W, 72, 93 %, 3450 MiB
2026/08/03 20:36:30.788, 60.97 W, 71, 91 %, 3450 MiB
2026/08/03 20:36:31.794, 76.38 W, 72, 90 %, 3450 MiB
2026/08/03 20:36:32.798, 73.49 W, 72, 90 %, 3450 MiB
2026/08/03 20:36:33.803, 61.31 W, 72, 90 %, 3450 MiB
2026/08/03 20:36:34.808, 74.65 W, 72, 93 %, 3450 MiB
2026/08/03 20:36:35.812, 73.65 W, 72, 90 %, 3450 MiB
2026/08/03 20:36:36.816, 75.72 W, 72, 89 %, 3450 MiB
2026/08/03 20:36:37.821, 62.73 W, 72, 90 %, 3450 MiB
2026/08/03 20:36:38.825, 68.28 W, 72, 93 %, 3450 MiB
2026/08/03 20:36:39.831, 73.42 W, 72, 90 %, 3450 MiB
2026/08/03 20:36:40.835, 77.69 W, 72, 90 %, 3450 MiB
2026/08/03 20:36:41.840, 70.75 W, 73, 90 %, 3450 MiB
2026/08/03 20:36:42.845, 61.13 W, 72, 93 %, 3450 MiB
2026/08/03 20:36:43.849, 73.25 W, 73, 90 %, 3450 MiB
2026/08/03 20:36:44.854, 75.99 W, 72, 90 %, 3452 MiB
2026/08/03 20:36:45.860, 76.06 W, 72, 90 %, 3452 MiB
2026/08/03 20:36:46.864, 59.52 W, 72, 92 %, 3452 MiB
2026/08/03 20:36:47.868, 74.81 W, 73, 91 %, 3452 MiB
2026/08/03 20:36:48.872, 40.84 W, 69, 87 %, 3452 MiB
2026/08/03 20:36:49.875, 78.56 W, 71, 65 %, 1856 MiB
2026/08/03 20:36:50.879, 58.04 W, 71, 28 %, 3486 MiB
2026/08/03 20:36:51.882, 73.10 W, 70, 92 %, 3492 MiB
2026/08/03 20:36:52.890, 74.85 W, 72, 91 %, 3492 MiB
2026/08/03 20:36:53.894, 76.27 W, 72, 90 %, 3492 MiB
2026/08/03 20:36:54.898, 59.29 W, 72, 90 %, 3492 MiB
2026/08/03 20:36:55.903, 74.54 W, 70, 91 %, 3492 MiB
2026/08/03 20:36:56.906, 74.74 W, 72, 92 %, 3492 MiB
2026/08/03 20:36:57.910, 76.46 W, 72, 92 %, 3492 MiB
2026/08/03 20:36:58.917, 60.80 W, 72, 90 %, 3492 MiB
2026/08/03 20:36:59.920, 76.83 W, 71, 90 %, 3492 MiB
2026/08/03 20:37:00.923, 73.21 W, 72, 90 %, 3492 MiB
2026/08/03 20:37:01.931, 74.49 W, 72, 93 %, 3492 MiB
2026/08/03 20:37:02.935, 60.90 W, 72, 89 %, 3492 MiB
2026/08/03 20:37:03.939, 73.71 W, 71, 90 %, 3492 MiB
2026/08/03 20:37:04.943, 72.40 W, 72, 89 %, 3492 MiB
2026/08/03 20:37:05.948, 61.32 W, 72, 93 %, 3492 MiB
2026/08/03 20:37:06.952, 73.48 W, 71, 90 %, 3492 MiB
2026/08/03 20:37:07.958, 72.15 W, 72, 90 %, 3492 MiB
2026/08/03 20:37:08.961, 74.57 W, 72, 90 %, 3492 MiB
2026/08/03 20:37:09.966, 60.97 W, 72, 92 %, 3492 MiB
2026/08/03 20:37:10.971, 73.96 W, 71, 90 %, 3492 MiB
2026/08/03 20:37:11.976, 73.62 W, 72, 90 %, 3492 MiB
2026/08/03 20:37:12.981, 75.28 W, 72, 89 %, 3492 MiB
2026/08/03 20:37:13.988, 61.66 W, 72, 93 %, 3492 MiB
2026/08/03 20:37:14.992, 69.53 W, 71, 91 %, 3492 MiB
2026/08/03 20:37:15.996, 33.55 W, 68, 90 %, 3492 MiB
2026/08/03 20:37:16.999, 56.79 W, 69, 78 %, 1856 MiB
2026/08/03 20:37:18.002, 74.18 W, 71, 61 %, 3432 MiB
2026/08/03 20:37:19.006, 60.54 W, 71, 42 %, 3432 MiB
2026/08/03 20:37:20.013, 71.94 W, 71, 90 %, 3432 MiB
2026/08/03 20:37:21.017, 73.25 W, 72, 90 %, 3432 MiB
2026/08/03 20:37:22.021, 61.33 W, 72, 90 %, 3432 MiB
2026/08/03 20:37:23.026, 69.13 W, 72, 93 %, 3432 MiB
2026/08/03 20:37:24.030, 73.40 W, 71, 90 %, 3432 MiB
2026/08/03 20:37:25.033, 76.78 W, 72, 90 %, 3432 MiB
2026/08/03 20:37:26.039, 68.56 W, 72, 90 %, 3432 MiB
2026/08/03 20:37:27.043, 60.46 W, 71, 92 %, 3432 MiB
2026/08/03 20:37:28.046, 73.20 W, 71, 90 %, 3432 MiB
2026/08/03 20:37:29.053, 76.77 W, 72, 89 %, 3432 MiB
2026/08/03 20:37:30.058, 73.78 W, 72, 90 %, 3432 MiB
2026/08/03 20:37:31.061, 58.96 W, 72, 92 %, 3432 MiB
2026/08/03 20:37:32.067, 73.82 W, 72, 91 %, 3432 MiB
2026/08/03 20:37:33.071, 74.91 W, 72, 90 %, 3432 MiB
2026/08/03 20:37:34.075, 75.54 W, 72, 90 %, 3432 MiB
2026/08/03 20:37:35.081, 62.08 W, 72, 90 %, 3432 MiB
2026/08/03 20:37:36.085, 76.06 W, 72, 93 %, 3432 MiB
2026/08/03 20:37:37.088, 74.53 W, 72, 90 %, 3432 MiB
2026/08/03 20:37:38.096, 61.67 W, 73, 90 %, 3432 MiB
2026/08/03 20:37:39.099, 77.47 W, 72, 90 %, 3432 MiB
2026/08/03 20:37:40.103, 73.29 W, 73, 93 %, 3432 MiB
2026/08/03 20:37:41.112, 76.42 W, 72, 90 %, 3432 MiB
2026/08/03 20:37:42.117, 57.03 W, 72, 90 %, 3432 MiB
2026/08/03 20:37:43.121, 44.41 W, 71, 90 %, 1148 MiB
2026/08/03 20:37:44.128, 35.82 W, 68, 71 %, 1860 MiB
2026/08/03 20:37:45.131, 73.95 W, 71, 46 %, 3446 MiB
2026/08/03 20:37:46.135, 74.45 W, 72, 65 %, 3450 MiB
2026/08/03 20:37:47.140, 59.42 W, 71, 90 %, 3450 MiB
2026/08/03 20:37:48.144, 71.51 W, 70, 90 %, 3450 MiB
2026/08/03 20:37:49.147, 73.55 W, 72, 93 %, 3450 MiB
2026/08/03 20:37:50.154, 75.52 W, 72, 90 %, 3450 MiB
2026/08/03 20:37:51.158, 66.73 W, 72, 90 %, 3450 MiB
2026/08/03 20:37:52.161, 61.40 W, 70, 90 %, 3450 MiB
2026/08/03 20:37:53.169, 76.00 W, 72, 92 %, 3450 MiB
2026/08/03 20:37:54.174, 62.24 W, 72, 90 %, 3450 MiB
2026/08/03 20:37:55.178, 70.45 W, 71, 89 %, 3450 MiB
2026/08/03 20:37:56.185, 73.42 W, 72, 89 %, 3450 MiB
2026/08/03 20:37:57.188, 74.90 W, 72, 92 %, 3450 MiB
2026/08/03 20:37:58.193, 61.29 W, 72, 89 %, 3450 MiB
2026/08/03 20:37:59.199, 71.97 W, 71, 90 %, 3450 MiB
2026/08/03 20:38:00.203, 74.73 W, 72, 90 %, 3450 MiB
2026/08/03 20:38:01.206, 75.64 W, 72, 92 %, 3450 MiB
2026/08/03 20:38:02.215, 64.42 W, 72, 91 %, 3450 MiB
2026/08/03 20:38:03.220, 62.93 W, 71, 90 %, 3450 MiB
2026/08/03 20:38:04.225, 73.07 W, 72, 90 %, 3450 MiB
2026/08/03 20:38:05.230, 78.27 W, 72, 92 %, 3450 MiB
2026/08/03 20:38:06.234, 70.64 W, 72, 91 %, 3450 MiB
2026/08/03 20:38:07.237, 59.42 W, 71, 90 %, 3450 MiB
2026/08/03 20:38:08.244, 73.42 W, 72, 90 %, 3452 MiB
2026/08/03 20:38:09.253, 75.18 W, 72, 90 %, 3452 MiB
2026/08/03 20:38:10.257, 68.01 W, 72, 93 %, 1828 MiB
2026/08/03 20:38:11.261, 37.91 W, 68, 67 %, 1832 MiB
2026/08/03 20:38:12.263, 72.83 W, 70, 27 %, 3454 MiB
2026/08/03 20:38:13.267, 77.82 W, 72, 85 %, 3456 MiB
2026/08/03 20:38:14.272, 70.86 W, 72, 91 %, 3456 MiB
2026/08/03 20:38:15.275, 58.43 W, 71, 92 %, 3456 MiB
2026/08/03 20:38:16.279, 74.49 W, 71, 90 %, 3460 MiB
2026/08/03 20:38:17.283, 74.77 W, 72, 90 %, 3460 MiB
2026/08/03 20:38:18.292, 75.23 W, 72, 89 %, 3460 MiB
2026/08/03 20:38:19.295, 61.39 W, 71, 93 %, 3460 MiB
2026/08/03 20:38:20.300, 75.72 W, 71, 90 %, 3460 MiB
2026/08/03 20:38:21.305, 73.71 W, 72, 89 %, 3460 MiB
2026/08/03 20:38:22.309, 74.84 W, 72, 90 %, 3460 MiB
2026/08/03 20:38:23.313, 60.85 W, 71, 93 %, 3460 MiB
2026/08/03 20:38:24.318, 75.37 W, 71, 91 %, 3460 MiB
2026/08/03 20:38:25.322, 73.41 W, 72, 90 %, 3460 MiB
2026/08/03 20:38:26.326, 59.48 W, 72, 90 %, 3460 MiB
2026/08/03 20:38:27.331, 71.54 W, 72, 92 %, 3460 MiB
2026/08/03 20:38:28.334, 73.09 W, 72, 91 %, 3460 MiB
2026/08/03 20:38:29.338, 76.75 W, 72, 90 %, 3460 MiB
2026/08/03 20:38:30.342, 67.22 W, 73, 90 %, 3460 MiB
2026/08/03 20:38:31.346, 60.81 W, 72, 91 %, 3460 MiB
2026/08/03 20:38:32.351, 72.82 W, 72, 93 %, 3460 MiB
2026/08/03 20:38:33.355, 76.12 W, 72, 90 %, 3462 MiB
2026/08/03 20:38:34.359, 75.75 W, 73, 90 %, 3462 MiB
2026/08/03 20:38:35.366, 60.82 W, 72, 91 %, 3462 MiB
2026/08/03 20:38:36.370, 76.03 W, 71, 93 %, 3462 MiB
2026/08/03 20:38:37.373, 46.76 W, 69, 81 %, 1866 MiB
2026/08/03 20:38:38.376, 34.82 W, 67, 69 %, 1866 MiB
2026/08/03 20:38:39.379, 76.86 W, 72, 28 %, 3450 MiB
2026/08/03 20:38:40.384, 74.74 W, 71, 90 %, 3450 MiB
2026/08/03 20:38:41.388, 73.79 W, 72, 93 %, 3450 MiB
2026/08/03 20:38:42.391, 74.24 W, 72, 90 %, 3450 MiB
2026/08/03 20:38:43.397, 59.39 W, 72, 90 %, 3450 MiB
2026/08/03 20:38:44.401, 72.09 W, 72, 90 %, 3450 MiB
2026/08/03 20:38:45.405, 72.79 W, 73, 92 %, 3450 MiB
2026/08/03 20:38:46.409, 76.06 W, 72, 91 %, 3450 MiB
2026/08/03 20:38:47.413, 65.62 W, 72, 90 %, 3450 MiB
2026/08/03 20:38:48.420, 62.21 W, 71, 90 %, 3452 MiB
2026/08/03 20:38:49.424, 72.87 W, 72, 90 %, 3452 MiB
2026/08/03 20:38:50.428, 76.76 W, 72, 93 %, 3452 MiB
2026/08/03 20:38:51.437, 75.99 W, 72, 90 %, 3452 MiB
2026/08/03 20:38:52.441, 59.43 W, 71, 90 %, 3452 MiB
2026/08/03 20:38:53.446, 75.47 W, 73, 90 %, 3452 MiB
2026/08/03 20:38:54.452, 75.89 W, 72, 93 %, 3452 MiB
2026/08/03 20:38:55.456, 59.89 W, 72, 90 %, 3452 MiB
2026/08/03 20:38:56.460, 76.37 W, 72, 91 %, 3452 MiB
2026/08/03 20:38:57.467, 73.45 W, 73, 90 %, 3452 MiB
2026/08/03 20:38:58.470, 74.48 W, 72, 92 %, 3452 MiB
2026/08/03 20:38:59.474, 59.81 W, 72, 91 %, 3452 MiB
2026/08/03 20:39:00.479, 73.78 W, 71, 90 %, 3452 MiB
2026/08/03 20:39:01.484, 72.55 W, 72, 89 %, 3452 MiB
2026/08/03 20:39:02.489, 74.26 W, 72, 92 %, 3452 MiB
2026/08/03 20:39:03.493, 56.37 W, 72, 91 %, 3452 MiB
2026/08/03 20:39:04.496, 50.44 W, 71, 77 %, 1858 MiB
2026/08/03 20:39:05.500, 34.89 W, 67, 51 %, 1872 MiB
2026/08/03 20:39:06.503, 75.23 W, 71, 49 %, 3448 MiB
2026/08/03 20:39:07.509, 76.78 W, 72, 93 %, 3448 MiB
2026/08/03 20:39:08.513, 61.31 W, 71, 89 %, 3450 MiB
2026/08/03 20:39:09.518, 75.77 W, 72, 90 %, 3450 MiB
2026/08/03 20:39:10.526, 73.59 W, 71, 90 %, 3450 MiB
2026/08/03 20:39:11.531, 61.26 W, 72, 92 %, 3450 MiB
2026/08/03 20:39:12.535, 75.89 W, 72, 90 %, 3450 MiB
2026/08/03 20:39:13.540, 73.39 W, 72, 90 %, 3450 MiB
2026/08/03 20:39:14.547, 75.24 W, 72, 90 %, 3450 MiB
2026/08/03 20:39:15.552, 60.49 W, 72, 92 %, 3450 MiB
2026/08/03 20:39:16.555, 70.57 W, 72, 91 %, 3450 MiB
2026/08/03 20:39:17.562, 73.28 W, 72, 90 %, 3450 MiB
2026/08/03 20:39:18.567, 75.47 W, 72, 90 %, 3450 MiB
2026/08/03 20:39:19.572, 65.15 W, 72, 90 %, 3450 MiB
2026/08/03 20:39:20.576, 66.58 W, 71, 92 %, 3450 MiB
2026/08/03 20:39:21.580, 73.64 W, 72, 90 %, 3450 MiB
2026/08/03 20:39:22.583, 76.65 W, 72, 90 %, 3454 MiB
2026/08/03 20:39:23.587, 74.56 W, 72, 90 %, 3454 MiB
2026/08/03 20:39:24.591, 59.07 W, 71, 93 %, 3454 MiB
2026/08/03 20:39:25.596, 73.98 W, 72, 90 %, 3454 MiB
2026/08/03 20:39:26.599, 75.61 W, 72, 90 %, 3454 MiB
2026/08/03 20:39:27.603, 60.81 W, 72, 90 %, 3454 MiB
2026/08/03 20:39:28.610, 75.21 W, 71, 92 %, 3454 MiB
2026/08/03 20:39:29.615, 73.98 W, 72, 91 %, 3454 MiB
2026/08/03 20:39:30.619, 74.98 W, 72, 91 %, 3454 MiB
2026/08/03 20:39:31.625, 76.23 W, 72, 71 %, 1858 MiB
2026/08/03 20:39:32.630, 34.62 W, 67, 33 %, 1874 MiB
2026/08/03 20:39:33.633, 74.18 W, 70, 76 %, 3450 MiB
2026/08/03 20:39:34.636, 75.58 W, 72, 89 %, 3450 MiB
2026/08/03 20:39:35.641, 76.26 W, 72, 89 %, 3450 MiB
2026/08/03 20:39:36.645, 60.11 W, 71, 90 %, 3450 MiB
2026/08/03 20:39:37.650, 75.17 W, 71, 92 %, 3450 MiB
2026/08/03 20:39:38.653, 74.40 W, 72, 90 %, 3450 MiB
2026/08/03 20:39:39.657, 74.62 W, 72, 90 %, 3450 MiB
2026/08/03 20:39:40.662, 60.50 W, 71, 90 %, 3454 MiB
2026/08/03 20:39:41.666, 77.00 W, 72, 89 %, 3454 MiB
2026/08/03 20:39:42.669, 74.32 W, 72, 92 %, 3454 MiB
2026/08/03 20:39:43.675, 59.32 W, 72, 91 %, 3454 MiB
2026/08/03 20:39:44.679, 70.84 W, 72, 90 %, 3454 MiB
2026/08/03 20:39:45.684, 73.73 W, 72, 90 %, 3454 MiB
2026/08/03 20:39:46.692, 75.76 W, 72, 90 %, 3454 MiB
2026/08/03 20:39:47.697, 64.64 W, 72, 93 %, 3454 MiB
2026/08/03 20:39:48.701, 62.72 W, 71, 90 %, 3454 MiB
2026/08/03 20:39:49.706, 72.62 W, 72, 90 %, 3454 MiB
2026/08/03 20:39:50.709, 77.85 W, 72, 90 %, 3454 MiB
2026/08/03 20:39:51.714, 70.59 W, 72, 93 %, 3454 MiB
2026/08/03 20:39:52.719, 57.91 W, 72, 90 %, 3454 MiB
2026/08/03 20:39:53.723, 72.30 W, 73, 90 %, 3454 MiB
2026/08/03 20:39:54.727, 75.07 W, 72, 90 %, 3454 MiB
2026/08/03 20:39:55.737, 76.21 W, 72, 93 %, 3454 MiB
2026/08/03 20:39:56.741, 61.18 W, 71, 90 %, 3454 MiB
2026/08/03 20:39:57.744, 74.56 W, 71, 90 %, 3454 MiB
2026/08/03 20:39:58.752, 71.71 W, 69, 91 %, 1858 MiB
2026/08/03 20:39:59.756, 34.51 W, 67, 62 %, 1874 MiB
2026/08/03 20:40:00.759, 60.33 W, 72, 29 %, 3448 MiB
2026/08/03 20:40:01.764, 75.23 W, 70, 91 %, 3450 MiB
2026/08/03 20:40:02.768, 74.76 W, 72, 90 %, 3450 MiB
2026/08/03 20:40:03.773, 75.82 W, 72, 90 %, 3450 MiB
2026/08/03 20:40:04.779, 61.55 W, 72, 91 %, 3450 MiB
2026/08/03 20:40:05.788, 76.29 W, 71, 92 %, 3450 MiB
2026/08/03 20:40:06.792, 74.12 W, 72, 90 %, 3450 MiB
2026/08/03 20:40:07.797, 75.89 W, 72, 90 %, 3450 MiB
2026/08/03 20:40:08.802, 63.83 W, 72, 90 %, 3450 MiB
2026/08/03 20:40:09.806, 65.70 W, 71, 93 %, 3450 MiB
2026/08/03 20:40:10.811, 73.17 W, 72, 90 %, 3450 MiB
2026/08/03 20:40:11.817, 76.74 W, 72, 90 %, 3450 MiB
2026/08/03 20:40:12.821, 73.64 W, 72, 90 %, 3450 MiB
2026/08/03 20:40:13.825, 59.21 W, 71, 93 %, 3450 MiB
2026/08/03 20:40:14.831, 76.74 W, 72, 90 %, 3450 MiB
2026/08/03 20:40:15.835, 76.18 W, 72, 90 %, 3452 MiB
2026/08/03 20:40:16.840, 59.54 W, 72, 90 %, 3452 MiB
2026/08/03 20:40:17.848, 74.24 W, 70, 92 %, 3452 MiB
2026/08/03 20:40:18.853, 75.23 W, 72, 91 %, 3452 MiB
2026/08/03 20:40:19.857, 75.80 W, 72, 90 %, 3452 MiB
2026/08/03 20:40:20.862, 60.22 W, 72, 90 %, 3452 MiB
2026/08/03 20:40:21.866, 74.40 W, 70, 91 %, 3452 MiB
2026/08/03 20:40:22.869, 73.34 W, 72, 91 %, 3452 MiB
2026/08/03 20:40:23.877, 74.63 W, 72, 90 %, 3452 MiB
2026/08/03 20:40:24.882, 62.48 W, 72, 89 %, 3452 MiB
2026/08/03 20:40:25.886, 55.17 W, 71, 77 %, 1850 MiB
2026/08/03 20:40:26.892, 69.07 W, 69, 65 %, 2904 MiB
2026/08/03 20:40:27.897, 75.09 W, 72, 39 %, 3438 MiB
2026/08/03 20:40:28.902, 74.90 W, 72, 90 %, 3438 MiB
2026/08/03 20:40:29.906, 61.30 W, 71, 90 %, 3440 MiB
2026/08/03 20:40:30.912, 74.95 W, 71, 91 %, 3440 MiB
2026/08/03 20:40:31.916, 75.10 W, 72, 93 %, 3440 MiB
2026/08/03 20:40:32.920, 60.46 W, 72, 90 %, 3440 MiB
2026/08/03 20:40:33.927, 74.77 W, 71, 89 %, 3440 MiB
2026/08/03 20:40:34.931, 73.29 W, 72, 89 %, 3440 MiB
2026/08/03 20:40:35.934, 75.00 W, 72, 93 %, 3440 MiB
2026/08/03 20:40:36.941, 62.25 W, 72, 90 %, 3440 MiB
2026/08/03 20:40:37.944, 65.53 W, 72, 90 %, 3440 MiB
2026/08/03 20:40:38.948, 73.40 W, 72, 90 %, 3440 MiB
2026/08/03 20:40:39.958, 77.36 W, 72, 93 %, 3440 MiB
2026/08/03 20:40:40.965, 70.12 W, 72, 90 %, 3440 MiB
2026/08/03 20:40:41.968, 59.76 W, 72, 90 %, 3440 MiB
2026/08/03 20:40:42.974, 72.90 W, 72, 90 %, 3440 MiB
2026/08/03 20:40:43.980, 76.85 W, 72, 92 %, 3440 MiB
2026/08/03 20:40:44.984, 75.24 W, 72, 91 %, 3440 MiB
2026/08/03 20:40:45.988, 58.59 W, 71, 90 %, 3440 MiB
2026/08/03 20:40:46.992, 74.00 W, 72, 90 %, 3442 MiB
2026/08/03 20:40:47.995, 75.94 W, 72, 91 %, 3442 MiB
2026/08/03 20:40:49.001, 61.14 W, 72, 92 %, 3442 MiB
2026/08/03 20:40:50.006, 75.03 W, 71, 90 %, 3442 MiB
2026/08/03 20:40:51.009, 74.04 W, 73, 90 %, 3442 MiB
2026/08/03 20:40:52.015, 70.35 W, 69, 90 %, 3442 MiB
2026/08/03 20:40:53.018, 72.98 W, 71, 72 %, 1862 MiB
2026/08/03 20:40:54.021, 60.26 W, 71, 47 %, 3448 MiB
2026/08/03 20:40:55.025, 75.00 W, 70, 63 %, 3448 MiB
2026/08/03 20:40:56.029, 73.48 W, 72, 90 %, 3448 MiB
2026/08/03 20:40:57.034, 74.15 W, 72, 90 %, 3450 MiB
2026/08/03 20:40:58.041, 59.88 W, 72, 93 %, 3450 MiB
2026/08/03 20:40:59.045, 70.27 W, 70, 90 %, 3450 MiB
2026/08/03 20:41:00.049, 73.74 W, 72, 90 %, 3450 MiB
2026/08/03 20:41:01.056, 77.35 W, 72, 90 %, 3450 MiB
2026/08/03 20:41:02.060, 69.93 W, 72, 93 %, 3450 MiB
2026/08/03 20:41:03.065, 73.38 W, 70, 90 %, 3450 MiB
2026/08/03 20:41:04.069, 77.23 W, 72, 90 %, 3450 MiB
2026/08/03 20:41:05.074, 75.86 W, 72, 90 %, 3450 MiB
2026/08/03 20:41:06.078, 59.53 W, 72, 91 %, 3450 MiB
2026/08/03 20:41:07.082, 75.78 W, 70, 92 %, 3450 MiB
2026/08/03 20:41:08.085, 74.97 W, 72, 90 %, 3450 MiB
2026/08/03 20:41:09.094, 74.21 W, 72, 90 %, 3450 MiB
2026/08/03 20:41:10.097, 61.37 W, 71, 90 %, 3450 MiB
2026/08/03 20:41:11.101, 76.99 W, 70, 93 %, 3450 MiB
2026/08/03 20:41:12.106, 72.60 W, 72, 90 %, 3450 MiB
2026/08/03 20:41:13.110, 74.54 W, 72, 90 %, 3450 MiB
2026/08/03 20:41:14.114, 60.57 W, 72, 90 %, 3450 MiB
2026/08/03 20:41:15.121, 72.35 W, 70, 93 %, 3450 MiB
2026/08/03 20:41:16.124, 74.26 W, 72, 90 %, 3450 MiB
2026/08/03 20:41:17.130, 75.34 W, 72, 90 %, 3450 MiB
2026/08/03 20:41:18.133, 70.47 W, 71, 90 %, 3450 MiB
2026/08/03 20:41:19.138, 33.69 W, 71, 91 %, 1148 MiB
2026/08/03 20:41:20.143, 53.67 W, 68, 65 %, 1860 MiB
2026/08/03 20:41:21.147, 74.94 W, 71, 26 %, 3478 MiB
2026/08/03 20:41:22.156, 61.65 W, 72, 89 %, 3482 MiB
2026/08/03 20:41:23.160, 71.74 W, 71, 90 %, 3482 MiB
2026/08/03 20:41:24.164, 72.87 W, 72, 93 %, 3482 MiB
2026/08/03 20:41:25.168, 76.49 W, 72, 90 %, 3482 MiB
2026/08/03 20:41:26.172, 67.98 W, 72, 90 %, 3482 MiB
2026/08/03 20:41:27.175, 61.32 W, 72, 90 %, 3482 MiB
2026/08/03 20:41:28.183, 72.57 W, 72, 92 %, 3482 MiB
2026/08/03 20:41:29.186, 76.65 W, 72, 91 %, 3482 MiB
2026/08/03 20:41:30.191, 76.33 W, 72, 90 %, 3482 MiB
2026/08/03 20:41:31.198, 60.71 W, 71, 90 %, 3484 MiB
2026/08/03 20:41:32.202, 74.29 W, 72, 90 %, 3484 MiB
2026/08/03 20:41:33.206, 73.71 W, 72, 93 %, 3484 MiB
2026/08/03 20:41:34.212, 74.72 W, 72, 90 %, 3484 MiB
2026/08/03 20:41:35.216, 74.72 W, 72, 89 %, 3484 MiB
2026/08/03 20:41:36.220, 73.57 W, 72, 90 %, 3484 MiB
2026/08/03 20:41:37.225, 75.15 W, 72, 93 %, 3484 MiB
2026/08/03 20:41:38.231, 59.16 W, 72, 90 %, 3484 MiB
2026/08/03 20:41:39.235, 74.21 W, 72, 90 %, 3484 MiB
2026/08/03 20:41:40.240, 72.82 W, 73, 90 %, 3484 MiB
2026/08/03 20:41:41.244, 75.18 W, 72, 93 %, 3484 MiB
2026/08/03 20:41:42.248, 64.27 W, 72, 90 %, 3484 MiB
2026/08/03 20:41:43.252, 68.68 W, 71, 90 %, 3484 MiB
2026/08/03 20:41:44.258, 73.41 W, 72, 90 %, 3484 MiB
2026/08/03 20:41:45.261, 77.26 W, 72, 92 %, 3484 MiB
2026/08/03 20:41:46.269, 75.24 W, 72, 80 %, 1832 MiB
2026/08/03 20:41:47.272, 38.15 W, 67, 70 %, 1832 MiB
2026/08/03 20:41:48.275, 71.63 W, 70, 30 %, 3456 MiB
2026/08/03 20:41:49.280, 72.91 W, 72, 90 %, 3458 MiB
2026/08/03 20:41:50.284, 77.28 W, 72, 93 %, 3458 MiB
2026/08/03 20:41:51.289, 65.93 W, 71, 91 %, 3458 MiB
2026/08/03 20:41:52.294, 74.23 W, 70, 90 %, 3458 MiB
2026/08/03 20:41:53.298, 77.42 W, 72, 90 %, 3458 MiB
2026/08/03 20:41:54.302, 73.13 W, 72, 91 %, 3458 MiB
2026/08/03 20:41:55.307, 58.78 W, 72, 93 %, 3458 MiB
2026/08/03 20:41:56.310, 75.11 W, 70, 90 %, 3458 MiB
2026/08/03 20:41:57.314, 74.88 W, 72, 90 %, 3458 MiB
2026/08/03 20:41:58.319, 76.11 W, 72, 89 %, 3458 MiB
2026/08/03 20:41:59.323, 58.51 W, 72, 93 %, 3458 MiB
2026/08/03 20:42:00.328, 74.41 W, 71, 90 %, 3458 MiB
2026/08/03 20:42:01.332, 74.76 W, 72, 90 %, 3458 MiB
2026/08/03 20:42:02.337, 75.20 W, 72, 89 %, 3458 MiB
2026/08/03 20:42:03.342, 60.43 W, 72, 92 %, 3458 MiB
2026/08/03 20:42:04.346, 75.62 W, 72, 90 %, 3458 MiB
2026/08/03 20:42:05.351, 75.00 W, 71, 90 %, 3458 MiB
2026/08/03 20:42:06.358, 61.37 W, 72, 90 %, 3458 MiB
2026/08/03 20:42:07.362, 76.09 W, 72, 93 %, 3458 MiB
2026/08/03 20:42:08.366, 72.77 W, 72, 90 %, 3458 MiB
2026/08/03 20:42:09.369, 74.53 W, 72, 90 %, 3458 MiB
2026/08/03 20:42:10.373, 59.57 W, 72, 89 %, 3458 MiB
2026/08/03 20:42:11.379, 76.66 W, 70, 93 %, 3458 MiB
2026/08/03 20:42:12.382, 73.48 W, 72, 90 %, 3458 MiB
2026/08/03 20:42:13.386, 75.11 W, 70, 78 %, 1860 MiB
2026/08/03 20:42:14.392, 34.98 W, 67, 52 %, 1860 MiB
2026/08/03 20:42:15.395, 60.68 W, 71, 48 %, 3448 MiB
2026/08/03 20:42:16.398, 75.38 W, 71, 93 %, 3448 MiB
2026/08/03 20:42:17.404, 74.14 W, 72, 90 %, 3450 MiB
2026/08/03 20:42:18.408, 75.39 W, 72, 90 %, 3450 MiB
2026/08/03 20:42:19.412, 59.51 W, 71, 90 %, 3450 MiB
2026/08/03 20:42:20.418, 72.38 W, 71, 92 %, 3450 MiB
2026/08/03 20:42:21.422, 75.64 W, 72, 92 %, 3450 MiB
2026/08/03 20:42:22.427, 58.48 W, 72, 90 %, 3450 MiB
2026/08/03 20:42:23.432, 72.21 W, 72, 89 %, 3450 MiB
2026/08/03 20:42:24.436, 73.04 W, 72, 90 %, 3450 MiB
2026/08/03 20:42:25.440, 76.41 W, 72, 92 %, 3450 MiB
2026/08/03 20:42:26.449, 68.43 W, 72, 92 %, 3450 MiB
2026/08/03 20:42:27.453, 59.35 W, 72, 90 %, 3452 MiB
2026/08/03 20:42:28.456, 72.87 W, 71, 90 %, 3452 MiB
2026/08/03 20:42:29.464, 74.80 W, 72, 90 %, 3452 MiB
2026/08/03 20:42:30.469, 76.27 W, 73, 93 %, 3452 MiB
2026/08/03 20:42:31.472, 59.61 W, 72, 90 %, 3452 MiB
2026/08/03 20:42:32.476, 75.98 W, 72, 90 %, 3452 MiB
2026/08/03 20:42:33.480, 74.28 W, 72, 90 %, 3452 MiB
2026/08/03 20:42:34.484, 74.86 W, 72, 93 %, 3452 MiB
2026/08/03 20:42:35.488, 74.83 W, 72, 90 %, 3452 MiB
2026/08/03 20:42:36.492, 74.29 W, 73, 90 %, 3452 MiB
2026/08/03 20:42:37.495, 74.06 W, 72, 90 %, 3452 MiB
2026/08/03 20:42:38.499, 60.04 W, 72, 93 %, 3452 MiB
2026/08/03 20:42:39.503, 72.29 W, 72, 91 %, 3452 MiB
2026/08/03 20:42:40.507, 43.26 W, 69, 90 %, 1860 MiB
2026/08/03 20:42:41.512, 34.87 W, 67, 71 %, 1872 MiB
2026/08/03 20:42:42.515, 74.88 W, 71, 34 %, 3450 MiB
2026/08/03 20:42:43.521, 61.29 W, 72, 76 %, 3450 MiB
2026/08/03 20:42:44.525, 71.31 W, 71, 91 %, 3450 MiB
2026/08/03 20:42:45.529, 73.63 W, 72, 90 %, 3450 MiB
2026/08/03 20:42:46.536, 76.40 W, 72, 90 %, 3450 MiB
2026/08/03 20:42:47.540, 65.46 W, 72, 91 %, 3450 MiB
2026/08/03 20:42:48.544, 63.55 W, 70, 92 %, 3450 MiB
2026/08/03 20:42:49.549, 73.34 W, 72, 90 %, 3450 MiB
2026/08/03 20:42:50.554, 77.02 W, 72, 90 %, 3450 MiB
2026/08/03 20:42:51.558, 60.12 W, 72, 90 %, 3450 MiB
2026/08/03 20:42:52.563, 73.31 W, 70, 93 %, 3452 MiB
2026/08/03 20:42:53.567, 76.76 W, 72, 89 %, 3452 MiB
2026/08/03 20:42:54.571, 74.97 W, 72, 90 %, 3452 MiB
2026/08/03 20:42:55.575, 58.29 W, 72, 90 %, 3452 MiB
2026/08/03 20:42:56.579, 74.88 W, 70, 93 %, 3452 MiB
2026/08/03 20:42:57.582, 74.91 W, 72, 89 %, 3452 MiB
2026/08/03 20:42:58.586, 74.80 W, 73, 90 %, 3452 MiB
2026/08/03 20:42:59.590, 59.98 W, 72, 90 %, 3452 MiB
2026/08/03 20:43:00.595, 75.75 W, 71, 92 %, 3452 MiB
2026/08/03 20:43:01.599, 72.15 W, 72, 91 %, 3452 MiB
2026/08/03 20:43:02.604, 75.62 W, 73, 90 %, 3452 MiB
2026/08/03 20:43:03.609, 64.10 W, 72, 90 %, 3452 MiB
2026/08/03 20:43:04.613, 66.37 W, 71, 91 %, 3452 MiB
2026/08/03 20:43:05.618, 77.17 W, 72, 92 %, 3452 MiB
2026/08/03 20:43:06.627, 67.67 W, 73, 90 %, 3452 MiB
2026/08/03 20:43:07.632, 66.73 W, 72, 90 %, 1864 MiB
2026/08/03 20:43:08.635, 34.74 W, 67, 63 %, 1874 MiB
2026/08/03 20:43:09.638, 73.19 W, 71, 27 %, 3446 MiB
2026/08/03 20:43:10.642, 77.59 W, 72, 93 %, 3450 MiB
2026/08/03 20:43:11.646, 70.96 W, 72, 90 %, 3450 MiB
2026/08/03 20:43:12.652, 59.65 W, 72, 90 %, 3450 MiB
2026/08/03 20:43:13.655, 73.15 W, 72, 90 %, 3450 MiB
2026/08/03 20:43:14.659, 75.18 W, 72, 93 %, 3450 MiB
2026/08/03 20:43:15.666, 75.93 W, 73, 90 %, 3456 MiB
2026/08/03 20:43:16.670, 61.56 W, 72, 90 %, 3456 MiB
2026/08/03 20:43:17.674, 77.28 W, 71, 90 %, 3456 MiB
2026/08/03 20:43:18.681, 73.03 W, 72, 92 %, 3456 MiB
2026/08/03 20:43:19.685, 76.12 W, 72, 91 %, 3456 MiB
2026/08/03 20:43:20.689, 70.91 W, 71, 90 %, 3456 MiB
2026/08/03 20:43:21.693, 73.53 W, 71, 90 %, 3456 MiB
2026/08/03 20:43:22.696, 75.69 W, 72, 90 %, 3456 MiB
2026/08/03 20:43:23.702, 66.08 W, 73, 93 %, 3456 MiB
2026/08/03 20:43:24.706, 61.92 W, 72, 90 %, 3456 MiB
2026/08/03 20:43:25.710, 72.79 W, 72, 90 %, 3456 MiB
2026/08/03 20:43:26.718, 77.11 W, 72, 90 %, 3456 MiB
2026/08/03 20:43:27.722, 74.08 W, 73, 93 %, 3456 MiB
2026/08/03 20:43:28.727, 59.37 W, 72, 90 %, 3456 MiB
2026/08/03 20:43:29.731, 73.82 W, 72, 90 %, 3456 MiB
2026/08/03 20:43:30.735, 74.81 W, 72, 90 %, 3456 MiB
2026/08/03 20:43:31.739, 74.66 W, 73, 92 %, 3456 MiB
2026/08/03 20:43:32.746, 61.45 W, 72, 91 %, 3456 MiB
2026/08/03 20:43:33.751, 68.41 W, 71, 90 %, 3456 MiB
2026/08/03 20:43:34.754, 37.44 W, 69, 78 %, 1860 MiB
2026/08/03 20:43:35.758, 34.55 W, 67, 58 %, 1874 MiB
2026/08/03 20:43:36.761, 59.62 W, 72, 45 %, 3450 MiB
2026/08/03 20:43:37.766, 74.75 W, 71, 91 %, 3452 MiB
2026/08/03 20:43:38.771, 73.78 W, 73, 90 %, 3452 MiB
2026/08/03 20:43:39.774, 74.37 W, 72, 90 %, 3452 MiB
2026/08/03 20:43:40.778, 59.44 W, 72, 91 %, 3452 MiB
2026/08/03 20:43:41.782, 72.78 W, 71, 92 %, 3452 MiB
2026/08/03 20:43:42.787, 73.25 W, 72, 90 %, 3452 MiB
2026/08/03 20:43:43.790, 76.20 W, 72, 90 %, 3452 MiB
2026/08/03 20:43:44.797, 67.36 W, 72, 90 %, 3452 MiB
2026/08/03 20:43:45.801, 61.94 W, 72, 93 %, 3452 MiB
2026/08/03 20:43:46.805, 73.52 W, 72, 90 %, 3452 MiB
2026/08/03 20:43:47.808, 76.45 W, 72, 90 %, 3452 MiB
2026/08/03 20:43:48.812, 74.15 W, 72, 90 %, 3452 MiB
2026/08/03 20:43:49.817, 58.84 W, 71, 93 %, 3452 MiB
2026/08/03 20:43:50.821, 77.24 W, 72, 90 %, 3452 MiB
2026/08/03 20:43:51.826, 74.98 W, 72, 90 %, 3454 MiB
2026/08/03 20:43:52.831, 58.72 W, 72, 90 %, 3454 MiB
2026/08/03 20:43:53.835, 74.69 W, 70, 92 %, 3454 MiB
2026/08/03 20:43:54.840, 74.64 W, 72, 91 %, 3454 MiB
2026/08/03 20:43:55.845, 74.98 W, 72, 90 %, 3454 MiB
2026/08/03 20:43:56.850, 60.35 W, 72, 90 %, 3454 MiB
2026/08/03 20:43:57.854, 75.55 W, 70, 91 %, 3454 MiB
2026/08/03 20:43:58.859, 73.51 W, 72, 92 %, 3454 MiB
2026/08/03 20:43:59.864, 74.28 W, 72, 90 %, 3454 MiB
2026/08/03 20:44:00.868, 68.97 W, 72, 90 %, 3454 MiB
2026/08/03 20:44:01.874, 60.14 W, 71, 71 %, 1852 MiB
2026/08/03 20:44:02.878, 71.91 W, 70, 40 %, 2902 MiB
2026/08/03 20:44:03.881, 74.05 W, 72, 70 %, 3458 MiB
2026/08/03 20:44:04.888, 74.82 W, 72, 90 %, 3460 MiB
2026/08/03 20:44:05.895, 60.58 W, 71, 90 %, 3460 MiB
2026/08/03 20:44:06.899, 75.38 W, 72, 91 %, 3460 MiB
2026/08/03 20:44:07.903, 74.93 W, 72, 92 %, 3460 MiB
2026/08/03 20:44:08.911, 61.38 W, 72, 90 %, 3460 MiB
2026/08/03 20:44:09.915, 75.88 W, 72, 90 %, 3460 MiB
2026/08/03 20:44:10.919, 73.24 W, 72, 90 %, 3460 MiB
2026/08/03 20:44:11.927, 74.31 W, 72, 93 %, 3460 MiB
2026/08/03 20:44:12.932, 60.56 W, 72, 90 %, 3460 MiB
2026/08/03 20:44:13.936, 68.20 W, 72, 90 %, 3460 MiB
2026/08/03 20:44:14.941, 73.74 W, 72, 90 %, 3460 MiB
2026/08/03 20:44:15.947, 77.01 W, 72, 93 %, 3460 MiB
2026/08/03 20:44:16.952, 71.83 W, 72, 90 %, 3460 MiB
2026/08/03 20:44:17.956, 58.67 W, 72, 90 %, 3460 MiB
2026/08/03 20:44:18.960, 73.85 W, 72, 90 %, 3460 MiB
2026/08/03 20:44:19.965, 74.88 W, 72, 92 %, 3460 MiB
2026/08/03 20:44:20.972, 76.47 W, 73, 91 %, 3460 MiB
2026/08/03 20:44:21.980, 60.76 W, 72, 90 %, 3460 MiB
2026/08/03 20:44:22.984, 76.06 W, 73, 90 %, 3460 MiB
2026/08/03 20:44:23.988, 75.14 W, 72, 90 %, 3460 MiB
2026/08/03 20:44:24.992, 58.91 W, 72, 93 %, 3460 MiB
2026/08/03 20:44:25.995, 78.27 W, 72, 89 %, 3460 MiB
2026/08/03 20:44:27.001, 73.38 W, 73, 89 %, 3462 MiB
2026/08/03 20:44:28.004, 70.42 W, 69, 90 %, 3462 MiB
2026/08/03 20:44:29.007, 72.06 W, 71, 62 %, 1864 MiB
2026/08/03 20:44:30.011, 61.27 W, 71, 30 %, 3426 MiB
2026/08/03 20:44:31.015, 75.67 W, 70, 90 %, 3428 MiB
2026/08/03 20:44:32.019, 73.40 W, 72, 91 %, 3428 MiB
2026/08/03 20:44:33.023, 75.50 W, 72, 90 %, 3428 MiB
2026/08/03 20:44:34.027, 63.32 W, 72, 93 %, 3428 MiB
2026/08/03 20:44:35.031, 64.87 W, 70, 90 %, 3428 MiB
2026/08/03 20:44:36.035, 73.49 W, 72, 90 %, 3428 MiB
2026/08/03 20:44:37.039, 76.83 W, 72, 90 %, 3430 MiB
2026/08/03 20:44:38.044, 60.42 W, 72, 92 %, 3430 MiB
2026/08/03 20:44:39.048, 72.84 W, 70, 91 %, 3430 MiB
2026/08/03 20:44:40.052, 76.08 W, 72, 90 %, 3430 MiB
2026/08/03 20:44:41.058, 75.74 W, 72, 90 %, 3430 MiB
2026/08/03 20:44:42.062, 60.28 W, 72, 90 %, 3430 MiB
2026/08/03 20:44:43.066, 74.38 W, 70, 93 %, 3430 MiB
2026/08/03 20:44:44.073, 74.09 W, 72, 90 %, 3430 MiB
2026/08/03 20:44:45.077, 74.58 W, 72, 90 %, 3432 MiB
2026/08/03 20:44:46.082, 56.89 W, 72, 89 %, 3432 MiB
2026/08/03 20:44:47.086, 75.81 W, 70, 93 %, 3432 MiB
2026/08/03 20:44:48.090, 73.15 W, 72, 90 %, 3432 MiB
2026/08/03 20:44:49.094, 75.53 W, 72, 90 %, 3432 MiB
2026/08/03 20:44:50.101, 61.55 W, 72, 89 %, 3432 MiB
2026/08/03 20:44:51.105, 69.45 W, 71, 93 %, 3432 MiB
2026/08/03 20:44:52.108, 73.41 W, 72, 89 %, 3432 MiB
2026/08/03 20:44:53.116, 77.24 W, 73, 91 %, 3432 MiB
2026/08/03 20:44:54.120, 67.63 W, 72, 90 %, 3432 MiB
2026/08/03 20:44:55.125, 33.58 W, 71, 78 %, 1150 MiB
2026/08/03 20:44:56.131, 53.29 W, 68, 67 %, 1862 MiB
2026/08/03 20:44:57.134, 74.80 W, 71, 36 %, 3446 MiB
2026/08/03 20:44:58.139, 61.16 W, 72, 90 %, 3450 MiB
2026/08/03 20:44:59.143, 71.29 W, 72, 90 %, 3450 MiB
2026/08/03 20:45:00.149, 73.57 W, 72, 93 %, 3450 MiB
2026/08/03 20:45:01.153, 76.48 W, 72, 93 %, 3450 MiB
2026/08/03 20:45:02.159, 64.62 W, 72, 89 %, 3450 MiB
2026/08/03 20:45:03.163, 63.71 W, 72, 90 %, 3450 MiB
2026/08/03 20:45:04.171, 73.17 W, 72, 90 %, 3450 MiB
2026/08/03 20:45:05.175, 77.00 W, 72, 92 %, 3450 MiB
2026/08/03 20:45:06.178, 73.58 W, 72, 91 %, 3450 MiB
2026/08/03 20:45:07.182, 59.19 W, 72, 90 %, 3450 MiB
2026/08/03 20:45:08.186, 73.36 W, 73, 90 %, 3450 MiB
2026/08/03 20:45:09.190, 74.49 W, 72, 91 %, 3450 MiB
2026/08/03 20:45:10.196, 76.14 W, 72, 92 %, 3450 MiB
2026/08/03 20:45:11.200, 59.63 W, 71, 90 %, 3450 MiB
2026/08/03 20:45:12.204, 74.83 W, 72, 90 %, 3450 MiB
2026/08/03 20:45:13.209, 75.79 W, 72, 90 %, 3450 MiB
2026/08/03 20:45:14.214, 61.25 W, 72, 92 %, 3450 MiB
2026/08/03 20:45:15.217, 75.55 W, 71, 90 %, 3450 MiB
2026/08/03 20:45:16.224, 73.60 W, 72, 90 %, 3450 MiB
2026/08/03 20:45:17.229, 74.76 W, 72, 90 %, 3450 MiB
2026/08/03 20:45:18.233, 59.53 W, 72, 93 %, 3450 MiB
2026/08/03 20:45:19.238, 73.03 W, 71, 90 %, 3450 MiB
2026/08/03 20:45:20.244, 73.42 W, 72, 90 %, 3450 MiB
2026/08/03 20:45:21.248, 76.69 W, 72, 90 %, 3450 MiB
2026/08/03 20:45:22.253, 76.17 W, 72, 92 %, 1828 MiB
2026/08/03 20:45:23.257, 38.25 W, 68, 73 %, 1830 MiB
2026/08/03 20:45:24.260, 74.04 W, 70, 48 %, 3456 MiB
2026/08/03 20:45:25.263, 74.68 W, 72, 58 %, 3456 MiB
2026/08/03 20:45:26.272, 76.24 W, 72, 90 %, 3458 MiB
2026/08/03 20:45:27.277, 65.03 W, 72, 93 %, 3458 MiB
2026/08/03 20:45:28.281, 73.58 W, 70, 91 %, 3458 MiB
2026/08/03 20:45:29.287, 77.15 W, 72, 90 %, 3458 MiB
2026/08/03 20:45:30.291, 69.31 W, 72, 90 %, 3458 MiB
2026/08/03 20:45:31.294, 59.65 W, 72, 91 %, 3458 MiB
2026/08/03 20:45:32.298, 73.05 W, 71, 92 %, 3458 MiB
2026/08/03 20:45:33.301, 75.51 W, 72, 90 %, 3460 MiB
2026/08/03 20:45:34.309, 77.38 W, 72, 90 %, 3460 MiB
2026/08/03 20:45:35.313, 61.01 W, 72, 90 %, 3460 MiB
2026/08/03 20:45:36.317, 75.62 W, 71, 93 %, 3460 MiB
2026/08/03 20:45:37.321, 73.81 W, 72, 90 %, 3460 MiB
2026/08/03 20:45:38.325, 73.85 W, 72, 90 %, 3460 MiB
2026/08/03 20:45:39.330, 60.29 W, 72, 90 %, 3460 MiB
2026/08/03 20:45:40.334, 73.13 W, 71, 93 %, 3460 MiB
2026/08/03 20:45:41.337, 72.26 W, 72, 90 %, 3460 MiB
2026/08/03 20:45:42.343, 60.31 W, 73, 90 %, 3460 MiB
2026/08/03 20:45:43.347, 70.57 W, 72, 90 %, 3460 MiB
2026/08/03 20:45:44.350, 72.78 W, 71, 92 %, 3460 MiB
2026/08/03 20:45:45.358, 76.78 W, 72, 91 %, 3460 MiB
2026/08/03 20:45:46.362, 68.52 W, 72, 90 %, 3460 MiB
2026/08/03 20:45:47.366, 62.67 W, 72, 90 %, 3460 MiB
2026/08/03 20:45:48.372, 73.06 W, 71, 91 %, 3460 MiB
2026/08/03 20:45:49.375, 61.42 W, 69, 92 %, 1858 MiB
2026/08/03 20:45:50.378, 34.88 W, 67, 67 %, 1860 MiB
2026/08/03 20:45:51.381, 34.52 W, 66, 27 %, 1874 MiB
2026/08/03 20:45:52.384, 73.07 W, 71, 12 %, 3418 MiB
2026/08/03 20:45:53.387, 74.12 W, 72, 88 %, 3418 MiB
2026/08/03 20:45:54.392, 61.52 W, 72, 88 %, 3418 MiB
2026/08/03 20:45:55.399, 63.83 W, 70, 89 %, 3418 MiB
2026/08/03 20:45:56.403, 72.75 W, 72, 91 %, 3418 MiB
2026/08/03 20:45:57.408, 76.85 W, 72, 91 %, 3420 MiB
2026/08/03 20:45:58.413, 75.32 W, 72, 89 %, 3420 MiB
2026/08/03 20:45:59.418, 74.21 W, 71, 89 %, 3420 MiB
2026/08/03 20:46:00.421, 74.90 W, 72, 90 %, 3420 MiB
2026/08/03 20:46:01.425, 74.77 W, 71, 93 %, 3420 MiB
2026/08/03 20:46:02.430, 59.28 W, 72, 89 %, 3420 MiB
2026/08/03 20:46:03.434, 68.58 W, 71, 89 %, 3420 MiB
2026/08/03 20:46:04.438, 73.20 W, 72, 90 %, 3420 MiB
2026/08/03 20:46:05.442, 77.29 W, 72, 90 %, 3420 MiB
2026/08/03 20:46:06.446, 75.82 W, 72, 92 %, 3420 MiB
2026/08/03 20:46:07.454, 58.93 W, 71, 90 %, 3420 MiB
2026/08/03 20:46:08.458, 74.83 W, 71, 89 %, 3420 MiB
2026/08/03 20:46:09.461, 73.44 W, 72, 89 %, 3420 MiB
2026/08/03 20:46:10.465, 74.48 W, 72, 92 %, 3420 MiB
2026/08/03 20:46:11.469, 59.10 W, 71, 88 %, 3420 MiB
2026/08/03 20:46:12.476, 66.71 W, 70, 89 %, 3420 MiB
2026/08/03 20:46:13.479, 75.60 W, 72, 89 %, 3420 MiB
2026/08/03 20:46:14.483, 66.87 W, 72, 90 %, 3420 MiB
2026/08/03 20:46:15.489, 57.42 W, 72, 92 %, 3420 MiB
2026/08/03 20:46:16.493, 74.14 W, 72, 89 %, 3420 MiB
2026/08/03 20:46:17.498, 43.44 W, 69, 78 %, 1860 MiB
2026/08/03 20:46:18.509, 34.47 W, 69, 54 %, 2888 MiB
2026/08/03 20:46:19.515, 73.85 W, 72, 46 %, 3418 MiB
2026/08/03 20:46:20.519, 57.49 W, 71, 93 %, 3420 MiB
2026/08/03 20:46:21.522, 74.81 W, 70, 89 %, 3420 MiB
2026/08/03 20:46:22.527, 73.39 W, 72, 89 %, 3420 MiB
2026/08/03 20:46:23.531, 74.77 W, 72, 89 %, 3420 MiB
2026/08/03 20:46:24.535, 60.74 W, 72, 91 %, 3420 MiB
2026/08/03 20:46:25.542, 65.20 W, 71, 90 %, 3420 MiB
2026/08/03 20:46:26.547, 73.23 W, 72, 89 %, 3420 MiB
2026/08/03 20:46:27.552, 76.97 W, 72, 89 %, 3420 MiB
2026/08/03 20:46:28.557, 72.82 W, 72, 88 %, 3420 MiB
2026/08/03 20:46:29.561, 58.10 W, 71, 93 %, 3420 MiB
2026/08/03 20:46:30.565, 74.77 W, 72, 90 %, 3420 MiB
2026/08/03 20:46:31.570, 75.18 W, 72, 89 %, 3420 MiB
2026/08/03 20:46:32.574, 60.33 W, 72, 89 %, 3420 MiB
2026/08/03 20:46:33.577, 74.76 W, 72, 92 %, 3420 MiB
2026/08/03 20:46:34.583, 72.89 W, 72, 91 %, 3420 MiB
2026/08/03 20:46:35.586, 77.22 W, 72, 89 %, 3420 MiB
2026/08/03 20:46:36.591, 69.82 W, 72, 89 %, 3420 MiB
2026/08/03 20:46:37.598, 57.30 W, 72, 89 %, 3420 MiB
2026/08/03 20:46:38.602, 73.71 W, 71, 93 %, 3420 MiB
2026/08/03 20:46:39.605, 74.20 W, 72, 89 %, 3420 MiB
2026/08/03 20:46:40.615, 74.27 W, 72, 89 %, 3420 MiB
2026/08/03 20:46:41.618, 58.18 W, 71, 89 %, 3420 MiB
2026/08/03 20:46:42.622, 70.28 W, 70, 91 %, 3420 MiB
2026/08/03 20:46:43.628, 33.60 W, 68, 91 %, 3420 MiB
2026/08/03 20:46:44.631, 48.91 W, 69, 67 %, 1858 MiB
2026/08/03 20:46:45.634, 76.43 W, 71, 27 %, 3416 MiB
2026/08/03 20:46:46.640, 70.51 W, 71, 84 %, 3420 MiB
2026/08/03 20:46:47.645, 72.96 W, 70, 89 %, 3420 MiB
2026/08/03 20:46:48.648, 77.75 W, 72, 92 %, 3420 MiB
2026/08/03 20:46:49.654, 72.82 W, 72, 89 %, 3420 MiB
2026/08/03 20:46:50.658, 57.99 W, 71, 89 %, 3420 MiB
2026/08/03 20:46:51.662, 74.02 W, 70, 89 %, 3420 MiB
2026/08/03 20:46:52.669, 74.21 W, 72, 92 %, 3420 MiB
2026/08/03 20:46:53.676, 74.01 W, 72, 90 %, 3420 MiB
2026/08/03 20:46:54.680, 58.77 W, 72, 89 %, 3420 MiB
2026/08/03 20:46:55.683, 68.52 W, 71, 90 %, 3420 MiB
2026/08/03 20:46:56.689, 72.91 W, 72, 89 %, 3420 MiB
2026/08/03 20:46:57.693, 77.56 W, 72, 92 %, 3420 MiB
2026/08/03 20:46:58.697, 73.28 W, 72, 90 %, 3420 MiB
2026/08/03 20:46:59.701, 58.53 W, 72, 89 %, 3420 MiB
2026/08/03 20:47:00.705, 74.73 W, 72, 89 %, 3420 MiB
2026/08/03 20:47:01.711, 73.89 W, 72, 92 %, 3420 MiB
2026/08/03 20:47:02.717, 74.33 W, 72, 89 %, 3420 MiB
2026/08/03 20:47:03.723, 58.62 W, 71, 89 %, 3420 MiB
2026/08/03 20:47:04.727, 74.06 W, 71, 89 %, 3420 MiB
2026/08/03 20:47:05.731, 75.12 W, 72, 90 %, 3420 MiB
2026/08/03 20:47:06.736, 62.99 W, 72, 92 %, 3420 MiB
2026/08/03 20:47:07.740, 61.20 W, 72, 90 %, 3420 MiB
2026/08/03 20:47:08.744, 72.52 W, 70, 89 %, 3420 MiB
2026/08/03 20:47:09.749, 74.56 W, 72, 90 %, 3420 MiB
2026/08/03 20:47:10.753, 73.82 W, 70, 78 %, 1862 MiB
2026/08/03 20:47:11.757, 34.96 W, 67, 67 %, 1862 MiB
2026/08/03 20:47:12.760, 60.45 W, 71, 38 %, 3418 MiB
2026/08/03 20:47:13.765, 75.86 W, 70, 90 %, 3418 MiB
2026/08/03 20:47:14.768, 73.33 W, 72, 89 %, 3420 MiB
2026/08/03 20:47:15.773, 76.35 W, 72, 89 %, 3420 MiB
2026/08/03 20:47:16.780, 66.12 W, 72, 92 %, 3420 MiB
2026/08/03 20:47:17.783, 58.67 W, 71, 89 %, 3420 MiB
2026/08/03 20:47:18.789, 73.60 W, 72, 89 %, 3420 MiB
2026/08/03 20:47:19.794, 74.84 W, 72, 89 %, 3420 MiB
2026/08/03 20:47:20.798, 58.80 W, 72, 92 %, 3420 MiB
2026/08/03 20:47:21.802, 75.66 W, 72, 90 %, 3420 MiB
2026/08/03 20:47:22.809, 73.41 W, 72, 89 %, 3420 MiB
2026/08/03 20:47:23.815, 74.15 W, 72, 89 %, 3420 MiB
2026/08/03 20:47:24.820, 62.44 W, 72, 89 %, 3420 MiB
2026/08/03 20:47:25.825, 64.12 W, 72, 93 %, 3420 MiB
2026/08/03 20:47:26.833, 72.29 W, 71, 89 %, 3420 MiB
2026/08/03 20:47:27.837, 74.80 W, 72, 90 %, 3420 MiB
2026/08/03 20:47:28.841, 76.51 W, 72, 89 %, 3420 MiB
2026/08/03 20:47:29.847, 59.82 W, 72, 91 %, 3420 MiB
2026/08/03 20:47:30.851, 72.65 W, 70, 91 %, 3420 MiB
2026/08/03 20:47:31.855, 73.30 W, 72, 89 %, 3420 MiB
2026/08/03 20:47:32.860, 77.93 W, 72, 89 %, 3420 MiB
2026/08/03 20:47:33.865, 72.26 W, 72, 89 %, 3420 MiB
2026/08/03 20:47:34.869, 57.87 W, 72, 93 %, 3420 MiB
2026/08/03 20:47:35.876, 75.13 W, 72, 89 %, 3420 MiB
2026/08/03 20:47:36.880, 73.11 W, 72, 89 %, 3420 MiB
2026/08/03 20:47:37.885, 77.82 W, 70, 71 %, 1852 MiB
2026/08/03 20:47:38.890, 34.65 W, 67, 33 %, 1868 MiB
2026/08/03 20:47:39.893, 73.36 W, 70, 75 %, 3430 MiB
2026/08/03 20:47:40.897, 75.83 W, 72, 90 %, 3430 MiB
2026/08/03 20:47:41.902, 75.76 W, 72, 89 %, 3430 MiB
2026/08/03 20:47:42.910, 60.62 W, 72, 89 %, 3430 MiB
2026/08/03 20:47:43.915, 75.18 W, 71, 90 %, 3430 MiB
2026/08/03 20:47:44.918, 73.04 W, 73, 92 %, 3430 MiB
2026/08/03 20:47:45.923, 75.80 W, 72, 89 %, 3430 MiB
2026/08/03 20:47:46.926, 66.43 W, 72, 89 %, 3430 MiB
2026/08/03 20:47:47.930, 59.61 W, 72, 89 %, 3430 MiB
2026/08/03 20:47:48.938, 73.55 W, 72, 93 %, 3430 MiB
2026/08/03 20:47:49.942, 74.76 W, 72, 93 %, 3430 MiB
2026/08/03 20:47:50.946, 74.33 W, 72, 90 %, 3430 MiB
2026/08/03 20:47:51.953, 58.72 W, 71, 89 %, 3430 MiB
2026/08/03 20:47:52.957, 68.89 W, 71, 89 %, 3430 MiB
2026/08/03 20:47:53.960, 72.92 W, 72, 89 %, 3430 MiB
2026/08/03 20:47:54.970, 65.75 W, 72, 93 %, 3430 MiB
2026/08/03 20:47:55.974, 60.58 W, 72, 90 %, 3430 MiB
2026/08/03 20:47:56.978, 73.70 W, 70, 89 %, 3430 MiB
2026/08/03 20:47:57.983, 75.51 W, 72, 89 %, 3430 MiB
2026/08/03 20:47:58.989, 74.21 W, 72, 91 %, 3430 MiB
2026/08/03 20:47:59.993, 58.47 W, 72, 91 %, 3430 MiB
2026/08/03 20:48:00.999, 71.71 W, 72, 89 %, 3430 MiB
2026/08/03 20:48:02.003, 73.12 W, 73, 89 %, 3430 MiB
2026/08/03 20:48:03.007, 77.37 W, 72, 89 %, 3430 MiB
2026/08/03 20:48:04.014, 76.56 W, 72, 93 %, 3430 MiB
2026/08/03 20:48:05.017, 78.23 W, 71, 80 %, 1866 MiB
2026/08/03 20:48:06.021, 62.97 W, 69, 70 %, 3418 MiB
2026/08/03 20:48:07.026, 72.64 W, 72, 28 %, 3418 MiB
2026/08/03 20:48:08.032, 76.29 W, 72, 89 %, 3420 MiB
2026/08/03 20:48:09.035, 75.02 W, 72, 92 %, 3420 MiB
2026/08/03 20:48:10.039, 61.11 W, 72, 90 %, 3420 MiB
2026/08/03 20:48:11.044, 76.65 W, 72, 90 %, 3420 MiB
2026/08/03 20:48:12.048, 74.44 W, 72, 89 %, 3420 MiB
2026/08/03 20:48:13.052, 58.87 W, 72, 89 %, 3420 MiB
2026/08/03 20:48:14.057, 71.54 W, 71, 92 %, 3420 MiB
2026/08/03 20:48:15.061, 73.56 W, 71, 89 %, 3420 MiB
2026/08/03 20:48:16.064, 76.60 W, 72, 89 %, 3420 MiB
2026/08/03 20:48:17.070, 68.11 W, 72, 89 %, 3420 MiB
2026/08/03 20:48:18.074, 58.60 W, 71, 93 %, 3420 MiB
2026/08/03 20:48:19.078, 73.37 W, 71, 90 %, 3420 MiB
2026/08/03 20:48:20.084, 75.19 W, 72, 89 %, 3420 MiB
2026/08/03 20:48:21.088, 75.40 W, 72, 89 %, 3420 MiB
2026/08/03 20:48:22.092, 57.15 W, 72, 90 %, 3420 MiB
2026/08/03 20:48:23.100, 72.57 W, 70, 92 %, 3420 MiB
2026/08/03 20:48:24.103, 72.68 W, 72, 89 %, 3420 MiB
2026/08/03 20:48:25.107, 77.47 W, 72, 89 %, 3420 MiB
2026/08/03 20:48:26.113, 69.47 W, 72, 89 %, 3420 MiB
2026/08/03 20:48:27.117, 71.54 W, 70, 92 %, 3420 MiB
2026/08/03 20:48:28.121, 76.64 W, 72, 89 %, 3420 MiB
2026/08/03 20:48:29.128, 75.55 W, 72, 89 %, 3420 MiB
2026/08/03 20:48:30.132, 59.72 W, 72, 90 %, 3420 MiB
2026/08/03 20:48:31.136, 42.65 W, 71, 89 %, 1146 MiB
2026/08/03 20:48:32.143, 35.98 W, 68, 72 %, 1862 MiB
2026/08/03 20:48:33.146, 73.79 W, 71, 48 %, 3418 MiB
2026/08/03 20:48:34.150, 74.59 W, 72, 63 %, 3420 MiB
2026/08/03 20:48:35.155, 60.52 W, 72, 89 %, 3420 MiB
2026/08/03 20:48:36.159, 64.90 W, 72, 89 %, 3420 MiB
2026/08/03 20:48:37.163, 73.09 W, 72, 93 %, 3420 MiB
2026/08/03 20:48:38.169, 76.75 W, 72, 90 %, 3420 MiB
2026/08/03 20:48:39.177, 76.04 W, 72, 89 %, 3420 MiB
2026/08/03 20:48:40.181, 60.02 W, 72, 89 %, 3420 MiB
2026/08/03 20:48:41.185, 75.47 W, 71, 90 %, 3420 MiB
2026/08/03 20:48:42.188, 73.57 W, 72, 91 %, 3420 MiB
2026/08/03 20:48:43.196, 74.75 W, 72, 89 %, 3420 MiB
2026/08/03 20:48:44.200, 60.98 W, 71, 89 %, 3420 MiB
2026/08/03 20:48:45.204, 72.97 W, 71, 89 %, 3420 MiB
2026/08/03 20:48:46.208, 77.12 W, 72, 92 %, 3420 MiB
2026/08/03 20:48:47.213, 67.40 W, 72, 89 %, 3420 MiB
2026/08/03 20:48:48.217, 58.59 W, 71, 89 %, 3420 MiB
2026/08/03 20:48:49.222, 72.43 W, 70, 89 %, 3420 MiB
2026/08/03 20:48:50.229, 75.17 W, 72, 90 %, 3420 MiB
2026/08/03 20:48:51.233, 75.49 W, 72, 91 %, 3420 MiB
2026/08/03 20:48:52.237, 60.49 W, 72, 89 %, 3420 MiB
2026/08/03 20:48:53.241, 76.17 W, 71, 89 %, 3420 MiB
2026/08/03 20:48:54.245, 73.26 W, 72, 89 %, 3420 MiB
2026/08/03 20:48:55.249, 76.55 W, 72, 93 %, 3420 MiB
2026/08/03 20:48:56.256, 66.82 W, 72, 89 %, 3420 MiB
2026/08/03 20:48:57.260, 58.94 W, 72, 89 %, 3420 MiB
2026/08/03 20:48:58.264, 37.90 W, 70, 90 %, 1838 MiB
2026/08/03 20:48:59.270, 34.89 W, 67, 63 %, 1842 MiB
2026/08/03 20:49:00.273, 34.41 W, 66, 19 %, 1842 MiB
2026/08/03 20:49:01.276, 64.49 W, 69, 17 %, 1842 MiB
2026/08/03 20:49:02.280, 34.42 W, 66, 42 %, 1842 MiB
2026/08/03 20:49:03.282, 30.78 W, 65, 2 %, 1842 MiB
2026/08/03 20:49:04.285, 25.97 W, 64, 0 %, 1842 MiB
2026/08/03 20:49:05.289, 26.02 W, 64, 0 %, 1842 MiB
2026/08/03 20:49:06.292, 25.78 W, 63, 0 %, 1842 MiB
2026/08/03 20:49:07.297, 25.89 W, 63, 0 %, 426 MiB
