timestamp, power.draw [W], temperature.gpu, utilization.gpu [%], memory.used [MiB]
2026/08/03 16:39:04.635, 10.69 W, 36, 0 %, 7 MiB
2026/08/03 16:39:05.646, 10.53 W, 36, 0 %, 7 MiB
2026/08/03 16:39:06.654, 10.54 W, 36, 0 %, 7 MiB
2026/08/03 16:39:07.662, 10.65 W, 36, 0 %, 7 MiB
2026/08/03 16:39:08.670, 25.21 W, 37, 0 %, 62 MiB
2026/08/03 16:39:09.675, 25.11 W, 37, 0 %, 102 MiB
2026/08/03 16:39:10.678, 25.33 W, 37, 0 %, 102 MiB
2026/08/03 16:39:11.681, 25.19 W, 38, 0 %, 102 MiB
2026/08/03 16:39:12.685, 25.24 W, 38, 0 %, 114 MiB
2026/08/03 16:39:13.688, 31.76 W, 39, 15 %, 3708 MiB
2026/08/03 16:39:14.692, 31.71 W, 39, 0 %, 3708 MiB
2026/08/03 16:39:15.696, 31.99 W, 38, 9 %, 3714 MiB
2026/08/03 16:39:16.701, 25.81 W, 38, 5 %, 2110 MiB
2026/08/03 16:39:17.708, 25.10 W, 38, 0 %, 2112 MiB
2026/08/03 16:39:18.715, 25.24 W, 38, 5 %, 2160 MiB
2026/08/03 16:39:19.720, 30.63 W, 39, 5 %, 2312 MiB
2026/08/03 16:39:20.724, 67.34 W, 44, 72 %, 2342 MiB
2026/08/03 16:39:21.732, 74.77 W, 46, 90 %, 2342 MiB
2026/08/03 16:39:22.736, 69.00 W, 46, 88 %, 2350 MiB
2026/08/03 16:39:23.740, 72.34 W, 46, 90 %, 2350 MiB
2026/08/03 16:39:24.747, 66.36 W, 47, 88 %, 2350 MiB
2026/08/03 16:39:25.751, 67.18 W, 47, 89 %, 2350 MiB
2026/08/03 16:39:26.755, 73.17 W, 48, 89 %, 2350 MiB
2026/08/03 16:39:27.759, 66.58 W, 48, 88 %, 2350 MiB
2026/08/03 16:39:28.763, 75.94 W, 48, 89 %, 2350 MiB
2026/08/03 16:39:29.767, 68.12 W, 48, 88 %, 2350 MiB
2026/08/03 16:39:30.771, 76.69 W, 49, 90 %, 2350 MiB
2026/08/03 16:39:31.775, 74.37 W, 49, 88 %, 2350 MiB
2026/08/03 16:39:32.781, 68.98 W, 50, 90 %, 2350 MiB
2026/08/03 16:39:33.785, 75.61 W, 49, 89 %, 2350 MiB
2026/08/03 16:39:34.789, 69.42 W, 49, 89 %, 2350 MiB
2026/08/03 16:39:35.795, 68.38 W, 50, 88 %, 2350 MiB
2026/08/03 16:39:36.799, 75.83 W, 50, 90 %, 2352 MiB
2026/08/03 16:39:37.803, 68.23 W, 50, 89 %, 2352 MiB
2026/08/03 16:39:38.812, 76.21 W, 51, 89 %, 2352 MiB
2026/08/03 16:39:39.816, 69.29 W, 51, 88 %, 2352 MiB
2026/08/03 16:39:40.819, 69.60 W, 51, 88 %, 2352 MiB
2026/08/03 16:39:41.823, 51.06 W, 48, 89 %, 2240 MiB
2026/08/03 16:39:42.826, 34.69 W, 48, 59 %, 1298 MiB
2026/08/03 16:39:43.853, 69.50 W, 52, 35 %, 1464 MiB
2026/08/03 16:39:44.857, 76.50 W, 51, 90 %, 1464 MiB
2026/08/03 16:39:45.861, 68.41 W, 52, 88 %, 1464 MiB
2026/08/03 16:39:46.864, 70.46 W, 52, 89 %, 1464 MiB
2026/08/03 16:39:47.868, 69.04 W, 52, 89 %, 1466 MiB
2026/08/03 16:39:48.873, 67.60 W, 52, 88 %, 1466 MiB
2026/08/03 16:39:49.878, 75.58 W, 53, 89 %, 1466 MiB
2026/08/03 16:39:50.883, 70.61 W, 53, 89 %, 1466 MiB
2026/08/03 16:39:51.887, 66.80 W, 53, 90 %, 1466 MiB
2026/08/03 16:39:52.892, 73.44 W, 53, 89 %, 1466 MiB
2026/08/03 16:39:53.897, 69.53 W, 54, 88 %, 1466 MiB
2026/08/03 16:39:54.901, 77.18 W, 54, 88 %, 1466 MiB
2026/08/03 16:39:55.906, 71.25 W, 54, 89 %, 1466 MiB
2026/08/03 16:39:56.915, 75.15 W, 54, 89 %, 1466 MiB
2026/08/03 16:39:57.920, 70.78 W, 55, 88 %, 1466 MiB
2026/08/03 16:39:58.923, 67.76 W, 55, 90 %, 1466 MiB
2026/08/03 16:39:59.929, 73.72 W, 55, 88 %, 1466 MiB
2026/08/03 16:40:00.932, 68.64 W, 55, 89 %, 1466 MiB
2026/08/03 16:40:01.936, 76.67 W, 55, 89 %, 1466 MiB
2026/08/03 16:40:02.941, 69.24 W, 56, 89 %, 1466 MiB
2026/08/03 16:40:03.947, 70.74 W, 55, 89 %, 1492 MiB
2026/08/03 16:40:04.950, 52.30 W, 55, 89 %, 2680 MiB
2026/08/03 16:40:05.953, 75.51 W, 55, 63 %, 1444 MiB
2026/08/03 16:40:06.960, 68.39 W, 56, 48 %, 1444 MiB
2026/08/03 16:40:07.964, 69.62 W, 56, 88 %, 1444 MiB
2026/08/03 16:40:08.968, 77.50 W, 56, 89 %, 1444 MiB
2026/08/03 16:40:09.973, 67.95 W, 57, 89 %, 1444 MiB
2026/08/03 16:40:10.977, 76.40 W, 57, 88 %, 1444 MiB
2026/08/03 16:40:11.981, 69.50 W, 57, 90 %, 1444 MiB
2026/08/03 16:40:12.988, 76.30 W, 57, 88 %, 1444 MiB
2026/08/03 16:40:13.991, 69.19 W, 57, 90 %, 1444 MiB
2026/08/03 16:40:14.995, 74.55 W, 58, 88 %, 1444 MiB
2026/08/03 16:40:16.001, 68.41 W, 58, 89 %, 1444 MiB
2026/08/03 16:40:17.005, 70.89 W, 58, 88 %, 1444 MiB
2026/08/03 16:40:18.009, 69.98 W, 58, 89 %, 1444 MiB
2026/08/03 16:40:19.015, 67.01 W, 58, 89 %, 1444 MiB
2026/08/03 16:40:20.019, 74.45 W, 58, 89 %, 1444 MiB
2026/08/03 16:40:21.023, 67.62 W, 58, 89 %, 1446 MiB
2026/08/03 16:40:22.029, 74.25 W, 59, 89 %, 1446 MiB
2026/08/03 16:40:23.033, 69.25 W, 59, 90 %, 1446 MiB
2026/08/03 16:40:24.037, 67.24 W, 59, 88 %, 1446 MiB
2026/08/03 16:40:25.043, 76.98 W, 59, 89 %, 1446 MiB
2026/08/03 16:40:26.050, 68.40 W, 59, 89 %, 1446 MiB
2026/08/03 16:40:27.054, 75.46 W, 59, 90 %, 2656 MiB
2026/08/03 16:40:28.058, 41.25 W, 55, 83 %, 2656 MiB
2026/08/03 16:40:29.061, 72.90 W, 59, 40 %, 1442 MiB
2026/08/03 16:40:30.065, 69.33 W, 59, 81 %, 1444 MiB
2026/08/03 16:40:31.068, 67.41 W, 60, 89 %, 1444 MiB
2026/08/03 16:40:32.072, 71.53 W, 59, 89 %, 1444 MiB
2026/08/03 16:40:33.075, 68.56 W, 60, 89 %, 1444 MiB
2026/08/03 16:40:34.079, 74.79 W, 60, 89 %, 1444 MiB
2026/08/03 16:40:35.086, 68.39 W, 61, 88 %, 1444 MiB
2026/08/03 16:40:36.089, 76.61 W, 61, 90 %, 1444 MiB
2026/08/03 16:40:37.094, 67.41 W, 61, 88 %, 1444 MiB
2026/08/03 16:40:38.098, 75.60 W, 61, 89 %, 1444 MiB
2026/08/03 16:40:39.101, 70.24 W, 61, 88 %, 1444 MiB
2026/08/03 16:40:40.105, 69.82 W, 62, 90 %, 1444 MiB
2026/08/03 16:40:41.109, 76.73 W, 61, 88 %, 1444 MiB
2026/08/03 16:40:42.113, 66.93 W, 61, 89 %, 1444 MiB
2026/08/03 16:40:43.121, 74.53 W, 62, 88 %, 1444 MiB
2026/08/03 16:40:44.125, 68.43 W, 62, 89 %, 1446 MiB
2026/08/03 16:40:45.128, 73.75 W, 62, 89 %, 1446 MiB
2026/08/03 16:40:46.133, 70.21 W, 62, 88 %, 1446 MiB
2026/08/03 16:40:47.137, 69.16 W, 62, 90 %, 1446 MiB
2026/08/03 16:40:48.141, 71.49 W, 62, 89 %, 1446 MiB
2026/08/03 16:40:49.145, 66.94 W, 62, 90 %, 1446 MiB
2026/08/03 16:40:50.148, 47.90 W, 62, 88 %, 2654 MiB
2026/08/03 16:40:51.155, 33.45 W, 57, 78 %, 2654 MiB
2026/08/03 16:40:52.158, 76.81 W, 62, 38 %, 1442 MiB
2026/08/03 16:40:53.162, 69.89 W, 63, 89 %, 1442 MiB
2026/08/03 16:40:54.166, 75.78 W, 63, 89 %, 1442 MiB
2026/08/03 16:40:55.174, 75.10 W, 63, 89 %, 1442 MiB
2026/08/03 16:40:56.177, 68.98 W, 63, 88 %, 1444 MiB
2026/08/03 16:40:57.182, 74.83 W, 63, 89 %, 1446 MiB
2026/08/03 16:40:58.187, 67.97 W, 63, 88 %, 1446 MiB
2026/08/03 16:40:59.192, 76.90 W, 63, 89 %, 1446 MiB
2026/08/03 16:41:00.195, 68.45 W, 63, 88 %, 1446 MiB
2026/08/03 16:41:01.202, 75.16 W, 63, 89 %, 1446 MiB
2026/08/03 16:41:02.209, 68.61 W, 63, 89 %, 1446 MiB
2026/08/03 16:41:03.214, 75.82 W, 63, 89 %, 1446 MiB
2026/08/03 16:41:04.218, 69.04 W, 64, 90 %, 1446 MiB
2026/08/03 16:41:05.223, 73.21 W, 64, 88 %, 1446 MiB
2026/08/03 16:41:06.227, 69.79 W, 64, 90 %, 1446 MiB
2026/08/03 16:41:07.233, 70.80 W, 64, 88 %, 1446 MiB
2026/08/03 16:41:08.238, 70.05 W, 64, 90 %, 1446 MiB
2026/08/03 16:41:09.243, 67.18 W, 64, 88 %, 1446 MiB
2026/08/03 16:41:10.247, 72.49 W, 64, 90 %, 1446 MiB
2026/08/03 16:41:11.253, 69.44 W, 64, 89 %, 1446 MiB
2026/08/03 16:41:12.257, 67.96 W, 64, 90 %, 1446 MiB
2026/08/03 16:41:13.261, 71.80 W, 63, 89 %, 2658 MiB
2026/08/03 16:41:14.265, 33.38 W, 60, 56 %, 2658 MiB
2026/08/03 16:41:15.269, 70.40 W, 65, 50 %, 1442 MiB
2026/08/03 16:41:16.272, 76.67 W, 65, 90 %, 1444 MiB
2026/08/03 16:41:17.276, 67.51 W, 65, 88 %, 1444 MiB
2026/08/03 16:41:18.280, 73.45 W, 65, 89 %, 1444 MiB
2026/08/03 16:41:19.284, 69.75 W, 65, 88 %, 1444 MiB
2026/08/03 16:41:20.291, 71.90 W, 65, 90 %, 1444 MiB
2026/08/03 16:41:21.295, 70.51 W, 65, 88 %, 1444 MiB
2026/08/03 16:41:22.299, 70.34 W, 65, 90 %, 1444 MiB
2026/08/03 16:41:23.306, 70.64 W, 66, 88 %, 1444 MiB
2026/08/03 16:41:24.310, 67.69 W, 66, 90 %, 1444 MiB
2026/08/03 16:41:25.314, 72.51 W, 66, 88 %, 1444 MiB
2026/08/03 16:41:26.322, 66.99 W, 65, 89 %, 1444 MiB
2026/08/03 16:41:27.326, 70.39 W, 66, 88 %, 1444 MiB
2026/08/03 16:41:28.330, 69.84 W, 65, 89 %, 1446 MiB
2026/08/03 16:41:29.335, 74.83 W, 66, 88 %, 1446 MiB
2026/08/03 16:41:30.338, 70.47 W, 66, 90 %, 1446 MiB
2026/08/03 16:41:31.342, 72.25 W, 66, 89 %, 1446 MiB
2026/08/03 16:41:32.346, 70.96 W, 66, 89 %, 1446 MiB
2026/08/03 16:41:33.349, 68.33 W, 67, 89 %, 1446 MiB
2026/08/03 16:41:34.354, 71.52 W, 67, 89 %, 1446 MiB
2026/08/03 16:41:35.358, 68.50 W, 67, 90 %, 1446 MiB
2026/08/03 16:41:36.362, 41.65 W, 66, 83 %, 2658 MiB
2026/08/03 16:41:37.367, 34.36 W, 61, 37 %, 2658 MiB
2026/08/03 16:41:38.370, 69.26 W, 66, 61 %, 1444 MiB
2026/08/03 16:41:39.376, 72.61 W, 66, 89 %, 1444 MiB
2026/08/03 16:41:40.380, 70.37 W, 67, 89 %, 1446 MiB
2026/08/03 16:41:41.385, 73.19 W, 66, 88 %, 1446 MiB
2026/08/03 16:41:42.388, 69.45 W, 67, 89 %, 1446 MiB
2026/08/03 16:41:43.394, 69.63 W, 67, 88 %, 1446 MiB
2026/08/03 16:41:44.398, 76.68 W, 67, 89 %, 1446 MiB
2026/08/03 16:41:45.402, 69.09 W, 68, 89 %, 1446 MiB
2026/08/03 16:41:46.407, 75.48 W, 67, 89 %, 1446 MiB
2026/08/03 16:41:47.411, 70.41 W, 68, 90 %, 1446 MiB
2026/08/03 16:41:48.415, 73.70 W, 67, 89 %, 1446 MiB
2026/08/03 16:41:49.418, 71.68 W, 68, 90 %, 1446 MiB
2026/08/03 16:41:50.422, 68.22 W, 68, 89 %, 1446 MiB
2026/08/03 16:41:51.430, 72.66 W, 68, 90 %, 1446 MiB
2026/08/03 16:41:52.434, 68.80 W, 68, 88 %, 1446 MiB
2026/08/03 16:41:53.437, 75.12 W, 68, 90 %, 1446 MiB
2026/08/03 16:41:54.446, 69.83 W, 68, 88 %, 1446 MiB
2026/08/03 16:41:55.449, 77.22 W, 68, 90 %, 1446 MiB
2026/08/03 16:41:56.453, 68.61 W, 68, 88 %, 1446 MiB
2026/08/03 16:41:57.461, 69.49 W, 68, 90 %, 1446 MiB
2026/08/03 16:41:58.467, 69.94 W, 68, 88 %, 1446 MiB
2026/08/03 16:41:59.470, 42.03 W, 68, 80 %, 2658 MiB
2026/08/03 16:42:00.476, 69.70 W, 67, 33 %, 1460 MiB
2026/08/03 16:42:01.480, 74.99 W, 68, 90 %, 1464 MiB
2026/08/03 16:42:02.484, 69.32 W, 68, 88 %, 1464 MiB
2026/08/03 16:42:03.488, 71.11 W, 68, 90 %, 1464 MiB
2026/08/03 16:42:04.492, 71.88 W, 69, 89 %, 1464 MiB
2026/08/03 16:42:05.496, 70.03 W, 69, 90 %, 1464 MiB
2026/08/03 16:42:06.501, 72.65 W, 69, 89 %, 1464 MiB
2026/08/03 16:42:07.505, 68.29 W, 69, 89 %, 1464 MiB
2026/08/03 16:42:08.509, 73.75 W, 69, 89 %, 1464 MiB
2026/08/03 16:42:09.514, 69.33 W, 69, 90 %, 1464 MiB
2026/08/03 16:42:10.518, 75.28 W, 69, 89 %, 1464 MiB
2026/08/03 16:42:11.522, 68.94 W, 69, 89 %, 1464 MiB
2026/08/03 16:42:12.527, 76.90 W, 69, 89 %, 1464 MiB
2026/08/03 16:42:13.531, 75.20 W, 69, 89 %, 1464 MiB
2026/08/03 16:42:14.536, 68.71 W, 69, 89 %, 1464 MiB
2026/08/03 16:42:15.544, 74.95 W, 69, 89 %, 1464 MiB
2026/08/03 16:42:16.548, 68.53 W, 69, 90 %, 1464 MiB
2026/08/03 16:42:17.552, 75.71 W, 69, 89 %, 1464 MiB
2026/08/03 16:42:18.557, 71.00 W, 69, 91 %, 1464 MiB
2026/08/03 16:42:19.562, 76.61 W, 69, 91 %, 1464 MiB
2026/08/03 16:42:20.565, 70.94 W, 69, 89 %, 1464 MiB
2026/08/03 16:42:21.573, 69.18 W, 69, 90 %, 1492 MiB
2026/08/03 16:42:22.576, 39.00 W, 65, 88 %, 2680 MiB
2026/08/03 16:42:23.579, 73.00 W, 69, 62 %, 1442 MiB
2026/08/03 16:42:24.583, 70.82 W, 69, 53 %, 1444 MiB
2026/08/03 16:42:25.591, 67.37 W, 69, 91 %, 1444 MiB
2026/08/03 16:42:26.595, 69.76 W, 69, 89 %, 1446 MiB
2026/08/03 16:42:27.601, 68.35 W, 69, 89 %, 1446 MiB
2026/08/03 16:42:28.606, 73.89 W, 69, 89 %, 1446 MiB
2026/08/03 16:42:29.611, 67.15 W, 69, 90 %, 1446 MiB
2026/08/03 16:42:30.614, 67.37 W, 70, 89 %, 1446 MiB
2026/08/03 16:42:31.620, 74.07 W, 70, 89 %, 1446 MiB
2026/08/03 16:42:32.625, 68.04 W, 70, 91 %, 1446 MiB
2026/08/03 16:42:33.629, 73.20 W, 70, 88 %, 1446 MiB
2026/08/03 16:42:34.634, 68.71 W, 70, 90 %, 1446 MiB
2026/08/03 16:42:35.643, 72.79 W, 69, 88 %, 1446 MiB
2026/08/03 16:42:36.648, 67.92 W, 70, 90 %, 1446 MiB
2026/08/03 16:42:37.652, 72.30 W, 69, 88 %, 1446 MiB
2026/08/03 16:42:38.657, 68.71 W, 70, 90 %, 1446 MiB
2026/08/03 16:42:39.661, 72.50 W, 71, 88 %, 1446 MiB
2026/08/03 16:42:40.666, 69.65 W, 71, 90 %, 1446 MiB
2026/08/03 16:42:41.670, 75.37 W, 71, 88 %, 1446 MiB
2026/08/03 16:42:42.673, 68.81 W, 71, 90 %, 1446 MiB
2026/08/03 16:42:43.677, 78.26 W, 71, 89 %, 1446 MiB
2026/08/03 16:42:44.682, 51.50 W, 68, 90 %, 2658 MiB
2026/08/03 16:42:45.685, 34.83 W, 66, 84 %, 2658 MiB
2026/08/03 16:42:46.688, 69.43 W, 70, 37 %, 1442 MiB
2026/08/03 16:42:47.697, 70.23 W, 70, 85 %, 1444 MiB
2026/08/03 16:42:48.700, 67.62 W, 71, 89 %, 1444 MiB
2026/08/03 16:42:49.704, 72.45 W, 70, 90 %, 1446 MiB
2026/08/03 16:42:50.711, 69.34 W, 71, 88 %, 1446 MiB
2026/08/03 16:42:51.715, 75.31 W, 70, 90 %, 1446 MiB
2026/08/03 16:42:52.719, 69.39 W, 71, 89 %, 1446 MiB
2026/08/03 16:42:53.728, 75.26 W, 70, 90 %, 1446 MiB
2026/08/03 16:42:54.733, 69.19 W, 71, 89 %, 1446 MiB
2026/08/03 16:42:55.736, 76.55 W, 70, 90 %, 1446 MiB
2026/08/03 16:42:56.745, 68.68 W, 71, 89 %, 1446 MiB
2026/08/03 16:42:57.749, 76.27 W, 71, 89 %, 1446 MiB
2026/08/03 16:42:58.752, 67.88 W, 71, 88 %, 1446 MiB
2026/08/03 16:42:59.756, 76.08 W, 71, 90 %, 1446 MiB
2026/08/03 16:43:00.760, 68.65 W, 71, 89 %, 1446 MiB
2026/08/03 16:43:01.766, 68.56 W, 71, 90 %, 1446 MiB
2026/08/03 16:43:02.770, 75.60 W, 71, 89 %, 1446 MiB
2026/08/03 16:43:03.774, 68.95 W, 71, 90 %, 1446 MiB
2026/08/03 16:43:04.781, 73.79 W, 71, 88 %, 1446 MiB
2026/08/03 16:43:05.785, 68.73 W, 71, 90 %, 1446 MiB
2026/08/03 16:43:06.789, 76.57 W, 71, 90 %, 1446 MiB
2026/08/03 16:43:07.794, 75.06 W, 69, 89 %, 2658 MiB
2026/08/03 16:43:08.797, 34.65 W, 66, 77 %, 2658 MiB
2026/08/03 16:43:09.822, 69.31 W, 71, 31 %, 1462 MiB
2026/08/03 16:43:10.825, 72.17 W, 71, 90 %, 1462 MiB
2026/08/03 16:43:11.829, 70.83 W, 71, 89 %, 1462 MiB
2026/08/03 16:43:12.833, 71.98 W, 72, 90 %, 1462 MiB
2026/08/03 16:43:13.838, 68.98 W, 71, 89 %, 1464 MiB
2026/08/03 16:43:14.843, 73.95 W, 72, 90 %, 1464 MiB
2026/08/03 16:43:15.847, 69.57 W, 72, 88 %, 1464 MiB
2026/08/03 16:43:16.851, 76.50 W, 71, 90 %, 1464 MiB
2026/08/03 16:43:17.855, 68.87 W, 72, 89 %, 1464 MiB
2026/08/03 16:43:18.859, 76.58 W, 71, 90 %, 1464 MiB
2026/08/03 16:43:19.866, 69.75 W, 72, 88 %, 1464 MiB
2026/08/03 16:43:20.870, 68.25 W, 72, 91 %, 1464 MiB
2026/08/03 16:43:21.874, 74.36 W, 72, 89 %, 1464 MiB
2026/08/03 16:43:22.878, 69.72 W, 72, 90 %, 1464 MiB
2026/08/03 16:43:23.882, 76.27 W, 72, 88 %, 1466 MiB
2026/08/03 16:43:24.886, 68.58 W, 72, 90 %, 1466 MiB
2026/08/03 16:43:25.891, 76.99 W, 72, 88 %, 1466 MiB
2026/08/03 16:43:26.895, 68.62 W, 72, 90 %, 1466 MiB
2026/08/03 16:43:27.901, 76.43 W, 71, 89 %, 1466 MiB
2026/08/03 16:43:28.906, 68.76 W, 72, 90 %, 1466 MiB
2026/08/03 16:43:29.910, 74.72 W, 71, 88 %, 1466 MiB
2026/08/03 16:43:30.916, 40.51 W, 70, 89 %, 2680 MiB
2026/08/03 16:43:31.921, 68.94 W, 71, 57 %, 1442 MiB
2026/08/03 16:43:32.925, 76.50 W, 72, 49 %, 1448 MiB
2026/08/03 16:43:33.928, 70.18 W, 72, 89 %, 1448 MiB
2026/08/03 16:43:34.933, 73.64 W, 72, 88 %, 1448 MiB
2026/08/03 16:43:35.938, 70.41 W, 72, 90 %, 1448 MiB
2026/08/03 16:43:36.944, 68.84 W, 72, 88 %, 1448 MiB
2026/08/03 16:43:37.948, 70.68 W, 71, 90 %, 1448 MiB
2026/08/03 16:43:38.953, 68.46 W, 73, 88 %, 1448 MiB
2026/08/03 16:43:39.957, 70.53 W, 72, 90 %, 1448 MiB
2026/08/03 16:43:40.960, 69.39 W, 73, 88 %, 1448 MiB
2026/08/03 16:43:41.964, 70.56 W, 73, 90 %, 1448 MiB
2026/08/03 16:43:42.967, 68.48 W, 73, 88 %, 1448 MiB
2026/08/03 16:43:43.971, 71.10 W, 73, 90 %, 1448 MiB
2026/08/03 16:43:44.978, 69.23 W, 73, 88 %, 1448 MiB
2026/08/03 16:43:45.982, 68.70 W, 73, 90 %, 1448 MiB
2026/08/03 16:43:46.985, 70.14 W, 72, 88 %, 1448 MiB
2026/08/03 16:43:47.994, 70.83 W, 73, 89 %, 1448 MiB
2026/08/03 16:43:48.998, 75.51 W, 73, 89 %, 1448 MiB
2026/08/03 16:43:50.002, 76.56 W, 73, 88 %, 1448 MiB
2026/08/03 16:43:51.005, 68.89 W, 73, 90 %, 1448 MiB
2026/08/03 16:43:52.010, 77.16 W, 73, 89 %, 1448 MiB
2026/08/03 16:43:53.013, 68.26 W, 73, 90 %, 1448 MiB
2026/08/03 16:43:54.020, 70.87 W, 73, 81 %, 2654 MiB
2026/08/03 16:43:55.025, 68.51 W, 72, 39 %, 1442 MiB
2026/08/03 16:43:56.029, 70.31 W, 73, 77 %, 1444 MiB
2026/08/03 16:43:57.033, 69.59 W, 73, 90 %, 1444 MiB
2026/08/03 16:43:58.039, 70.34 W, 73, 89 %, 1444 MiB
2026/08/03 16:43:59.042, 69.64 W, 73, 90 %, 1444 MiB
2026/08/03 16:44:00.048, 70.74 W, 73, 88 %, 1446 MiB
2026/08/03 16:44:01.052, 69.33 W, 73, 90 %, 1446 MiB
2026/08/03 16:44:02.056, 72.06 W, 73, 89 %, 1446 MiB
2026/08/03 16:44:03.060, 68.86 W, 73, 90 %, 1446 MiB
2026/08/03 16:44:04.064, 70.08 W, 73, 89 %, 1446 MiB
2026/08/03 16:44:05.067, 69.65 W, 72, 89 %, 1446 MiB
2026/08/03 16:44:06.074, 75.64 W, 73, 89 %, 1446 MiB
2026/08/03 16:44:07.079, 71.03 W, 73, 90 %, 1446 MiB
2026/08/03 16:44:08.082, 74.24 W, 73, 89 %, 1448 MiB
2026/08/03 16:44:09.087, 69.46 W, 73, 90 %, 1448 MiB
2026/08/03 16:44:10.090, 76.22 W, 73, 88 %, 1448 MiB
2026/08/03 16:44:11.096, 68.89 W, 73, 89 %, 1448 MiB
2026/08/03 16:44:12.101, 76.25 W, 73, 89 %, 1448 MiB
2026/08/03 16:44:13.104, 67.70 W, 74, 90 %, 1448 MiB
2026/08/03 16:44:14.109, 76.58 W, 72, 88 %, 1448 MiB
2026/08/03 16:44:15.117, 69.99 W, 74, 89 %, 1448 MiB
2026/08/03 16:44:16.120, 75.60 W, 72, 89 %, 1472 MiB
2026/08/03 16:44:17.125, 40.79 W, 70, 76 %, 2660 MiB
2026/08/03 16:44:18.131, 74.96 W, 73, 39 %, 1462 MiB
2026/08/03 16:44:19.138, 69.43 W, 73, 89 %, 1464 MiB
2026/08/03 16:44:20.141, 75.49 W, 73, 89 %, 1464 MiB
2026/08/03 16:44:21.145, 68.21 W, 73, 89 %, 1464 MiB
2026/08/03 16:44:22.150, 71.75 W, 74, 90 %, 1464 MiB
2026/08/03 16:44:23.154, 69.99 W, 72, 88 %, 1464 MiB
2026/08/03 16:44:24.159, 74.57 W, 73, 90 %, 1464 MiB
2026/08/03 16:44:25.162, 70.23 W, 73, 89 %, 1464 MiB
2026/08/03 16:44:26.165, 75.84 W, 73, 89 %, 1464 MiB
2026/08/03 16:44:27.172, 69.92 W, 74, 89 %, 1464 MiB
2026/08/03 16:44:28.177, 75.37 W, 74, 90 %, 1464 MiB
2026/08/03 16:44:29.180, 70.10 W, 74, 88 %, 1464 MiB
2026/08/03 16:44:30.189, 75.54 W, 73, 90 %, 1464 MiB
2026/08/03 16:44:31.193, 69.63 W, 74, 88 %, 1464 MiB
2026/08/03 16:44:32.197, 76.40 W, 73, 90 %, 1464 MiB
2026/08/03 16:44:33.202, 68.71 W, 74, 88 %, 1464 MiB
2026/08/03 16:44:34.206, 74.59 W, 74, 90 %, 1464 MiB
2026/08/03 16:44:35.211, 67.09 W, 74, 89 %, 1464 MiB
2026/08/03 16:44:36.217, 77.31 W, 74, 90 %, 1464 MiB
2026/08/03 16:44:37.221, 74.38 W, 74, 89 %, 1464 MiB
2026/08/03 16:44:38.225, 69.72 W, 74, 90 %, 1464 MiB
2026/08/03 16:44:39.231, 76.22 W, 74, 89 %, 2678 MiB
2026/08/03 16:44:40.234, 35.21 W, 69, 63 %, 2678 MiB
2026/08/03 16:44:41.237, 74.60 W, 74, 53 %, 1444 MiB
2026/08/03 16:44:42.242, 68.49 W, 73, 90 %, 1444 MiB
2026/08/03 16:44:43.247, 74.99 W, 73, 89 %, 1444 MiB
2026/08/03 16:44:44.251, 70.67 W, 74, 90 %, 1444 MiB
2026/08/03 16:44:45.258, 74.66 W, 73, 89 %, 1444 MiB
2026/08/03 16:44:46.266, 67.80 W, 74, 90 %, 1444 MiB
2026/08/03 16:44:47.270, 77.16 W, 73, 88 %, 1444 MiB
2026/08/03 16:44:48.273, 68.46 W, 74, 90 %, 1446 MiB
2026/08/03 16:44:49.277, 76.06 W, 74, 89 %, 1446 MiB
2026/08/03 16:44:50.281, 70.11 W, 74, 90 %, 1446 MiB
2026/08/03 16:44:51.285, 75.12 W, 74, 89 %, 1446 MiB
2026/08/03 16:44:52.292, 68.40 W, 74, 90 %, 1446 MiB
2026/08/03 16:44:53.296, 76.98 W, 74, 88 %, 1446 MiB
2026/08/03 16:44:54.301, 69.82 W, 74, 90 %, 1446 MiB
2026/08/03 16:44:55.306, 71.05 W, 74, 88 %, 1446 MiB
2026/08/03 16:44:56.310, 68.72 W, 73, 90 %, 1446 MiB
2026/08/03 16:44:57.314, 73.33 W, 74, 88 %, 1446 MiB
2026/08/03 16:44:58.320, 70.12 W, 74, 90 %, 1446 MiB
2026/08/03 16:44:59.323, 75.09 W, 74, 88 %, 1446 MiB
2026/08/03 16:45:00.327, 69.64 W, 74, 90 %, 1446 MiB
2026/08/03 16:45:01.331, 72.78 W, 74, 88 %, 1446 MiB
2026/08/03 16:45:02.334, 55.94 W, 74, 83 %, 2658 MiB
2026/08/03 16:45:03.340, 34.85 W, 69, 34 %, 2658 MiB
2026/08/03 16:45:04.343, 71.67 W, 74, 34 %, 1442 MiB
2026/08/03 16:45:05.347, 68.29 W, 74, 86 %, 1444 MiB
2026/08/03 16:45:06.353, 69.11 W, 74, 88 %, 1444 MiB
2026/08/03 16:45:07.357, 69.73 W, 73, 89 %, 1444 MiB
2026/08/03 16:45:08.362, 71.89 W, 74, 89 %, 1444 MiB
2026/08/03 16:45:09.367, 68.95 W, 74, 90 %, 1444 MiB
2026/08/03 16:45:10.370, 76.04 W, 74, 88 %, 1444 MiB
2026/08/03 16:45:11.374, 68.45 W, 74, 89 %, 1444 MiB
2026/08/03 16:45:12.378, 75.90 W, 74, 89 %, 1446 MiB
2026/08/03 16:45:13.382, 69.79 W, 74, 90 %, 1446 MiB
2026/08/03 16:45:14.388, 76.44 W, 74, 88 %, 1446 MiB
2026/08/03 16:45:15.392, 67.30 W, 74, 89 %, 1446 MiB
2026/08/03 16:45:16.396, 75.98 W, 74, 88 %, 1446 MiB
2026/08/03 16:45:17.402, 69.75 W, 75, 90 %, 1446 MiB
2026/08/03 16:45:18.406, 76.28 W, 75, 89 %, 1446 MiB
2026/08/03 16:45:19.410, 66.95 W, 74, 89 %, 1446 MiB
2026/08/03 16:45:20.417, 73.38 W, 74, 89 %, 1446 MiB
2026/08/03 16:45:21.421, 68.48 W, 74, 89 %, 1446 MiB
2026/08/03 16:45:22.425, 71.46 W, 74, 90 %, 1446 MiB
2026/08/03 16:45:23.432, 68.70 W, 74, 88 %, 1446 MiB
2026/08/03 16:45:24.437, 74.98 W, 75, 90 %, 1446 MiB
2026/08/03 16:45:25.440, 74.63 W, 73, 89 %, 2658 MiB
2026/08/03 16:45:26.444, 34.85 W, 71, 76 %, 1328 MiB
2026/08/03 16:45:27.452, 69.74 W, 74, 39 %, 1444 MiB
2026/08/03 16:45:28.455, 71.50 W, 74, 90 %, 1444 MiB
2026/08/03 16:45:29.459, 68.68 W, 75, 89 %, 1444 MiB
2026/08/03 16:45:30.467, 70.21 W, 74, 90 %, 1444 MiB
2026/08/03 16:45:31.470, 69.08 W, 75, 89 %, 1444 MiB
2026/08/03 16:45:32.474, 69.63 W, 75, 89 %, 1444 MiB
2026/08/03 16:45:33.481, 66.54 W, 74, 89 %, 1446 MiB
2026/08/03 16:45:34.485, 71.20 W, 75, 90 %, 1446 MiB
2026/08/03 16:45:35.488, 73.02 W, 74, 89 %, 1446 MiB
2026/08/03 16:45:36.493, 70.34 W, 75, 89 %, 1446 MiB
2026/08/03 16:45:37.497, 73.56 W, 74, 90 %, 1446 MiB
2026/08/03 16:45:38.500, 69.44 W, 75, 89 %, 1446 MiB
2026/08/03 16:45:39.507, 75.27 W, 75, 90 %, 1446 MiB
2026/08/03 16:45:40.511, 77.58 W, 75, 88 %, 1446 MiB
2026/08/03 16:45:41.515, 68.96 W, 75, 90 %, 1446 MiB
2026/08/03 16:45:42.522, 74.05 W, 75, 89 %, 1446 MiB
2026/08/03 16:45:43.526, 68.38 W, 75, 89 %, 1446 MiB
2026/08/03 16:45:44.530, 71.32 W, 73, 88 %, 1446 MiB
2026/08/03 16:45:45.535, 69.85 W, 75, 90 %, 1446 MiB
2026/08/03 16:45:46.539, 70.53 W, 75, 88 %, 1448 MiB
2026/08/03 16:45:47.543, 69.17 W, 75, 90 %, 1448 MiB
2026/08/03 16:45:48.550, 60.02 W, 74, 89 %, 2658 MiB
2026/08/03 16:45:49.554, 68.08 W, 74, 62 %, 1448 MiB
2026/08/03 16:45:50.559, 73.81 W, 75, 52 %, 1448 MiB
2026/08/03 16:45:51.562, 67.46 W, 74, 90 %, 1448 MiB
2026/08/03 16:45:52.566, 72.18 W, 74, 88 %, 1448 MiB
2026/08/03 16:45:53.570, 68.34 W, 74, 90 %, 1448 MiB
2026/08/03 16:45:54.576, 69.78 W, 75, 88 %, 1448 MiB
2026/08/03 16:45:55.579, 69.25 W, 74, 90 %, 1448 MiB
2026/08/03 16:45:56.582, 76.14 W, 75, 89 %, 1448 MiB
2026/08/03 16:45:57.589, 69.24 W, 75, 90 %, 1448 MiB
2026/08/03 16:45:58.593, 76.00 W, 75, 88 %, 1448 MiB
2026/08/03 16:45:59.597, 67.62 W, 75, 89 %, 1448 MiB
2026/08/03 16:46:00.606, 76.15 W, 75, 89 %, 1448 MiB
2026/08/03 16:46:01.609, 70.18 W, 75, 90 %, 1448 MiB
2026/08/03 16:46:02.613, 76.23 W, 74, 89 %, 1448 MiB
2026/08/03 16:46:03.619, 70.40 W, 75, 90 %, 1448 MiB
2026/08/03 16:46:04.622, 75.61 W, 73, 89 %, 1448 MiB
2026/08/03 16:46:05.626, 68.78 W, 75, 90 %, 1448 MiB
2026/08/03 16:46:06.630, 75.51 W, 75, 89 %, 1448 MiB
2026/08/03 16:46:07.633, 68.09 W, 75, 89 %, 1448 MiB
2026/08/03 16:46:08.637, 77.48 W, 75, 90 %, 1448 MiB
2026/08/03 16:46:09.642, 69.12 W, 75, 89 %, 1448 MiB
2026/08/03 16:46:10.645, 68.86 W, 75, 89 %, 1448 MiB
2026/08/03 16:46:11.651, 60.23 W, 71, 82 %, 2658 MiB
2026/08/03 16:46:12.654, 69.71 W, 73, 40 %, 1442 MiB
2026/08/03 16:46:13.658, 76.52 W, 74, 72 %, 1442 MiB
2026/08/03 16:46:14.662, 69.56 W, 75, 88 %, 1444 MiB
2026/08/03 16:46:15.666, 76.06 W, 75, 90 %, 1444 MiB
2026/08/03 16:46:16.670, 69.84 W, 75, 89 %, 1444 MiB
2026/08/03 16:46:17.676, 75.82 W, 75, 90 %, 1444 MiB
2026/08/03 16:46:18.680, 69.10 W, 75, 89 %, 1444 MiB
2026/08/03 16:46:19.683, 76.51 W, 74, 90 %, 1444 MiB
2026/08/03 16:46:20.691, 69.27 W, 75, 88 %, 1446 MiB
2026/08/03 16:46:21.695, 74.31 W, 74, 90 %, 1446 MiB
2026/08/03 16:46:22.699, 69.61 W, 75, 89 %, 1446 MiB
2026/08/03 16:46:23.703, 73.84 W, 75, 90 %, 1446 MiB
2026/08/03 16:46:24.706, 70.75 W, 75, 88 %, 1446 MiB
2026/08/03 16:46:25.710, 69.39 W, 75, 90 %, 1446 MiB
2026/08/03 16:46:26.714, 75.39 W, 75, 89 %, 1446 MiB
2026/08/03 16:46:27.718, 69.31 W, 75, 90 %, 1446 MiB
2026/08/03 16:46:28.724, 75.49 W, 75, 89 %, 1446 MiB
2026/08/03 16:46:29.733, 67.80 W, 75, 90 %, 1446 MiB
2026/08/03 16:46:30.738, 71.68 W, 74, 88 %, 1446 MiB
2026/08/03 16:46:31.743, 69.00 W, 75, 89 %, 1446 MiB
2026/08/03 16:46:32.747, 73.49 W, 74, 89 %, 1446 MiB
2026/08/03 16:46:33.750, 67.30 W, 75, 90 %, 2092 MiB
2026/08/03 16:46:34.755, 38.41 W, 71, 75 %, 2660 MiB
2026/08/03 16:46:35.758, 68.58 W, 75, 40 %, 1442 MiB
2026/08/03 16:46:36.762, 76.42 W, 74, 89 %, 1446 MiB
2026/08/03 16:46:37.765, 68.19 W, 75, 90 %, 1446 MiB
2026/08/03 16:46:38.773, 76.92 W, 75, 88 %, 1446 MiB
2026/08/03 16:46:39.778, 68.79 W, 75, 90 %, 1446 MiB
2026/08/03 16:46:40.782, 74.38 W, 75, 89 %, 1446 MiB
2026/08/03 16:46:41.787, 69.20 W, 75, 90 %, 1446 MiB
2026/08/03 16:46:42.791, 67.91 W, 75, 89 %, 1446 MiB
2026/08/03 16:46:43.796, 74.47 W, 75, 90 %, 1446 MiB
2026/08/03 16:46:44.801, 69.55 W, 75, 89 %, 1446 MiB
2026/08/03 16:46:45.806, 77.12 W, 75, 90 %, 1446 MiB
2026/08/03 16:46:46.810, 68.65 W, 75, 89 %, 1446 MiB
2026/08/03 16:46:47.817, 77.97 W, 75, 90 %, 1446 MiB
2026/08/03 16:46:48.821, 67.59 W, 75, 88 %, 1446 MiB
2026/08/03 16:46:49.825, 73.54 W, 74, 90 %, 1446 MiB
2026/08/03 16:46:50.830, 69.25 W, 75, 88 %, 1446 MiB
2026/08/03 16:46:51.834, 74.48 W, 76, 89 %, 1446 MiB
2026/08/03 16:46:52.837, 67.99 W, 75, 88 %, 1446 MiB
2026/08/03 16:46:53.843, 73.55 W, 75, 90 %, 1446 MiB
2026/08/03 16:46:54.847, 69.55 W, 75, 89 %, 1446 MiB
2026/08/03 16:46:55.851, 73.96 W, 75, 90 %, 1446 MiB
2026/08/03 16:46:56.860, 38.97 W, 72, 89 %, 2654 MiB
2026/08/03 16:46:57.867, 34.87 W, 70, 60 %, 2654 MiB
2026/08/03 16:46:58.870, 69.39 W, 75, 53 %, 1444 MiB
2026/08/03 16:46:59.874, 67.71 W, 75, 90 %, 1444 MiB
2026/08/03 16:47:00.880, 71.62 W, 75, 88 %, 1444 MiB
2026/08/03 16:47:01.884, 67.04 W, 75, 90 %, 1444 MiB
2026/08/03 16:47:02.887, 71.29 W, 74, 89 %, 1444 MiB
2026/08/03 16:47:03.893, 68.22 W, 75, 90 %, 1444 MiB
2026/08/03 16:47:04.897, 71.14 W, 75, 89 %, 1444 MiB
2026/08/03 16:47:05.900, 67.89 W, 75, 90 %, 1444 MiB
2026/08/03 16:47:06.906, 71.03 W, 75, 89 %, 1444 MiB
2026/08/03 16:47:07.913, 69.38 W, 75, 90 %, 1444 MiB
2026/08/03 16:47:08.917, 69.47 W, 75, 88 %, 1444 MiB
2026/08/03 16:47:09.921, 70.28 W, 75, 90 %, 1444 MiB
2026/08/03 16:47:10.929, 68.68 W, 75, 89 %, 1446 MiB
2026/08/03 16:47:11.934, 69.65 W, 75, 90 %, 1446 MiB
2026/08/03 16:47:12.937, 71.22 W, 76, 88 %, 1446 MiB
2026/08/03 16:47:13.945, 74.64 W, 75, 90 %, 1446 MiB
2026/08/03 16:47:14.949, 68.96 W, 75, 89 %, 1448 MiB
2026/08/03 16:47:15.952, 68.85 W, 75, 90 %, 1448 MiB
2026/08/03 16:47:16.956, 76.75 W, 75, 88 %, 1448 MiB
2026/08/03 16:47:17.960, 69.26 W, 75, 90 %, 1448 MiB
2026/08/03 16:47:18.965, 77.18 W, 75, 88 %, 1448 MiB
2026/08/03 16:47:19.969, 73.41 W, 73, 83 %, 2658 MiB
2026/08/03 16:47:20.972, 57.29 W, 73, 35 %, 1442 MiB
2026/08/03 16:47:21.977, 69.16 W, 74, 85 %, 1446 MiB
2026/08/03 16:47:22.982, 76.34 W, 74, 88 %, 1446 MiB
2026/08/03 16:47:23.986, 69.68 W, 75, 90 %, 1446 MiB
2026/08/03 16:47:24.994, 76.24 W, 74, 88 %, 1446 MiB
2026/08/03 16:47:25.998, 69.32 W, 75, 90 %, 1446 MiB
2026/08/03 16:47:27.002, 75.68 W, 75, 88 %, 1446 MiB
2026/08/03 16:47:28.007, 68.97 W, 75, 89 %, 1446 MiB
2026/08/03 16:47:29.011, 76.45 W, 75, 89 %, 1446 MiB
2026/08/03 16:47:30.017, 67.82 W, 75, 90 %, 1446 MiB
2026/08/03 16:47:31.023, 68.71 W, 75, 88 %, 1446 MiB
2026/08/03 16:47:32.027, 69.79 W, 74, 90 %, 1446 MiB
2026/08/03 16:47:33.032, 72.93 W, 75, 89 %, 1446 MiB
2026/08/03 16:47:34.036, 69.48 W, 75, 90 %, 1446 MiB
2026/08/03 16:47:35.040, 76.24 W, 75, 89 %, 1446 MiB
2026/08/03 16:47:36.044, 71.00 W, 75, 88 %, 1446 MiB
2026/08/03 16:47:37.053, 75.43 W, 75, 90 %, 1446 MiB
2026/08/03 16:47:38.057, 67.32 W, 75, 88 %, 1446 MiB
2026/08/03 16:47:39.062, 74.11 W, 75, 90 %, 1446 MiB
2026/08/03 16:47:40.068, 69.18 W, 76, 88 %, 1446 MiB
2026/08/03 16:47:41.072, 76.33 W, 75, 90 %, 1446 MiB
2026/08/03 16:47:42.076, 69.78 W, 76, 89 %, 1446 MiB
2026/08/03 16:47:43.080, 78.14 W, 75, 76 %, 2656 MiB
2026/08/03 16:47:44.084, 68.78 W, 74, 38 %, 1442 MiB
2026/08/03 16:47:45.089, 74.22 W, 76, 90 %, 1442 MiB
2026/08/03 16:47:46.092, 69.45 W, 75, 89 %, 1442 MiB
2026/08/03 16:47:47.099, 74.76 W, 75, 90 %, 1444 MiB
2026/08/03 16:47:48.103, 75.28 W, 75, 90 %, 1444 MiB
2026/08/03 16:47:49.107, 69.79 W, 75, 88 %, 1444 MiB
2026/08/03 16:47:50.115, 74.94 W, 75, 90 %, 1444 MiB
2026/08/03 16:47:51.119, 69.20 W, 75, 89 %, 1444 MiB
2026/08/03 16:47:52.124, 74.88 W, 75, 90 %, 1444 MiB
2026/08/03 16:47:53.129, 69.08 W, 75, 88 %, 1444 MiB
2026/08/03 16:47:54.134, 74.37 W, 74, 90 %, 1444 MiB
2026/08/03 16:47:55.137, 69.19 W, 75, 89 %, 1444 MiB
2026/08/03 16:47:56.141, 74.12 W, 76, 90 %, 1444 MiB
2026/08/03 16:47:57.145, 69.16 W, 75, 88 %, 1444 MiB
2026/08/03 16:47:58.149, 73.97 W, 76, 90 %, 1444 MiB
2026/08/03 16:47:59.153, 69.45 W, 76, 89 %, 1444 MiB
2026/08/03 16:48:00.157, 76.37 W, 76, 91 %, 1444 MiB
2026/08/03 16:48:01.162, 69.28 W, 75, 89 %, 1444 MiB
2026/08/03 16:48:02.166, 70.76 W, 75, 90 %, 1444 MiB
2026/08/03 16:48:03.172, 70.78 W, 75, 88 %, 1444 MiB
2026/08/03 16:48:04.178, 70.92 W, 76, 90 %, 1444 MiB
2026/08/03 16:48:05.182, 69.72 W, 75, 89 %, 1472 MiB
2026/08/03 16:48:06.185, 44.92 W, 72, 89 %, 2660 MiB
2026/08/03 16:48:07.189, 69.53 W, 75, 58 %, 1442 MiB
2026/08/03 16:48:08.193, 76.33 W, 75, 58 %, 1442 MiB
2026/08/03 16:48:09.197, 70.29 W, 75, 89 %, 1442 MiB
2026/08/03 16:48:10.203, 75.84 W, 75, 90 %, 1442 MiB
2026/08/03 16:48:11.206, 69.76 W, 75, 89 %, 1442 MiB
2026/08/03 16:48:12.210, 76.17 W, 74, 90 %, 1444 MiB
2026/08/03 16:48:13.218, 70.16 W, 75, 89 %, 1446 MiB
2026/08/03 16:48:14.223, 74.70 W, 75, 89 %, 1446 MiB
2026/08/03 16:48:15.226, 69.60 W, 75, 89 %, 1446 MiB
2026/08/03 16:48:16.230, 76.93 W, 75, 89 %, 1446 MiB
2026/08/03 16:48:17.234, 68.82 W, 75, 89 %, 1446 MiB
2026/08/03 16:48:18.238, 69.02 W, 75, 89 %, 1446 MiB
2026/08/03 16:48:19.244, 71.28 W, 74, 90 %, 1446 MiB
2026/08/03 16:48:20.248, 71.68 W, 75, 89 %, 1446 MiB
2026/08/03 16:48:21.252, 70.82 W, 75, 90 %, 1446 MiB
2026/08/03 16:48:22.257, 75.56 W, 76, 88 %, 1446 MiB
2026/08/03 16:48:23.261, 71.00 W, 76, 90 %, 1446 MiB
2026/08/03 16:48:24.265, 75.53 W, 76, 89 %, 1446 MiB
2026/08/03 16:48:25.273, 69.35 W, 75, 90 %, 1446 MiB
2026/08/03 16:48:26.278, 76.62 W, 75, 88 %, 1446 MiB
2026/08/03 16:48:27.282, 69.47 W, 76, 90 %, 1446 MiB
2026/08/03 16:48:28.287, 77.31 W, 75, 88 %, 2090 MiB
2026/08/03 16:48:29.291, 35.28 W, 71, 83 %, 2658 MiB
2026/08/03 16:48:30.294, 75.47 W, 74, 34 %, 1456 MiB
2026/08/03 16:48:31.299, 69.80 W, 75, 86 %, 1460 MiB
2026/08/03 16:48:32.302, 76.42 W, 75, 88 %, 1460 MiB
2026/08/03 16:48:33.307, 67.72 W, 75, 89 %, 1460 MiB
2026/08/03 16:48:34.314, 67.96 W, 75, 89 %, 1460 MiB
2026/08/03 16:48:35.319, 71.73 W, 75, 89 %, 1460 MiB
2026/08/03 16:48:36.323, 69.53 W, 76, 88 %, 1460 MiB
2026/08/03 16:48:37.327, 68.45 W, 75, 90 %, 1460 MiB
2026/08/03 16:48:38.330, 76.19 W, 76, 88 %, 1460 MiB
2026/08/03 16:48:39.334, 71.84 W, 76, 89 %, 1460 MiB
2026/08/03 16:48:40.342, 74.28 W, 75, 89 %, 1460 MiB
2026/08/03 16:48:41.346, 68.17 W, 75, 88 %, 1460 MiB
2026/08/03 16:48:42.350, 76.18 W, 75, 90 %, 1460 MiB
2026/08/03 16:48:43.357, 68.80 W, 76, 88 %, 1460 MiB
2026/08/03 16:48:44.361, 76.18 W, 75, 90 %, 1460 MiB
2026/08/03 16:48:45.364, 68.51 W, 76, 88 %, 1460 MiB
2026/08/03 16:48:46.369, 75.95 W, 76, 90 %, 1460 MiB
2026/08/03 16:48:47.373, 67.93 W, 75, 88 %, 1460 MiB
2026/08/03 16:48:48.377, 74.96 W, 75, 90 %, 1460 MiB
2026/08/03 16:48:49.385, 69.16 W, 75, 89 %, 1460 MiB
2026/08/03 16:48:50.389, 70.17 W, 76, 90 %, 1460 MiB
2026/08/03 16:48:51.394, 66.08 W, 73, 89 %, 2672 MiB
2026/08/03 16:48:52.397, 34.96 W, 71, 76 %, 2672 MiB
2026/08/03 16:48:53.400, 75.67 W, 75, 39 %, 1444 MiB
2026/08/03 16:48:54.403, 68.30 W, 75, 90 %, 1444 MiB
2026/08/03 16:48:55.409, 72.38 W, 75, 89 %, 1444 MiB
2026/08/03 16:48:56.412, 67.53 W, 76, 90 %, 1444 MiB
2026/08/03 16:48:57.417, 71.72 W, 76, 88 %, 1444 MiB
2026/08/03 16:48:58.426, 68.86 W, 75, 90 %, 1446 MiB
2026/08/03 16:48:59.430, 70.10 W, 76, 89 %, 1446 MiB
2026/08/03 16:49:00.434, 71.72 W, 75, 89 %, 1446 MiB
2026/08/03 16:49:01.439, 69.31 W, 75, 89 %, 1446 MiB
2026/08/03 16:49:02.444, 71.58 W, 75, 90 %, 1446 MiB
2026/08/03 16:49:03.449, 70.48 W, 76, 88 %, 1446 MiB
2026/08/03 16:49:04.453, 73.12 W, 75, 90 %, 1446 MiB
2026/08/03 16:49:05.456, 75.70 W, 76, 89 %, 1446 MiB
2026/08/03 16:49:06.460, 69.79 W, 76, 90 %, 1446 MiB
2026/08/03 16:49:07.468, 75.70 W, 76, 89 %, 1446 MiB
2026/08/03 16:49:08.472, 70.42 W, 76, 90 %, 1446 MiB
2026/08/03 16:49:09.476, 74.48 W, 76, 89 %, 1446 MiB
2026/08/03 16:49:10.483, 69.56 W, 75, 90 %, 1446 MiB
2026/08/03 16:49:11.488, 75.71 W, 75, 89 %, 1446 MiB
2026/08/03 16:49:12.491, 68.78 W, 76, 90 %, 1446 MiB
2026/08/03 16:49:13.497, 75.60 W, 75, 89 %, 1446 MiB
2026/08/03 16:49:14.501, 72.84 W, 73, 90 %, 2658 MiB
2026/08/03 16:49:15.504, 54.09 W, 72, 57 %, 1326 MiB
2026/08/03 16:49:16.509, 69.64 W, 75, 57 %, 1444 MiB
2026/08/03 16:49:17.515, 75.97 W, 75, 88 %, 1444 MiB
2026/08/03 16:49:18.519, 68.47 W, 76, 90 %, 1450 MiB
2026/08/03 16:49:19.523, 74.80 W, 76, 88 %, 1450 MiB
2026/08/03 16:49:20.527, 69.62 W, 76, 90 %, 1450 MiB
2026/08/03 16:49:21.531, 68.97 W, 76, 89 %, 1450 MiB
2026/08/03 16:49:22.536, 73.20 W, 75, 89 %, 1450 MiB
2026/08/03 16:49:23.541, 68.50 W, 76, 89 %, 1450 MiB
2026/08/03 16:49:24.544, 70.39 W, 75, 89 %, 1450 MiB
2026/08/03 16:49:25.549, 71.06 W, 75, 89 %, 1450 MiB
2026/08/03 16:49:26.553, 71.09 W, 76, 88 %, 1450 MiB
2026/08/03 16:49:27.557, 73.61 W, 76, 90 %, 1450 MiB
2026/08/03 16:49:28.565, 70.81 W, 76, 89 %, 1450 MiB
2026/08/03 16:49:29.570, 75.49 W, 75, 89 %, 1450 MiB
2026/08/03 16:49:30.573, 70.94 W, 76, 88 %, 1450 MiB
2026/08/03 16:49:31.580, 75.37 W, 75, 90 %, 1450 MiB
2026/08/03 16:49:32.584, 71.76 W, 76, 89 %, 1450 MiB
2026/08/03 16:49:33.587, 75.95 W, 75, 90 %, 1450 MiB
2026/08/03 16:49:34.591, 70.18 W, 76, 88 %, 1450 MiB
2026/08/03 16:49:35.595, 69.03 W, 76, 90 %, 1450 MiB
2026/08/03 16:49:36.600, 73.59 W, 75, 89 %, 1450 MiB
2026/08/03 16:49:37.604, 36.97 W, 75, 82 %, 2658 MiB
2026/08/03 16:49:38.608, 75.25 W, 74, 34 %, 1442 MiB
2026/08/03 16:49:39.613, 69.39 W, 75, 85 %, 1448 MiB
2026/08/03 16:49:40.618, 74.43 W, 75, 88 %, 1448 MiB
2026/08/03 16:49:41.622, 69.68 W, 76, 90 %, 1448 MiB
2026/08/03 16:49:42.628, 75.50 W, 75, 88 %, 1448 MiB
2026/08/03 16:49:43.631, 69.30 W, 76, 90 %, 1448 MiB
2026/08/03 16:49:44.635, 75.54 W, 76, 88 %, 1448 MiB
2026/08/03 16:49:45.640, 69.57 W, 76, 90 %, 1448 MiB
2026/08/03 16:49:46.644, 76.05 W, 76, 89 %, 1448 MiB
2026/08/03 16:49:47.650, 69.82 W, 76, 89 %, 1448 MiB
2026/08/03 16:49:48.654, 72.39 W, 75, 88 %, 1448 MiB
2026/08/03 16:49:49.659, 68.30 W, 75, 90 %, 1448 MiB
2026/08/03 16:49:50.664, 71.10 W, 76, 89 %, 1448 MiB
2026/08/03 16:49:51.668, 67.76 W, 74, 90 %, 1448 MiB
2026/08/03 16:49:52.672, 75.38 W, 75, 88 %, 1448 MiB
2026/08/03 16:49:53.679, 70.41 W, 76, 89 %, 1448 MiB
2026/08/03 16:49:54.683, 75.24 W, 75, 89 %, 1448 MiB
2026/08/03 16:49:55.687, 69.84 W, 76, 89 %, 1448 MiB
2026/08/03 16:49:56.693, 76.79 W, 75, 89 %, 1448 MiB
2026/08/03 16:49:57.697, 69.17 W, 76, 90 %, 1448 MiB
2026/08/03 16:49:58.701, 75.65 W, 75, 89 %, 1448 MiB
2026/08/03 16:49:59.707, 68.78 W, 76, 90 %, 1448 MiB
2026/08/03 16:50:00.711, 45.74 W, 72, 75 %, 2654 MiB
2026/08/03 16:50:01.714, 69.83 W, 75, 39 %, 1442 MiB
2026/08/03 16:50:02.718, 74.80 W, 75, 88 %, 1444 MiB
2026/08/03 16:50:03.724, 70.16 W, 76, 90 %, 1444 MiB
2026/08/03 16:50:04.728, 76.48 W, 75, 88 %, 1450 MiB
2026/08/03 16:50:05.731, 70.01 W, 76, 90 %, 1450 MiB
2026/08/03 16:50:06.735, 69.21 W, 76, 89 %, 1450 MiB
2026/08/03 16:50:07.738, 76.24 W, 76, 90 %, 1450 MiB
2026/08/03 16:50:08.743, 68.99 W, 76, 89 %, 1450 MiB
2026/08/03 16:50:09.748, 77.25 W, 75, 90 %, 1450 MiB
2026/08/03 16:50:10.751, 67.99 W, 76, 88 %, 1450 MiB
2026/08/03 16:50:11.757, 74.89 W, 75, 89 %, 1450 MiB
2026/08/03 16:50:12.762, 67.68 W, 76, 89 %, 1450 MiB
2026/08/03 16:50:13.766, 74.62 W, 75, 89 %, 1450 MiB
2026/08/03 16:50:14.770, 68.08 W, 76, 89 %, 1450 MiB
2026/08/03 16:50:15.774, 72.66 W, 76, 89 %, 1450 MiB
2026/08/03 16:50:16.778, 68.74 W, 76, 90 %, 1450 MiB
2026/08/03 16:50:17.782, 69.98 W, 76, 88 %, 1450 MiB
2026/08/03 16:50:18.787, 73.60 W, 75, 89 %, 1450 MiB
2026/08/03 16:50:19.791, 67.74 W, 75, 86 %, 1450 MiB
2026/08/03 16:50:20.795, 68.27 W, 76, 90 %, 1450 MiB
2026/08/03 16:50:21.799, 70.53 W, 75, 88 %, 1450 MiB
2026/08/03 16:50:22.806, 66.88 W, 76, 88 %, 2090 MiB
2026/08/03 16:50:23.810, 38.87 W, 71, 59 %, 2658 MiB
2026/08/03 16:50:24.812, 71.14 W, 75, 55 %, 1444 MiB
2026/08/03 16:50:25.817, 70.03 W, 75, 55 %, 1446 MiB
2026/08/03 16:50:26.820, 72.36 W, 75, 90 %, 1446 MiB
2026/08/03 16:50:27.824, 69.41 W, 76, 89 %, 1446 MiB
2026/08/03 16:50:28.830, 73.89 W, 75, 90 %, 1446 MiB
2026/08/03 16:50:29.834, 70.51 W, 75, 88 %, 1446 MiB
2026/08/03 16:50:30.839, 73.35 W, 75, 90 %, 1446 MiB
2026/08/03 16:50:31.845, 70.73 W, 76, 88 %, 1446 MiB
2026/08/03 16:50:32.849, 74.12 W, 74, 90 %, 1446 MiB
2026/08/03 16:50:33.852, 71.62 W, 76, 89 %, 1446 MiB
2026/08/03 16:50:34.858, 74.59 W, 75, 91 %, 1446 MiB
2026/08/03 16:50:35.862, 71.26 W, 76, 88 %, 1446 MiB
2026/08/03 16:50:36.866, 69.11 W, 76, 90 %, 1446 MiB
2026/08/03 16:50:37.873, 74.87 W, 75, 88 %, 1446 MiB
2026/08/03 16:50:38.877, 69.76 W, 76, 90 %, 1448 MiB
2026/08/03 16:50:39.881, 76.47 W, 76, 89 %, 1448 MiB
2026/08/03 16:50:40.887, 70.34 W, 76, 91 %, 1448 MiB
2026/08/03 16:50:41.891, 75.79 W, 76, 90 %, 1448 MiB
2026/08/03 16:50:42.895, 71.55 W, 76, 90 %, 1448 MiB
2026/08/03 16:50:43.903, 75.22 W, 76, 90 %, 1448 MiB
2026/08/03 16:50:44.906, 70.03 W, 76, 90 %, 1448 MiB
2026/08/03 16:50:45.910, 48.53 W, 73, 90 %, 2658 MiB
2026/08/03 16:50:46.914, 34.93 W, 71, 83 %, 2658 MiB
2026/08/03 16:50:47.917, 73.49 W, 75, 32 %, 1444 MiB
2026/08/03 16:50:48.921, 69.29 W, 76, 89 %, 1444 MiB
2026/08/03 16:50:49.925, 72.27 W, 75, 90 %, 1444 MiB
2026/08/03 16:50:50.930, 69.77 W, 76, 89 %, 1444 MiB
2026/08/03 16:50:51.934, 75.63 W, 76, 90 %, 1444 MiB
2026/08/03 16:50:52.940, 76.66 W, 76, 88 %, 1444 MiB
2026/08/03 16:50:53.943, 70.41 W, 76, 90 %, 1444 MiB
2026/08/03 16:50:54.947, 75.90 W, 75, 89 %, 1444 MiB
2026/08/03 16:50:55.954, 68.89 W, 76, 90 %, 1444 MiB
2026/08/03 16:50:56.958, 76.13 W, 76, 89 %, 1444 MiB
2026/08/03 16:50:57.962, 68.82 W, 76, 90 %, 1444 MiB
2026/08/03 16:50:58.970, 75.40 W, 75, 89 %, 1444 MiB
2026/08/03 16:50:59.974, 70.93 W, 75, 90 %, 1444 MiB
2026/08/03 16:51:00.978, 76.38 W, 75, 89 %, 1444 MiB
2026/08/03 16:51:01.984, 69.51 W, 76, 90 %, 1444 MiB
2026/08/03 16:51:02.988, 74.12 W, 75, 88 %, 1444 MiB
2026/08/03 16:51:03.991, 67.93 W, 76, 90 %, 1444 MiB
2026/08/03 16:51:04.995, 74.42 W, 75, 89 %, 1444 MiB
2026/08/03 16:51:05.999, 70.53 W, 76, 90 %, 1444 MiB
2026/08/03 16:51:07.003, 75.83 W, 76, 89 %, 1444 MiB
2026/08/03 16:51:08.006, 77.74 W, 76, 91 %, 1444 MiB
2026/08/03 16:51:09.010, 74.24 W, 73, 89 %, 2662 MiB
2026/08/03 16:51:10.015, 54.29 W, 74, 74 %, 1440 MiB
2026/08/03 16:51:11.019, 69.90 W, 75, 41 %, 1448 MiB
2026/08/03 16:51:12.023, 74.53 W, 76, 90 %, 1448 MiB
2026/08/03 16:51:13.030, 67.76 W, 75, 89 %, 1448 MiB
2026/08/03 16:51:14.035, 75.51 W, 75, 90 %, 1448 MiB
2026/08/03 16:51:15.039, 68.25 W, 76, 89 %, 1448 MiB
2026/08/03 16:51:16.044, 77.14 W, 75, 89 %, 1448 MiB
2026/08/03 16:51:17.053, 69.47 W, 76, 88 %, 1448 MiB
2026/08/03 16:51:18.057, 77.06 W, 75, 90 %, 1448 MiB
2026/08/03 16:51:19.060, 68.15 W, 76, 89 %, 1448 MiB
2026/08/03 16:51:20.066, 76.23 W, 76, 90 %, 1448 MiB
2026/08/03 16:51:21.070, 68.28 W, 76, 89 %, 1448 MiB
2026/08/03 16:51:22.074, 74.63 W, 76, 90 %, 1448 MiB
2026/08/03 16:51:23.078, 70.02 W, 76, 89 %, 1448 MiB
2026/08/03 16:51:24.082, 69.07 W, 76, 90 %, 1448 MiB
2026/08/03 16:51:25.086, 74.39 W, 75, 88 %, 1448 MiB
2026/08/03 16:51:26.094, 69.61 W, 75, 90 %, 1448 MiB
2026/08/03 16:51:27.098, 73.58 W, 75, 89 %, 1448 MiB
2026/08/03 16:51:28.102, 67.67 W, 76, 90 %, 1448 MiB
2026/08/03 16:51:29.107, 74.70 W, 74, 88 %, 1448 MiB
2026/08/03 16:51:30.110, 67.82 W, 76, 90 %, 1448 MiB
2026/08/03 16:51:31.114, 74.12 W, 75, 89 %, 1448 MiB
2026/08/03 16:51:32.121, 76.38 W, 74, 89 %, 2662 MiB
2026/08/03 16:51:33.125, 72.58 W, 75, 46 %, 1440 MiB
2026/08/03 16:51:34.129, 68.79 W, 75, 70 %, 1442 MiB
2026/08/03 16:51:35.134, 73.58 W, 76, 89 %, 1444 MiB
2026/08/03 16:51:36.138, 69.03 W, 76, 90 %, 1444 MiB
2026/08/03 16:51:37.142, 76.91 W, 76, 90 %, 1444 MiB
2026/08/03 16:51:38.148, 68.93 W, 75, 90 %, 1444 MiB
2026/08/03 16:51:39.152, 75.49 W, 76, 89 %, 1444 MiB
2026/08/03 16:51:40.156, 72.33 W, 76, 90 %, 1446 MiB
2026/08/03 16:51:41.161, 69.36 W, 75, 89 %, 1446 MiB
2026/08/03 16:51:42.166, 71.49 W, 75, 90 %, 1446 MiB
2026/08/03 16:51:43.170, 68.16 W, 76, 89 %, 1446 MiB
2026/08/03 16:51:44.176, 72.36 W, 74, 90 %, 1446 MiB
2026/08/03 16:51:45.180, 67.35 W, 76, 88 %, 1446 MiB
2026/08/03 16:51:46.183, 72.14 W, 76, 90 %, 1446 MiB
2026/08/03 16:51:47.187, 67.76 W, 76, 89 %, 1446 MiB
2026/08/03 16:51:48.191, 71.97 W, 76, 90 %, 1446 MiB
2026/08/03 16:51:49.196, 68.75 W, 76, 89 %, 1446 MiB
2026/08/03 16:51:50.200, 71.20 W, 76, 90 %, 1446 MiB
2026/08/03 16:51:51.204, 68.82 W, 76, 89 %, 1446 MiB
2026/08/03 16:51:52.211, 72.12 W, 76, 90 %, 1446 MiB
2026/08/03 16:51:53.216, 69.26 W, 76, 88 %, 1446 MiB
2026/08/03 16:51:54.219, 68.75 W, 76, 90 %, 2088 MiB
2026/08/03 16:51:55.227, 38.54 W, 71, 74 %, 2656 MiB
2026/08/03 16:51:56.230, 71.69 W, 76, 39 %, 1464 MiB
2026/08/03 16:51:57.234, 70.83 W, 74, 89 %, 1464 MiB
2026/08/03 16:51:58.239, 70.18 W, 76, 90 %, 1464 MiB
2026/08/03 16:51:59.243, 71.57 W, 75, 89 %, 1464 MiB
2026/08/03 16:52:00.247, 70.04 W, 76, 90 %, 1466 MiB
2026/08/03 16:52:01.252, 71.42 W, 76, 89 %, 1466 MiB
2026/08/03 16:52:02.255, 69.92 W, 76, 90 %, 1466 MiB
2026/08/03 16:52:03.259, 71.67 W, 76, 89 %, 1466 MiB
2026/08/03 16:52:04.268, 70.78 W, 76, 90 %, 1466 MiB
2026/08/03 16:52:05.271, 70.86 W, 75, 89 %, 1466 MiB
2026/08/03 16:52:06.276, 70.57 W, 75, 90 %, 1466 MiB
2026/08/03 16:52:07.282, 71.53 W, 76, 89 %, 1466 MiB
2026/08/03 16:52:08.286, 68.69 W, 75, 90 %, 1466 MiB
2026/08/03 16:52:09.290, 69.49 W, 76, 89 %, 1466 MiB
2026/08/03 16:52:10.296, 71.47 W, 75, 90 %, 1466 MiB
2026/08/03 16:52:11.299, 75.89 W, 76, 88 %, 1466 MiB
2026/08/03 16:52:12.303, 70.31 W, 76, 90 %, 1466 MiB
2026/08/03 16:52:13.310, 76.04 W, 76, 89 %, 1466 MiB
2026/08/03 16:52:14.314, 69.71 W, 76, 90 %, 1466 MiB
2026/08/03 16:52:15.318, 75.11 W, 76, 88 %, 1466 MiB
2026/08/03 16:52:16.324, 71.37 W, 76, 90 %, 1466 MiB
2026/08/03 16:52:17.328, 51.63 W, 72, 88 %, 2678 MiB
2026/08/03 16:52:18.331, 34.90 W, 71, 62 %, 2678 MiB
2026/08/03 16:52:19.334, 73.35 W, 75, 53 %, 1444 MiB
2026/08/03 16:52:20.339, 68.89 W, 75, 90 %, 1444 MiB
2026/08/03 16:52:21.342, 77.30 W, 75, 88 %, 1444 MiB
2026/08/03 16:52:22.350, 70.22 W, 76, 90 %, 1444 MiB
2026/08/03 16:52:23.354, 75.79 W, 75, 88 %, 1446 MiB
2026/08/03 16:52:24.357, 69.30 W, 76, 90 %, 1446 MiB
2026/08/03 16:52:25.362, 74.30 W, 75, 89 %, 1446 MiB
2026/08/03 16:52:26.365, 77.52 W, 76, 90 %, 1446 MiB
2026/08/03 16:52:27.369, 68.95 W, 76, 89 %, 1446 MiB
2026/08/03 16:52:28.373, 77.34 W, 76, 90 %, 1446 MiB
2026/08/03 16:52:29.377, 68.67 W, 76, 88 %, 1446 MiB
2026/08/03 16:52:30.382, 75.52 W, 75, 90 %, 1446 MiB
2026/08/03 16:52:31.386, 68.49 W, 76, 89 %, 1446 MiB
2026/08/03 16:52:32.390, 74.59 W, 75, 90 %, 1446 MiB
2026/08/03 16:52:33.395, 70.17 W, 76, 89 %, 1446 MiB
2026/08/03 16:52:34.398, 73.31 W, 76, 90 %, 1446 MiB
2026/08/03 16:52:35.403, 68.33 W, 76, 89 %, 1446 MiB
2026/08/03 16:52:36.408, 77.68 W, 76, 90 %, 1446 MiB
2026/08/03 16:52:37.412, 67.62 W, 76, 89 %, 1446 MiB
2026/08/03 16:52:38.422, 77.42 W, 76, 90 %, 1446 MiB
2026/08/03 16:52:39.426, 69.50 W, 76, 89 %, 1446 MiB
2026/08/03 16:52:40.431, 54.83 W, 74, 84 %, 2656 MiB
2026/08/03 16:52:41.434, 34.87 W, 73, 36 %, 1462 MiB
2026/08/03 16:52:42.439, 70.84 W, 76, 85 %, 1464 MiB
2026/08/03 16:52:43.443, 71.18 W, 74, 89 %, 1464 MiB
2026/08/03 16:52:44.448, 72.24 W, 76, 90 %, 1464 MiB
2026/08/03 16:52:45.456, 70.65 W, 76, 89 %, 1464 MiB
2026/08/03 16:52:46.459, 73.68 W, 76, 89 %, 1464 MiB
2026/08/03 16:52:47.463, 70.89 W, 76, 88 %, 1464 MiB
2026/08/03 16:52:48.471, 74.52 W, 76, 90 %, 1466 MiB
2026/08/03 16:52:49.475, 70.46 W, 76, 89 %, 1466 MiB
2026/08/03 16:52:50.479, 73.96 W, 76, 91 %, 1466 MiB
2026/08/03 16:52:51.483, 71.54 W, 76, 89 %, 1466 MiB
2026/08/03 16:52:52.487, 75.84 W, 75, 90 %, 1466 MiB
2026/08/03 16:52:53.492, 71.10 W, 76, 89 %, 1466 MiB
2026/08/03 16:52:54.496, 75.53 W, 75, 90 %, 1466 MiB
2026/08/03 16:52:55.500, 71.21 W, 76, 89 %, 1466 MiB
2026/08/03 16:52:56.503, 68.18 W, 76, 90 %, 1466 MiB
2026/08/03 16:52:57.508, 77.27 W, 76, 89 %, 1466 MiB
2026/08/03 16:52:58.512, 67.66 W, 76, 89 %, 1466 MiB
2026/08/03 16:52:59.516, 76.58 W, 76, 90 %, 1466 MiB
2026/08/03 16:53:00.524, 69.55 W, 76, 90 %, 1466 MiB
2026/08/03 16:53:01.530, 77.10 W, 75, 90 %, 1466 MiB
2026/08/03 16:53:02.533, 69.04 W, 76, 89 %, 1466 MiB
2026/08/03 16:53:03.538, 60.77 W, 75, 76 %, 2674 MiB
2026/08/03 16:53:04.542, 67.92 W, 75, 38 %, 1444 MiB
2026/08/03 16:53:05.546, 73.01 W, 76, 38 %, 1446 MiB
2026/08/03 16:53:06.552, 70.29 W, 76, 90 %, 1446 MiB
2026/08/03 16:53:07.556, 71.77 W, 76, 88 %, 1446 MiB
2026/08/03 16:53:08.560, 67.90 W, 75, 90 %, 1448 MiB
2026/08/03 16:53:09.568, 71.37 W, 76, 88 %, 1448 MiB
2026/08/03 16:53:10.571, 69.00 W, 75, 90 %, 1448 MiB
2026/08/03 16:53:11.575, 71.38 W, 76, 88 %, 1448 MiB
2026/08/03 16:53:12.583, 68.43 W, 76, 90 %, 1448 MiB
2026/08/03 16:53:13.586, 76.45 W, 76, 88 %, 1448 MiB
2026/08/03 16:53:14.589, 68.05 W, 76, 89 %, 1448 MiB
2026/08/03 16:53:15.598, 75.83 W, 76, 89 %, 1448 MiB
2026/08/03 16:53:16.602, 69.35 W, 76, 90 %, 1448 MiB
2026/08/03 16:53:17.606, 74.85 W, 75, 89 %, 1448 MiB
2026/08/03 16:53:18.612, 68.94 W, 76, 90 %, 1448 MiB
2026/08/03 16:53:19.616, 74.82 W, 75, 89 %, 1448 MiB
2026/08/03 16:53:20.620, 69.03 W, 76, 90 %, 1448 MiB
2026/08/03 16:53:21.625, 75.39 W, 76, 89 %, 1448 MiB
2026/08/03 16:53:22.629, 69.79 W, 76, 90 %, 1448 MiB
2026/08/03 16:53:23.633, 74.85 W, 76, 89 %, 1448 MiB
2026/08/03 16:53:24.637, 68.99 W, 76, 90 %, 1448 MiB
2026/08/03 16:53:25.640, 74.02 W, 76, 89 %, 1448 MiB
2026/08/03 16:53:26.645, 36.34 W, 72, 90 %, 2660 MiB
2026/08/03 16:53:27.648, 67.96 W, 75, 56 %, 1444 MiB
2026/08/03 16:53:28.653, 69.51 W, 75, 58 %, 1446 MiB
2026/08/03 16:53:29.658, 70.26 W, 76, 88 %, 1446 MiB
2026/08/03 16:53:30.662, 71.51 W, 75, 90 %, 1446 MiB
2026/08/03 16:53:31.666, 71.90 W, 76, 88 %, 1446 MiB
2026/08/03 16:53:32.670, 69.41 W, 76, 91 %, 1446 MiB
2026/08/03 16:53:33.673, 70.87 W, 76, 89 %, 1446 MiB
2026/08/03 16:53:34.677, 71.10 W, 76, 90 %, 1446 MiB
2026/08/03 16:53:35.683, 73.22 W, 76, 88 %, 1446 MiB
2026/08/03 16:53:36.687, 70.04 W, 76, 90 %, 1446 MiB
2026/08/03 16:53:37.691, 74.08 W, 75, 89 %, 1446 MiB
2026/08/03 16:53:38.698, 70.36 W, 76, 90 %, 1446 MiB
2026/08/03 16:53:39.702, 76.24 W, 75, 90 %, 1446 MiB
2026/08/03 16:53:40.706, 69.15 W, 76, 89 %, 1446 MiB
2026/08/03 16:53:41.712, 75.96 W, 76, 90 %, 1446 MiB
2026/08/03 16:53:42.716, 73.44 W, 76, 88 %, 1446 MiB
2026/08/03 16:53:43.720, 71.72 W, 76, 89 %, 1446 MiB
2026/08/03 16:53:44.725, 70.90 W, 75, 88 %, 1446 MiB
2026/08/03 16:53:45.730, 73.53 W, 76, 90 %, 1446 MiB
2026/08/03 16:53:46.734, 71.59 W, 76, 88 %, 1446 MiB
2026/08/03 16:53:47.738, 74.58 W, 76, 90 %, 1446 MiB
2026/08/03 16:53:48.742, 64.20 W, 76, 88 %, 2092 MiB
2026/08/03 16:53:49.747, 38.06 W, 71, 83 %, 2660 MiB
2026/08/03 16:53:50.750, 72.90 W, 76, 36 %, 1462 MiB
2026/08/03 16:53:51.755, 67.92 W, 76, 86 %, 1464 MiB
2026/08/03 16:53:52.759, 72.84 W, 76, 89 %, 1466 MiB
2026/08/03 16:53:53.766, 68.55 W, 76, 90 %, 1466 MiB
2026/08/03 16:53:54.769, 69.93 W, 76, 89 %, 1466 MiB
2026/08/03 16:53:55.774, 71.48 W, 75, 89 %, 1466 MiB
2026/08/03 16:53:56.779, 69.87 W, 76, 88 %, 1466 MiB
2026/08/03 16:53:57.783, 73.79 W, 76, 90 %, 1466 MiB
2026/08/03 16:53:58.786, 75.08 W, 76, 89 %, 1466 MiB
2026/08/03 16:53:59.791, 69.64 W, 76, 90 %, 1466 MiB
2026/08/03 16:54:00.795, 77.38 W, 76, 89 %, 1466 MiB
2026/08/03 16:54:01.800, 67.57 W, 76, 89 %, 1466 MiB
2026/08/03 16:54:02.808, 72.27 W, 75, 89 %, 1466 MiB
2026/08/03 16:54:03.813, 67.59 W, 76, 89 %, 1466 MiB
2026/08/03 16:54:04.817, 72.05 W, 75, 89 %, 1466 MiB
2026/08/03 16:54:05.824, 68.75 W, 76, 89 %, 1466 MiB
2026/08/03 16:54:06.828, 71.59 W, 76, 90 %, 1466 MiB
2026/08/03 16:54:07.832, 71.07 W, 76, 88 %, 1466 MiB
2026/08/03 16:54:08.839, 70.04 W, 76, 90 %, 1466 MiB
2026/08/03 16:54:09.844, 75.24 W, 75, 89 %, 1466 MiB
2026/08/03 16:54:10.848, 71.44 W, 76, 89 %, 1466 MiB
2026/08/03 16:54:11.854, 44.29 W, 73, 89 %, 2680 MiB
2026/08/03 16:54:12.857, 35.00 W, 71, 76 %, 2680 MiB
2026/08/03 16:54:13.882, 71.12 W, 75, 38 %, 1444 MiB
2026/08/03 16:54:14.887, 70.32 W, 76, 90 %, 1446 MiB
2026/08/03 16:54:15.891, 70.49 W, 74, 89 %, 1446 MiB
2026/08/03 16:54:16.895, 75.38 W, 76, 90 %, 1446 MiB
2026/08/03 16:54:17.899, 69.52 W, 76, 88 %, 1446 MiB
2026/08/03 16:54:18.904, 76.48 W, 76, 89 %, 1446 MiB
2026/08/03 16:54:19.908, 69.04 W, 76, 89 %, 1446 MiB
2026/08/03 16:54:20.912, 76.31 W, 75, 90 %, 1448 MiB
2026/08/03 16:54:21.916, 68.15 W, 76, 88 %, 1448 MiB
2026/08/03 16:54:22.921, 76.46 W, 75, 90 %, 1448 MiB
2026/08/03 16:54:23.926, 67.85 W, 76, 89 %, 1448 MiB
2026/08/03 16:54:24.930, 73.87 W, 76, 90 %, 1448 MiB
2026/08/03 16:54:25.935, 69.35 W, 76, 89 %, 1448 MiB
2026/08/03 16:54:26.939, 72.40 W, 76, 90 %, 1448 MiB
2026/08/03 16:54:27.944, 67.46 W, 76, 89 %, 1448 MiB
2026/08/03 16:54:28.949, 71.04 W, 76, 89 %, 1448 MiB
2026/08/03 16:54:29.954, 69.87 W, 76, 89 %, 1448 MiB
2026/08/03 16:54:30.958, 70.64 W, 76, 89 %, 1448 MiB
2026/08/03 16:54:31.963, 70.88 W, 75, 90 %, 1448 MiB
2026/08/03 16:54:32.966, 75.72 W, 76, 90 %, 1448 MiB
2026/08/03 16:54:33.970, 70.39 W, 75, 90 %, 1448 MiB
2026/08/03 16:54:34.976, 77.28 W, 75, 88 %, 2658 MiB
2026/08/03 16:54:35.979, 34.76 W, 73, 62 %, 1276 MiB
2026/08/03 16:54:36.983, 74.78 W, 76, 54 %, 1462 MiB
2026/08/03 16:54:37.989, 69.99 W, 76, 90 %, 1464 MiB
2026/08/03 16:54:38.993, 75.09 W, 76, 89 %, 1466 MiB
2026/08/03 16:54:39.997, 69.55 W, 76, 91 %, 1466 MiB
2026/08/03 16:54:41.002, 74.67 W, 75, 89 %, 1466 MiB
2026/08/03 16:54:42.006, 70.64 W, 76, 90 %, 1466 MiB
2026/08/03 16:54:43.010, 76.57 W, 76, 88 %, 1466 MiB
2026/08/03 16:54:44.015, 67.87 W, 76, 90 %, 1466 MiB
2026/08/03 16:54:45.018, 74.94 W, 76, 88 %, 1466 MiB
2026/08/03 16:54:46.022, 68.92 W, 76, 90 %, 1466 MiB
2026/08/03 16:54:47.030, 74.95 W, 76, 89 %, 1466 MiB
2026/08/03 16:54:48.035, 68.86 W, 76, 90 %, 1466 MiB
2026/08/03 16:54:49.039, 73.61 W, 76, 89 %, 1466 MiB
2026/08/03 16:54:50.044, 68.75 W, 75, 90 %, 1466 MiB
2026/08/03 16:54:51.047, 76.09 W, 76, 88 %, 1466 MiB
2026/08/03 16:54:52.051, 68.97 W, 76, 91 %, 1466 MiB
2026/08/03 16:54:53.057, 75.55 W, 76, 88 %, 1466 MiB
2026/08/03 16:54:54.060, 70.25 W, 76, 89 %, 1466 MiB
2026/08/03 16:54:55.065, 77.12 W, 76, 90 %, 1466 MiB
2026/08/03 16:54:56.070, 67.94 W, 76, 89 %, 1466 MiB
2026/08/03 16:54:57.074, 76.78 W, 75, 90 %, 1466 MiB
2026/08/03 16:54:58.078, 38.77 W, 75, 82 %, 2678 MiB
2026/08/03 16:54:59.087, 76.09 W, 74, 38 %, 1462 MiB
2026/08/03 16:55:00.093, 69.24 W, 76, 83 %, 1466 MiB
2026/08/03 16:55:01.097, 76.46 W, 75, 89 %, 1466 MiB
2026/08/03 16:55:02.101, 69.80 W, 76, 90 %, 1466 MiB
2026/08/03 16:55:03.106, 75.93 W, 76, 89 %, 1466 MiB
2026/08/03 16:55:04.113, 68.15 W, 76, 90 %, 1466 MiB
2026/08/03 16:55:05.116, 75.15 W, 76, 89 %, 1466 MiB
2026/08/03 16:55:06.121, 70.42 W, 76, 89 %, 1466 MiB
2026/08/03 16:55:07.125, 68.52 W, 76, 90 %, 1466 MiB
2026/08/03 16:55:08.130, 72.77 W, 76, 89 %, 1466 MiB
2026/08/03 16:55:09.134, 69.88 W, 76, 90 %, 1466 MiB
2026/08/03 16:55:10.142, 69.60 W, 76, 88 %, 1466 MiB
2026/08/03 16:55:11.146, 72.44 W, 76, 90 %, 1466 MiB
2026/08/03 16:55:12.150, 70.21 W, 76, 89 %, 1466 MiB
2026/08/03 16:55:13.155, 74.58 W, 76, 90 %, 1466 MiB
2026/08/03 16:55:14.158, 70.00 W, 76, 89 %, 1466 MiB
2026/08/03 16:55:15.163, 74.41 W, 75, 89 %, 1466 MiB
2026/08/03 16:55:16.169, 69.13 W, 76, 89 %, 1466 MiB
2026/08/03 16:55:17.173, 74.33 W, 75, 90 %, 1466 MiB
2026/08/03 16:55:18.177, 69.36 W, 76, 89 %, 1466 MiB
2026/08/03 16:55:19.184, 76.05 W, 77, 90 %, 1466 MiB
2026/08/03 16:55:20.188, 69.69 W, 76, 88 %, 1466 MiB
2026/08/03 16:55:21.192, 74.84 W, 73, 75 %, 2682 MiB
2026/08/03 16:55:22.198, 77.02 W, 75, 37 %, 1442 MiB
2026/08/03 16:55:23.202, 69.65 W, 76, 90 %, 1442 MiB
2026/08/03 16:55:24.206, 76.06 W, 76, 89 %, 1444 MiB
2026/08/03 16:55:25.213, 69.39 W, 76, 90 %, 1444 MiB
2026/08/03 16:55:26.217, 76.34 W, 76, 89 %, 1444 MiB
2026/08/03 16:55:27.221, 68.65 W, 76, 90 %, 1444 MiB
2026/08/03 16:55:28.229, 75.40 W, 75, 88 %, 1446 MiB
2026/08/03 16:55:29.234, 67.59 W, 76, 90 %, 1446 MiB
2026/08/03 16:55:30.238, 75.92 W, 76, 89 %, 1446 MiB
2026/08/03 16:55:31.243, 69.50 W, 76, 90 %, 1446 MiB
2026/08/03 16:55:32.247, 75.55 W, 76, 89 %, 1446 MiB
2026/08/03 16:55:33.251, 68.49 W, 76, 90 %, 1446 MiB
2026/08/03 16:55:34.257, 75.71 W, 76, 89 %, 1446 MiB
2026/08/03 16:55:35.261, 68.83 W, 76, 91 %, 1446 MiB
2026/08/03 16:55:36.265, 75.43 W, 76, 88 %, 1446 MiB
2026/08/03 16:55:37.273, 69.32 W, 76, 90 %, 1446 MiB
2026/08/03 16:55:38.277, 75.72 W, 76, 88 %, 1446 MiB
2026/08/03 16:55:39.281, 69.32 W, 75, 90 %, 1446 MiB
2026/08/03 16:55:40.287, 75.64 W, 76, 89 %, 1446 MiB
2026/08/03 16:55:41.290, 70.31 W, 76, 89 %, 1446 MiB
2026/08/03 16:55:42.295, 75.59 W, 76, 90 %, 1448 MiB
2026/08/03 16:55:43.301, 64.77 W, 76, 88 %, 2090 MiB
2026/08/03 16:55:44.305, 38.13 W, 72, 58 %, 2658 MiB
2026/08/03 16:55:45.308, 70.91 W, 76, 57 %, 1442 MiB
2026/08/03 16:55:46.314, 71.82 W, 76, 89 %, 1444 MiB
2026/08/03 16:55:47.317, 69.43 W, 76, 90 %, 1444 MiB
2026/08/03 16:55:48.322, 73.17 W, 76, 88 %, 1444 MiB
2026/08/03 16:55:49.327, 69.98 W, 76, 89 %, 1444 MiB
2026/08/03 16:55:50.331, 75.92 W, 75, 90 %, 1446 MiB
2026/08/03 16:55:51.334, 71.28 W, 76, 90 %, 1446 MiB
2026/08/03 16:55:52.340, 76.12 W, 76, 89 %, 1446 MiB
2026/08/03 16:55:53.344, 77.09 W, 76, 90 %, 1446 MiB
2026/08/03 16:55:54.349, 70.38 W, 76, 89 %, 1446 MiB
2026/08/03 16:55:55.355, 73.59 W, 76, 90 %, 1446 MiB
2026/08/03 16:55:56.359, 69.08 W, 76, 88 %, 1446 MiB
2026/08/03 16:55:57.363, 71.28 W, 75, 90 %, 1446 MiB
2026/08/03 16:55:58.369, 68.85 W, 76, 88 %, 1446 MiB
2026/08/03 16:55:59.378, 71.52 W, 75, 91 %, 1446 MiB
2026/08/03 16:56:00.381, 68.80 W, 76, 89 %, 1446 MiB
2026/08/03 16:56:01.385, 70.29 W, 76, 90 %, 1446 MiB
2026/08/03 16:56:02.389, 72.04 W, 76, 88 %, 1446 MiB
2026/08/03 16:56:03.392, 70.85 W, 76, 90 %, 1446 MiB
2026/08/03 16:56:04.397, 74.32 W, 76, 89 %, 1446 MiB
2026/08/03 16:56:05.404, 70.30 W, 76, 90 %, 1446 MiB
2026/08/03 16:56:06.408, 50.13 W, 73, 88 %, 2652 MiB
2026/08/03 16:56:07.411, 34.84 W, 71, 83 %, 2652 MiB
2026/08/03 16:56:08.414, 76.57 W, 76, 36 %, 1442 MiB
2026/08/03 16:56:09.418, 69.64 W, 76, 84 %, 1444 MiB
2026/08/03 16:56:10.421, 68.03 W, 76, 89 %, 1444 MiB
2026/08/03 16:56:11.429, 70.73 W, 75, 89 %, 1444 MiB
2026/08/03 16:56:12.433, 68.75 W, 76, 90 %, 1444 MiB
2026/08/03 16:56:13.437, 71.36 W, 75, 88 %, 1444 MiB
2026/08/03 16:56:14.442, 68.90 W, 76, 90 %, 1444 MiB
2026/08/03 16:56:15.446, 71.34 W, 76, 88 %, 1444 MiB
2026/08/03 16:56:16.449, 74.92 W, 76, 90 %, 1444 MiB
2026/08/03 16:56:17.457, 69.71 W, 76, 89 %, 1444 MiB
2026/08/03 16:56:18.462, 74.50 W, 76, 90 %, 1444 MiB
2026/08/03 16:56:19.466, 69.00 W, 76, 89 %, 1444 MiB
2026/08/03 16:56:20.472, 75.93 W, 75, 90 %, 1444 MiB
2026/08/03 16:56:21.475, 67.29 W, 76, 88 %, 1446 MiB
2026/08/03 16:56:22.479, 76.03 W, 76, 89 %, 1446 MiB
2026/08/03 16:56:23.485, 69.72 W, 76, 88 %, 1446 MiB
2026/08/03 16:56:24.489, 75.49 W, 76, 90 %, 1448 MiB
2026/08/03 16:56:25.495, 68.92 W, 75, 89 %, 1448 MiB
2026/08/03 16:56:26.499, 74.35 W, 76, 90 %, 1448 MiB
2026/08/03 16:56:27.503, 69.69 W, 76, 89 %, 1448 MiB
2026/08/03 16:56:28.506, 75.48 W, 76, 89 %, 1448 MiB
2026/08/03 16:56:29.510, 47.43 W, 76, 90 %, 2660 MiB
2026/08/03 16:56:30.515, 34.77 W, 71, 73 %, 2660 MiB
2026/08/03 16:56:31.526, 69.11 W, 76, 39 %, 1442 MiB
2026/08/03 16:56:32.531, 73.71 W, 76, 89 %, 1442 MiB
2026/08/03 16:56:33.535, 69.55 W, 76, 89 %, 1444 MiB
2026/08/03 16:56:34.540, 75.23 W, 76, 88 %, 1444 MiB
2026/08/03 16:56:35.544, 70.59 W, 76, 90 %, 1444 MiB
2026/08/03 16:56:36.548, 76.73 W, 75, 88 %, 1444 MiB
2026/08/03 16:56:37.552, 69.54 W, 76, 89 %, 1444 MiB
2026/08/03 16:56:38.556, 76.29 W, 76, 89 %, 1446 MiB
2026/08/03 16:56:39.560, 69.22 W, 76, 90 %, 1446 MiB
2026/08/03 16:56:40.566, 68.42 W, 76, 89 %, 1446 MiB
2026/08/03 16:56:41.570, 71.13 W, 75, 90 %, 1446 MiB
2026/08/03 16:56:42.574, 71.43 W, 76, 88 %, 1446 MiB
2026/08/03 16:56:43.581, 68.98 W, 76, 90 %, 1446 MiB
2026/08/03 16:56:44.584, 74.95 W, 76, 89 %, 1446 MiB
2026/08/03 16:56:45.588, 69.98 W, 76, 90 %, 1446 MiB
2026/08/03 16:56:46.593, 74.54 W, 76, 88 %, 1446 MiB
2026/08/03 16:56:47.597, 68.18 W, 76, 89 %, 1446 MiB
2026/08/03 16:56:48.601, 75.90 W, 76, 89 %, 1446 MiB
2026/08/03 16:56:49.606, 68.84 W, 76, 89 %, 1446 MiB
2026/08/03 16:56:50.610, 76.72 W, 75, 90 %, 1446 MiB
2026/08/03 16:56:51.614, 68.94 W, 76, 88 %, 1446 MiB
2026/08/03 16:56:52.617, 54.88 W, 73, 89 %, 2658 MiB
2026/08/03 16:56:53.620, 70.42 W, 74, 66 %, 1462 MiB
2026/08/03 16:56:54.624, 77.05 W, 76, 49 %, 1462 MiB
2026/08/03 16:56:55.628, 68.21 W, 76, 88 %, 1464 MiB
2026/08/03 16:56:56.633, 68.98 W, 76, 90 %, 1464 MiB
2026/08/03 16:56:57.638, 69.55 W, 75, 89 %, 1464 MiB
2026/08/03 16:56:58.644, 71.15 W, 76, 90 %, 1464 MiB
2026/08/03 16:56:59.647, 69.51 W, 76, 89 %, 1466 MiB
2026/08/03 16:57:00.651, 73.92 W, 76, 90 %, 1466 MiB
2026/08/03 16:57:01.657, 69.76 W, 76, 89 %, 1466 MiB
2026/08/03 16:57:02.661, 75.70 W, 76, 90 %, 1466 MiB
2026/08/03 16:57:03.665, 68.88 W, 76, 88 %, 1466 MiB
2026/08/03 16:57:04.671, 75.83 W, 76, 90 %, 1466 MiB
2026/08/03 16:57:05.674, 70.18 W, 76, 88 %, 1466 MiB
2026/08/03 16:57:06.678, 75.93 W, 75, 90 %, 1466 MiB
2026/08/03 16:57:07.687, 67.75 W, 76, 89 %, 1466 MiB
2026/08/03 16:57:08.690, 77.88 W, 76, 89 %, 1466 MiB
2026/08/03 16:57:09.694, 69.03 W, 76, 90 %, 1466 MiB
2026/08/03 16:57:10.702, 71.45 W, 76, 87 %, 1466 MiB
2026/08/03 16:57:11.705, 69.00 W, 75, 90 %, 1466 MiB
2026/08/03 16:57:12.710, 75.17 W, 76, 89 %, 1466 MiB
2026/08/03 16:57:13.716, 71.24 W, 76, 91 %, 1466 MiB
2026/08/03 16:57:14.719, 76.46 W, 76, 88 %, 1466 MiB
2026/08/03 16:57:15.723, 41.96 W, 75, 88 %, 2678 MiB
2026/08/03 16:57:16.732, 74.71 W, 75, 43 %, 1464 MiB
2026/08/03 16:57:17.739, 70.04 W, 76, 72 %, 1464 MiB
2026/08/03 16:57:18.743, 77.38 W, 75, 88 %, 1464 MiB
2026/08/03 16:57:19.747, 69.83 W, 76, 90 %, 1464 MiB
2026/08/03 16:57:20.751, 73.61 W, 75, 89 %, 1464 MiB
2026/08/03 16:57:21.754, 67.87 W, 76, 90 %, 1464 MiB
2026/08/03 16:57:22.758, 72.30 W, 76, 89 %, 1464 MiB
2026/08/03 16:57:23.763, 67.33 W, 76, 89 %, 1464 MiB
2026/08/03 16:57:24.766, 70.64 W, 76, 89 %, 1466 MiB
2026/08/03 16:57:25.771, 72.85 W, 75, 88 %, 1466 MiB
2026/08/03 16:57:26.780, 71.95 W, 76, 90 %, 1466 MiB
2026/08/03 16:57:27.783, 75.38 W, 76, 88 %, 1466 MiB
2026/08/03 16:57:28.787, 77.31 W, 76, 90 %, 1466 MiB
2026/08/03 16:57:29.792, 68.36 W, 76, 88 %, 1466 MiB
2026/08/03 16:57:30.796, 71.50 W, 76, 90 %, 1466 MiB
2026/08/03 16:57:31.800, 67.86 W, 76, 89 %, 1466 MiB
2026/08/03 16:57:32.804, 70.57 W, 75, 89 %, 1466 MiB
2026/08/03 16:57:33.808, 68.35 W, 76, 89 %, 1466 MiB
2026/08/03 16:57:34.813, 69.04 W, 76, 90 %, 1466 MiB
2026/08/03 16:57:35.817, 74.05 W, 76, 89 %, 1466 MiB
2026/08/03 16:57:36.821, 71.29 W, 76, 90 %, 1466 MiB
2026/08/03 16:57:37.830, 74.37 W, 76, 90 %, 1466 MiB
2026/08/03 16:57:38.834, 65.56 W, 73, 82 %, 2676 MiB
2026/08/03 16:57:39.837, 66.47 W, 75, 32 %, 1462 MiB
2026/08/03 16:57:40.841, 70.41 W, 76, 89 %, 1464 MiB
2026/08/03 16:57:41.861, 71.07 W, 75, 89 %, 1466 MiB
2026/08/03 16:57:42.866, 68.51 W, 76, 90 %, 1466 MiB
2026/08/03 16:57:43.871, 72.56 W, 76, 90 %, 1466 MiB
2026/08/03 16:57:44.875, 69.84 W, 76, 86 %, 1466 MiB
2026/08/03 16:57:45.881, 74.47 W, 76, 90 %, 1466 MiB
2026/08/03 16:57:46.886, 70.95 W, 75, 88 %, 1466 MiB
2026/08/03 16:57:47.891, 76.57 W, 76, 89 %, 1466 MiB
2026/08/03 16:57:48.895, 69.55 W, 76, 89 %, 1466 MiB
2026/08/03 16:57:49.900, 75.50 W, 76, 90 %, 1466 MiB
2026/08/03 16:57:50.904, 69.18 W, 76, 89 %, 1466 MiB
2026/08/03 16:57:51.909, 76.24 W, 76, 90 %, 1466 MiB
2026/08/03 16:57:52.912, 70.27 W, 76, 89 %, 1466 MiB
2026/08/03 16:57:53.917, 76.11 W, 76, 90 %, 1466 MiB
2026/08/03 16:57:54.921, 69.85 W, 76, 89 %, 1466 MiB
2026/08/03 16:57:55.924, 75.26 W, 75, 90 %, 1466 MiB
2026/08/03 16:57:56.929, 69.26 W, 76, 90 %, 1466 MiB
2026/08/03 16:57:57.934, 74.93 W, 76, 89 %, 1466 MiB
2026/08/03 16:57:58.937, 68.76 W, 76, 90 %, 1466 MiB
2026/08/03 16:57:59.940, 77.20 W, 76, 89 %, 1466 MiB
2026/08/03 16:58:00.948, 67.42 W, 76, 90 %, 1492 MiB
2026/08/03 16:58:01.951, 39.29 W, 72, 76 %, 2680 MiB
2026/08/03 16:58:02.954, 71.23 W, 75, 38 %, 1446 MiB
2026/08/03 16:58:03.959, 68.49 W, 76, 89 %, 1446 MiB
2026/08/03 16:58:04.968, 68.61 W, 75, 90 %, 1446 MiB
2026/08/03 16:58:05.973, 66.90 W, 76, 89 %, 1446 MiB
2026/08/03 16:58:06.977, 68.85 W, 75, 90 %, 1446 MiB
2026/08/03 16:58:07.982, 71.20 W, 76, 89 %, 1446 MiB
2026/08/03 16:58:08.987, 70.52 W, 76, 90 %, 1446 MiB
2026/08/03 16:58:09.991, 72.57 W, 76, 88 %, 1446 MiB
2026/08/03 16:58:10.997, 71.34 W, 76, 90 %, 1446 MiB
2026/08/03 16:58:12.001, 73.65 W, 76, 89 %, 1446 MiB
2026/08/03 16:58:13.005, 70.21 W, 76, 90 %, 1446 MiB
2026/08/03 16:58:14.012, 73.57 W, 75, 88 %, 1446 MiB
2026/08/03 16:58:15.015, 71.03 W, 76, 90 %, 1446 MiB
2026/08/03 16:58:16.019, 74.73 W, 75, 88 %, 1446 MiB
2026/08/03 16:58:17.025, 69.67 W, 76, 90 %, 1446 MiB
2026/08/03 16:58:18.028, 76.94 W, 76, 89 %, 1446 MiB
2026/08/03 16:58:19.031, 75.61 W, 76, 90 %, 1446 MiB
2026/08/03 16:58:20.037, 69.86 W, 76, 89 %, 1446 MiB
2026/08/03 16:58:21.041, 74.76 W, 75, 90 %, 1446 MiB
2026/08/03 16:58:22.045, 69.57 W, 76, 89 %, 1446 MiB
2026/08/03 16:58:23.051, 73.90 W, 75, 90 %, 1446 MiB
2026/08/03 16:58:24.055, 74.42 W, 74, 90 %, 2660 MiB
2026/08/03 16:58:25.058, 35.12 W, 71, 51 %, 2660 MiB
2026/08/03 16:58:26.061, 69.54 W, 76, 64 %, 1464 MiB
2026/08/03 16:58:27.065, 74.90 W, 76, 90 %, 1464 MiB
2026/08/03 16:58:28.069, 67.85 W, 76, 88 %, 1466 MiB
2026/08/03 16:58:29.072, 72.91 W, 76, 90 %, 1466 MiB
2026/08/03 16:58:30.077, 67.29 W, 76, 89 %, 1466 MiB
2026/08/03 16:58:31.082, 71.67 W, 76, 89 %, 1466 MiB
2026/08/03 16:58:32.085, 68.60 W, 75, 90 %, 1466 MiB
2026/08/03 16:58:33.090, 74.80 W, 76, 90 %, 1466 MiB
2026/08/03 16:58:34.095, 68.31 W, 75, 90 %, 1466 MiB
2026/08/03 16:58:35.099, 74.28 W, 76, 89 %, 1466 MiB
2026/08/03 16:58:36.103, 71.43 W, 76, 89 %, 1466 MiB
2026/08/03 16:58:37.110, 74.48 W, 76, 90 %, 1466 MiB
2026/08/03 16:58:38.113, 70.73 W, 76, 89 %, 1466 MiB
2026/08/03 16:58:39.117, 73.80 W, 76, 90 %, 1466 MiB
2026/08/03 16:58:40.124, 69.00 W, 76, 89 %, 1466 MiB
2026/08/03 16:58:41.128, 74.42 W, 76, 90 %, 1466 MiB
2026/08/03 16:58:42.132, 69.58 W, 76, 89 %, 1466 MiB
2026/08/03 16:58:43.139, 75.51 W, 76, 90 %, 1466 MiB
2026/08/03 16:58:44.143, 70.68 W, 76, 89 %, 1466 MiB
2026/08/03 16:58:45.147, 76.04 W, 75, 90 %, 1466 MiB
2026/08/03 16:58:46.155, 71.29 W, 76, 89 %, 1466 MiB
2026/08/03 16:58:47.160, 79.21 W, 75, 90 %, 2680 MiB
2026/08/03 16:58:48.164, 35.68 W, 72, 82 %, 762 MiB
2026/08/03 16:58:49.195, 68.10 W, 75, 32 %, 1446 MiB
2026/08/03 16:58:50.200, 70.24 W, 76, 91 %, 1446 MiB
2026/08/03 16:58:51.205, 69.09 W, 76, 89 %, 1446 MiB
2026/08/03 16:58:52.209, 70.16 W, 76, 90 %, 1446 MiB
2026/08/03 16:58:53.215, 68.76 W, 75, 88 %, 1446 MiB
2026/08/03 16:58:54.221, 76.34 W, 76, 90 %, 1446 MiB
2026/08/03 16:58:55.225, 71.03 W, 75, 89 %, 1446 MiB
2026/08/03 16:58:56.228, 76.35 W, 76, 90 %, 1446 MiB
2026/08/03 16:58:57.235, 71.05 W, 76, 89 %, 1446 MiB
2026/08/03 16:58:58.239, 76.65 W, 76, 91 %, 1446 MiB
2026/08/03 16:58:59.243, 70.54 W, 76, 89 %, 1446 MiB
2026/08/03 16:59:00.251, 75.70 W, 76, 90 %, 1446 MiB
2026/08/03 16:59:01.254, 69.92 W, 76, 89 %, 1446 MiB
2026/08/03 16:59:02.260, 76.15 W, 75, 90 %, 1446 MiB
2026/08/03 16:59:03.265, 68.14 W, 76, 89 %, 1446 MiB
2026/08/03 16:59:04.269, 74.43 W, 76, 89 %, 1446 MiB
2026/08/03 16:59:05.273, 67.82 W, 76, 90 %, 1446 MiB
2026/08/03 16:59:06.278, 70.70 W, 76, 88 %, 1446 MiB
2026/08/03 16:59:07.283, 72.05 W, 75, 89 %, 1446 MiB
2026/08/03 16:59:08.287, 69.26 W, 76, 88 %, 1446 MiB
2026/08/03 16:59:09.291, 73.64 W, 75, 90 %, 1446 MiB
2026/08/03 16:59:10.295, 48.12 W, 74, 89 %, 2654 MiB
2026/08/03 16:59:11.299, 69.53 W, 74, 73 %, 1462 MiB
2026/08/03 16:59:12.304, 72.57 W, 76, 41 %, 1462 MiB
2026/08/03 16:59:13.309, 69.69 W, 76, 90 %, 1464 MiB
2026/08/03 16:59:14.313, 74.07 W, 76, 88 %, 1468 MiB
2026/08/03 16:59:15.316, 67.81 W, 76, 90 %, 1468 MiB
2026/08/03 16:59:16.321, 76.40 W, 76, 89 %, 1468 MiB
2026/08/03 16:59:17.326, 68.27 W, 76, 90 %, 1468 MiB
2026/08/03 16:59:18.331, 75.51 W, 75, 88 %, 1468 MiB
2026/08/03 16:59:19.335, 70.04 W, 76, 89 %, 1468 MiB
2026/08/03 16:59:20.341, 77.16 W, 76, 89 %, 1468 MiB
2026/08/03 16:59:21.344, 68.94 W, 76, 89 %, 1468 MiB
2026/08/03 16:59:22.348, 75.87 W, 76, 89 %, 1468 MiB
2026/08/03 16:59:23.356, 68.91 W, 76, 89 %, 1468 MiB
2026/08/03 16:59:24.360, 74.43 W, 76, 89 %, 1468 MiB
2026/08/03 16:59:25.365, 69.76 W, 76, 89 %, 1468 MiB
2026/08/03 16:59:26.371, 71.75 W, 76, 90 %, 1468 MiB
2026/08/03 16:59:27.375, 71.46 W, 75, 90 %, 1468 MiB
2026/08/03 16:59:28.380, 68.51 W, 76, 90 %, 1468 MiB
2026/08/03 16:59:29.383, 70.53 W, 76, 90 %, 1468 MiB
2026/08/03 16:59:30.387, 68.56 W, 76, 89 %, 1468 MiB
2026/08/03 16:59:31.391, 69.99 W, 77, 90 %, 1468 MiB
2026/08/03 16:59:32.397, 67.46 W, 76, 89 %, 1468 MiB
2026/08/03 16:59:33.401, 56.67 W, 73, 90 %, 2678 MiB
2026/08/03 16:59:34.404, 68.99 W, 75, 44 %, 1444 MiB
2026/08/03 16:59:35.409, 72.74 W, 76, 69 %, 1444 MiB
2026/08/03 16:59:36.413, 69.67 W, 76, 89 %, 1444 MiB
2026/08/03 16:59:37.417, 72.67 W, 76, 90 %, 1444 MiB
2026/08/03 16:59:38.424, 69.06 W, 76, 89 %, 1446 MiB
2026/08/03 16:59:39.428, 74.59 W, 76, 90 %, 1446 MiB
2026/08/03 16:59:40.433, 70.99 W, 75, 89 %, 1446 MiB
2026/08/03 16:59:41.439, 74.43 W, 76, 90 %, 1446 MiB
2026/08/03 16:59:42.443, 70.70 W, 76, 89 %, 1446 MiB
2026/08/03 16:59:43.446, 74.85 W, 76, 89 %, 1446 MiB
2026/08/03 16:59:44.451, 69.90 W, 76, 89 %, 1446 MiB
2026/08/03 16:59:45.455, 76.46 W, 76, 89 %, 1446 MiB
2026/08/03 16:59:46.459, 69.29 W, 76, 90 %, 1446 MiB
2026/08/03 16:59:47.468, 75.83 W, 75, 88 %, 1446 MiB
2026/08/03 16:59:48.472, 68.60 W, 76, 90 %, 1446 MiB
2026/08/03 16:59:49.476, 71.38 W, 76, 87 %, 1446 MiB
2026/08/03 16:59:50.479, 68.08 W, 76, 90 %, 1446 MiB
2026/08/03 16:59:51.483, 72.00 W, 76, 88 %, 1446 MiB
2026/08/03 16:59:52.488, 67.99 W, 75, 90 %, 1446 MiB
2026/08/03 16:59:53.492, 70.73 W, 76, 88 %, 1446 MiB
2026/08/03 16:59:54.495, 68.39 W, 75, 90 %, 1446 MiB
2026/08/03 16:59:55.502, 71.64 W, 76, 88 %, 2092 MiB
2026/08/03 16:59:56.506, 38.88 W, 72, 82 %, 2660 MiB
2026/08/03 16:59:57.509, 72.83 W, 75, 33 %, 1464 MiB
2026/08/03 16:59:58.516, 71.04 W, 76, 89 %, 1464 MiB
2026/08/03 16:59:59.520, 75.40 W, 76, 88 %, 1464 MiB
2026/08/03 17:00:00.524, 68.69 W, 76, 91 %, 1464 MiB
2026/08/03 17:00:01.530, 76.08 W, 76, 88 %, 1464 MiB
2026/08/03 17:00:02.534, 69.62 W, 76, 89 %, 1464 MiB
2026/08/03 17:00:03.537, 76.68 W, 75, 90 %, 1464 MiB
2026/08/03 17:00:04.543, 68.26 W, 76, 89 %, 1464 MiB
2026/08/03 17:00:05.547, 72.83 W, 76, 89 %, 1464 MiB
2026/08/03 17:00:06.551, 70.87 W, 76, 88 %, 1466 MiB
2026/08/03 17:00:07.559, 68.12 W, 76, 89 %, 1466 MiB
2026/08/03 17:00:08.563, 75.78 W, 75, 88 %, 1466 MiB
2026/08/03 17:00:09.566, 70.89 W, 76, 90 %, 1466 MiB
2026/08/03 17:00:10.574, 75.62 W, 76, 89 %, 1466 MiB
2026/08/03 17:00:11.577, 73.95 W, 76, 90 %, 1466 MiB
2026/08/03 17:00:12.581, 69.63 W, 76, 89 %, 1466 MiB
2026/08/03 17:00:13.589, 70.68 W, 76, 89 %, 1466 MiB
2026/08/03 17:00:14.593, 69.34 W, 76, 90 %, 1466 MiB
2026/08/03 17:00:15.597, 69.46 W, 76, 87 %, 1466 MiB
2026/08/03 17:00:16.601, 73.18 W, 76, 90 %, 1466 MiB
2026/08/03 17:00:17.605, 70.53 W, 76, 89 %, 1466 MiB
2026/08/03 17:00:18.609, 76.65 W, 76, 90 %, 2678 MiB
2026/08/03 17:00:19.614, 35.12 W, 71, 75 %, 2678 MiB
2026/08/03 17:00:20.617, 66.87 W, 75, 38 %, 1444 MiB
2026/08/03 17:00:21.621, 69.69 W, 75, 88 %, 1444 MiB
2026/08/03 17:00:22.628, 69.98 W, 75, 90 %, 1444 MiB
2026/08/03 17:00:23.632, 69.17 W, 76, 89 %, 1444 MiB
2026/08/03 17:00:24.636, 74.32 W, 75, 90 %, 1444 MiB
2026/08/03 17:00:25.644, 69.72 W, 76, 88 %, 1444 MiB
2026/08/03 17:00:26.648, 68.56 W, 76, 90 %, 1446 MiB
2026/08/03 17:00:27.651, 76.40 W, 76, 89 %, 1446 MiB
2026/08/03 17:00:28.659, 68.99 W, 76, 90 %, 1446 MiB
2026/08/03 17:00:29.663, 76.07 W, 76, 89 %, 1446 MiB
2026/08/03 17:00:30.666, 69.62 W, 76, 89 %, 1446 MiB
2026/08/03 17:00:31.673, 74.36 W, 75, 88 %, 1446 MiB
2026/08/03 17:00:32.678, 69.34 W, 76, 91 %, 1446 MiB
2026/08/03 17:00:33.682, 73.25 W, 75, 89 %, 1448 MiB
2026/08/03 17:00:34.687, 69.48 W, 76, 90 %, 1448 MiB
2026/08/03 17:00:35.692, 71.21 W, 76, 88 %, 1448 MiB
2026/08/03 17:00:36.695, 70.85 W, 76, 89 %, 1448 MiB
2026/08/03 17:00:37.700, 69.63 W, 76, 90 %, 1448 MiB
2026/08/03 17:00:38.705, 75.17 W, 75, 88 %, 1448 MiB
2026/08/03 17:00:39.708, 69.36 W, 76, 89 %, 1448 MiB
2026/08/03 17:00:40.713, 75.32 W, 76, 88 %, 1448 MiB
2026/08/03 17:00:41.716, 39.11 W, 73, 89 %, 2658 MiB
2026/08/03 17:00:42.721, 34.78 W, 71, 53 %, 2658 MiB
2026/08/03 17:00:43.724, 76.15 W, 76, 60 %, 1464 MiB
2026/08/03 17:00:44.728, 68.73 W, 76, 89 %, 1464 MiB
2026/08/03 17:00:45.732, 78.07 W, 76, 90 %, 1464 MiB
2026/08/03 17:00:46.741, 69.38 W, 76, 88 %, 1464 MiB
2026/08/03 17:00:47.745, 74.93 W, 75, 90 %, 1466 MiB
2026/08/03 17:00:48.750, 69.18 W, 76, 89 %, 1466 MiB
2026/08/03 17:00:49.756, 75.78 W, 75, 90 %, 1466 MiB
2026/08/03 17:00:50.760, 69.76 W, 76, 89 %, 1466 MiB
2026/08/03 17:00:51.764, 72.68 W, 76, 90 %, 1466 MiB
2026/08/03 17:00:52.768, 67.58 W, 76, 88 %, 1466 MiB
2026/08/03 17:00:53.772, 70.60 W, 76, 89 %, 1466 MiB
2026/08/03 17:00:54.778, 71.75 W, 76, 88 %, 1466 MiB
2026/08/03 17:00:55.786, 70.81 W, 76, 90 %, 1466 MiB
2026/08/03 17:00:56.790, 74.09 W, 76, 89 %, 1466 MiB
2026/08/03 17:00:57.794, 75.02 W, 76, 89 %, 1466 MiB
2026/08/03 17:00:58.798, 68.82 W, 76, 89 %, 1466 MiB
2026/08/03 17:00:59.803, 77.17 W, 76, 90 %, 1466 MiB
2026/08/03 17:01:00.808, 67.91 W, 76, 90 %, 1466 MiB
2026/08/03 17:01:01.815, 71.66 W, 75, 88 %, 1466 MiB
2026/08/03 17:01:02.819, 68.32 W, 76, 91 %, 1466 MiB
2026/08/03 17:01:03.823, 71.83 W, 75, 88 %, 1466 MiB
2026/08/03 17:01:04.831, 75.83 W, 74, 83 %, 2678 MiB
2026/08/03 17:01:05.834, 43.02 W, 72, 32 %, 1302 MiB
2026/08/03 17:01:06.837, 70.45 W, 76, 89 %, 1444 MiB
2026/08/03 17:01:07.842, 75.37 W, 76, 89 %, 1444 MiB
2026/08/03 17:01:08.846, 69.25 W, 76, 90 %, 1444 MiB
2026/08/03 17:01:09.850, 71.80 W, 76, 88 %, 1444 MiB
2026/08/03 17:01:10.859, 68.90 W, 76, 90 %, 1444 MiB
2026/08/03 17:01:11.862, 69.56 W, 76, 89 %, 1444 MiB
2026/08/03 17:01:12.866, 69.41 W, 75, 90 %, 1446 MiB
2026/08/03 17:01:13.873, 72.12 W, 76, 89 %, 1446 MiB
2026/08/03 17:01:14.877, 69.87 W, 75, 90 %, 1446 MiB
2026/08/03 17:01:15.881, 74.97 W, 76, 88 %, 1446 MiB
2026/08/03 17:01:16.885, 68.48 W, 76, 90 %, 1446 MiB
2026/08/03 17:01:17.889, 76.07 W, 76, 88 %, 1446 MiB
2026/08/03 17:01:18.893, 68.88 W, 76, 90 %, 1446 MiB
2026/08/03 17:01:19.900, 74.96 W, 75, 88 %, 1446 MiB
2026/08/03 17:01:20.905, 69.32 W, 76, 90 %, 1446 MiB
2026/08/03 17:01:21.909, 75.26 W, 75, 90 %, 1446 MiB
2026/08/03 17:01:22.914, 68.04 W, 76, 89 %, 1446 MiB
2026/08/03 17:01:23.920, 71.50 W, 76, 90 %, 1446 MiB
2026/08/03 17:01:24.924, 68.61 W, 76, 89 %, 1446 MiB
2026/08/03 17:01:25.929, 69.18 W, 76, 89 %, 1446 MiB
2026/08/03 17:01:26.934, 72.28 W, 76, 90 %, 1446 MiB
2026/08/03 17:01:27.938, 52.29 W, 75, 88 %, 2658 MiB
2026/08/03 17:01:28.944, 71.47 W, 74, 75 %, 1464 MiB
2026/08/03 17:01:29.951, 73.12 W, 76, 38 %, 1464 MiB
2026/08/03 17:01:30.968, 74.68 W, 75, 90 %, 1464 MiB
2026/08/03 17:01:31.975, 70.14 W, 76, 87 %, 1464 MiB
2026/08/03 17:01:32.979, 70.17 W, 76, 89 %, 1466 MiB
2026/08/03 17:01:33.983, 74.68 W, 76, 89 %, 1466 MiB
2026/08/03 17:01:34.991, 67.85 W, 76, 90 %, 1466 MiB
2026/08/03 17:01:35.996, 69.98 W, 75, 88 %, 1466 MiB
2026/08/03 17:01:37.000, 71.57 W, 76, 89 %, 1466 MiB
2026/08/03 17:01:38.006, 68.27 W, 76, 89 %, 1466 MiB
2026/08/03 17:01:39.010, 74.79 W, 76, 89 %, 1466 MiB
2026/08/03 17:01:40.015, 70.88 W, 76, 90 %, 1466 MiB
2026/08/03 17:01:41.022, 74.37 W, 76, 89 %, 1466 MiB
2026/08/03 17:01:42.025, 71.33 W, 76, 90 %, 1466 MiB
2026/08/03 17:01:43.030, 76.08 W, 75, 89 %, 1466 MiB
2026/08/03 17:01:44.035, 69.50 W, 76, 90 %, 1466 MiB
2026/08/03 17:01:45.040, 75.46 W, 76, 88 %, 1466 MiB
2026/08/03 17:01:46.043, 68.78 W, 76, 90 %, 1466 MiB
2026/08/03 17:01:47.047, 74.84 W, 76, 89 %, 1466 MiB
2026/08/03 17:01:48.051, 68.92 W, 76, 90 %, 1466 MiB
2026/08/03 17:01:49.055, 68.19 W, 76, 88 %, 1466 MiB
2026/08/03 17:01:50.063, 68.44 W, 75, 90 %, 1466 MiB
2026/08/03 17:01:51.068, 78.51 W, 74, 88 %, 2680 MiB
2026/08/03 17:01:52.071, 72.49 W, 75, 63 %, 1442 MiB
2026/08/03 17:01:53.077, 68.07 W, 76, 52 %, 1442 MiB
2026/08/03 17:01:54.081, 71.11 W, 75, 90 %, 1446 MiB
2026/08/03 17:01:55.084, 69.12 W, 76, 88 %, 1446 MiB
2026/08/03 17:01:56.091, 69.38 W, 76, 90 %, 1446 MiB
2026/08/03 17:01:57.095, 73.43 W, 76, 88 %, 1446 MiB
2026/08/03 17:01:58.099, 69.76 W, 76, 90 %, 1446 MiB
2026/08/03 17:01:59.107, 74.83 W, 76, 88 %, 1446 MiB
2026/08/03 17:02:00.111, 70.15 W, 76, 90 %, 1446 MiB
2026/08/03 17:02:01.115, 76.53 W, 75, 89 %, 1446 MiB
2026/08/03 17:02:02.121, 70.34 W, 76, 89 %, 1446 MiB
2026/08/03 17:02:03.124, 74.07 W, 76, 90 %, 1446 MiB
2026/08/03 17:02:04.128, 75.39 W, 76, 89 %, 1446 MiB
2026/08/03 17:02:05.134, 69.09 W, 76, 90 %, 1446 MiB
2026/08/03 17:02:06.138, 71.63 W, 76, 88 %, 1446 MiB
2026/08/03 17:02:07.142, 69.10 W, 76, 89 %, 1446 MiB
2026/08/03 17:02:08.147, 71.31 W, 75, 89 %, 1446 MiB
2026/08/03 17:02:09.150, 70.29 W, 76, 90 %, 1446 MiB
2026/08/03 17:02:10.154, 69.02 W, 76, 88 %, 1446 MiB
2026/08/03 17:02:11.158, 76.00 W, 76, 90 %, 1446 MiB
2026/08/03 17:02:12.162, 70.54 W, 76, 89 %, 1446 MiB
2026/08/03 17:02:13.168, 70.50 W, 76, 90 %, 1466 MiB
2026/08/03 17:02:14.172, 38.03 W, 72, 83 %, 2654 MiB
2026/08/03 17:02:15.175, 68.29 W, 75, 40 %, 1444 MiB
2026/08/03 17:02:16.180, 72.15 W, 76, 80 %, 1444 MiB
2026/08/03 17:02:17.185, 70.07 W, 75, 89 %, 1444 MiB
2026/08/03 17:02:18.189, 68.26 W, 76, 88 %, 1446 MiB
2026/08/03 17:02:19.194, 68.63 W, 76, 89 %, 1446 MiB
2026/08/03 17:02:20.197, 76.11 W, 76, 89 %, 1446 MiB
2026/08/03 17:02:21.201, 67.34 W, 76, 90 %, 1446 MiB
2026/08/03 17:02:22.205, 74.29 W, 76, 88 %, 1446 MiB
2026/08/03 17:02:23.209, 69.32 W, 76, 90 %, 1446 MiB
2026/08/03 17:02:24.215, 69.25 W, 76, 88 %, 1446 MiB
2026/08/03 17:02:25.218, 72.67 W, 76, 88 %, 1446 MiB
2026/08/03 17:02:26.222, 70.59 W, 76, 90 %, 1446 MiB
2026/08/03 17:02:27.228, 75.86 W, 76, 89 %, 1446 MiB
2026/08/03 17:02:28.232, 69.71 W, 76, 90 %, 1446 MiB
2026/08/03 17:02:29.235, 75.23 W, 75, 88 %, 1446 MiB
2026/08/03 17:02:30.241, 69.01 W, 76, 89 %, 1446 MiB
2026/08/03 17:02:31.245, 74.46 W, 76, 88 %, 1446 MiB
2026/08/03 17:02:32.249, 68.91 W, 76, 89 %, 1446 MiB
2026/08/03 17:02:33.255, 69.71 W, 76, 90 %, 1446 MiB
2026/08/03 17:02:34.259, 69.79 W, 75, 89 %, 1446 MiB
2026/08/03 17:02:35.262, 76.92 W, 76, 90 %, 1446 MiB
2026/08/03 17:02:36.266, 64.41 W, 76, 89 %, 2090 MiB
2026/08/03 17:02:37.271, 37.15 W, 71, 77 %, 2658 MiB
2026/08/03 17:02:38.274, 71.36 W, 76, 36 %, 1446 MiB
2026/08/03 17:02:39.277, 76.72 W, 76, 89 %, 1446 MiB
2026/08/03 17:02:40.281, 70.27 W, 76, 88 %, 1446 MiB
2026/08/03 17:02:41.287, 77.48 W, 75, 90 %, 1446 MiB
2026/08/03 17:02:42.290, 68.45 W, 76, 88 %, 1446 MiB
2026/08/03 17:02:43.294, 73.45 W, 76, 89 %, 1446 MiB
2026/08/03 17:02:44.301, 68.26 W, 76, 89 %, 1446 MiB
2026/08/03 17:02:45.304, 70.99 W, 76, 90 %, 1450 MiB
2026/08/03 17:02:46.309, 68.88 W, 76, 88 %, 1450 MiB
2026/08/03 17:02:47.315, 68.96 W, 76, 90 %, 1450 MiB
2026/08/03 17:02:48.319, 73.22 W, 76, 89 %, 1450 MiB
2026/08/03 17:02:49.323, 76.08 W, 76, 89 %, 1450 MiB
2026/08/03 17:02:50.329, 67.46 W, 76, 90 %, 1450 MiB
2026/08/03 17:02:51.333, 73.40 W, 76, 88 %, 1450 MiB
2026/08/03 17:02:52.336, 66.92 W, 76, 90 %, 1450 MiB
2026/08/03 17:02:53.343, 69.04 W, 75, 88 %, 1450 MiB
2026/08/03 17:02:54.346, 72.26 W, 76, 90 %, 1450 MiB
2026/08/03 17:02:55.350, 70.74 W, 76, 88 %, 1450 MiB
2026/08/03 17:02:56.355, 75.19 W, 76, 90 %, 1450 MiB
2026/08/03 17:02:57.359, 71.40 W, 76, 89 %, 1450 MiB
2026/08/03 17:02:58.364, 72.38 W, 76, 91 %, 1450 MiB
2026/08/03 17:02:59.371, 70.66 W, 74, 88 %, 2658 MiB
2026/08/03 17:03:00.374, 34.88 W, 71, 73 %, 2658 MiB
2026/08/03 17:03:01.377, 72.29 W, 75, 40 %, 1462 MiB
2026/08/03 17:03:02.385, 70.62 W, 75, 90 %, 1464 MiB
2026/08/03 17:03:03.389, 73.58 W, 76, 89 %, 1466 MiB
2026/08/03 17:03:04.394, 70.23 W, 75, 90 %, 1466 MiB
2026/08/03 17:03:05.400, 76.06 W, 76, 88 %, 1466 MiB
2026/08/03 17:03:06.404, 68.78 W, 76, 89 %, 1466 MiB
2026/08/03 17:03:07.408, 76.22 W, 75, 89 %, 1466 MiB
2026/08/03 17:03:08.412, 68.10 W, 76, 89 %, 1466 MiB
2026/08/03 17:03:09.416, 70.07 W, 75, 89 %, 1466 MiB
2026/08/03 17:03:10.420, 71.56 W, 76, 88 %, 1466 MiB
2026/08/03 17:03:11.424, 70.76 W, 76, 89 %, 1466 MiB
2026/08/03 17:03:12.428, 74.99 W, 76, 89 %, 1466 MiB
2026/08/03 17:03:13.436, 68.14 W, 76, 89 %, 1466 MiB
2026/08/03 17:03:14.440, 73.90 W, 75, 89 %, 1466 MiB
2026/08/03 17:03:15.443, 69.54 W, 76, 90 %, 1466 MiB
2026/08/03 17:03:16.451, 76.57 W, 76, 89 %, 1466 MiB
2026/08/03 17:03:17.454, 70.27 W, 76, 90 %, 1466 MiB
2026/08/03 17:03:18.458, 76.19 W, 76, 88 %, 1466 MiB
2026/08/03 17:03:19.466, 71.75 W, 76, 90 %, 1466 MiB
2026/08/03 17:03:20.470, 69.93 W, 76, 89 %, 1466 MiB
2026/08/03 17:03:21.474, 71.61 W, 75, 89 %, 1466 MiB
2026/08/03 17:03:22.481, 39.94 W, 75, 90 %, 2678 MiB
2026/08/03 17:03:23.485, 34.78 W, 71, 51 %, 2678 MiB
2026/08/03 17:03:24.488, 67.54 W, 76, 62 %, 1464 MiB
2026/08/03 17:03:25.491, 69.12 W, 75, 89 %, 1466 MiB
2026/08/03 17:03:26.499, 70.98 W, 76, 90 %, 1466 MiB
2026/08/03 17:03:27.503, 70.44 W, 76, 89 %, 1466 MiB
2026/08/03 17:03:28.507, 73.17 W, 76, 89 %, 1466 MiB
2026/08/03 17:03:29.513, 70.20 W, 76, 87 %, 1466 MiB
2026/08/03 17:03:30.518, 74.45 W, 75, 90 %, 1466 MiB
2026/08/03 17:03:31.521, 68.44 W, 76, 88 %, 1466 MiB
2026/08/03 17:03:32.527, 76.68 W, 76, 90 %, 1466 MiB
2026/08/03 17:03:33.531, 69.18 W, 76, 88 %, 1466 MiB
2026/08/03 17:03:34.535, 73.75 W, 76, 90 %, 1466 MiB
2026/08/03 17:03:35.541, 67.12 W, 75, 89 %, 1466 MiB
2026/08/03 17:03:36.546, 76.06 W, 76, 90 %, 1466 MiB
2026/08/03 17:03:37.549, 69.48 W, 76, 89 %, 1466 MiB
2026/08/03 17:03:38.554, 76.76 W, 76, 87 %, 1466 MiB
2026/08/03 17:03:39.558, 68.97 W, 76, 90 %, 1466 MiB
2026/08/03 17:03:40.563, 75.49 W, 75, 88 %, 1466 MiB
2026/08/03 17:03:41.568, 69.20 W, 76, 90 %, 1466 MiB
2026/08/03 17:03:42.572, 69.07 W, 76, 88 %, 1466 MiB
2026/08/03 17:03:43.576, 70.90 W, 76, 90 %, 1466 MiB
2026/08/03 17:03:44.582, 69.05 W, 76, 89 %, 1466 MiB
2026/08/03 17:03:45.586, 77.49 W, 76, 82 %, 2678 MiB
2026/08/03 17:03:46.592, 36.46 W, 73, 36 %, 1276 MiB
2026/08/03 17:03:47.595, 68.67 W, 75, 85 %, 1442 MiB
2026/08/03 17:03:48.599, 73.47 W, 76, 89 %, 1444 MiB
2026/08/03 17:03:49.603, 68.11 W, 76, 90 %, 1444 MiB
2026/08/03 17:03:50.607, 68.06 W, 76, 88 %, 1446 MiB
2026/08/03 17:03:51.611, 69.56 W, 75, 90 %, 1446 MiB
2026/08/03 17:03:52.614, 76.36 W, 76, 89 %, 1446 MiB
2026/08/03 17:03:53.620, 67.69 W, 76, 90 %, 1446 MiB
2026/08/03 17:03:54.623, 76.02 W, 76, 89 %, 1446 MiB
2026/08/03 17:03:55.627, 68.98 W, 76, 89 %, 1446 MiB
2026/08/03 17:03:56.632, 77.44 W, 76, 90 %, 1446 MiB
2026/08/03 17:03:57.636, 67.61 W, 76, 88 %, 1446 MiB
2026/08/03 17:03:58.641, 75.73 W, 75, 90 %, 1446 MiB
2026/08/03 17:03:59.645, 69.24 W, 76, 88 %, 1446 MiB
2026/08/03 17:04:00.649, 67.67 W, 76, 89 %, 1446 MiB
2026/08/03 17:04:01.655, 71.82 W, 76, 89 %, 1446 MiB
2026/08/03 17:04:02.662, 69.24 W, 75, 90 %, 1446 MiB
2026/08/03 17:04:03.667, 75.90 W, 75, 90 %, 1446 MiB
2026/08/03 17:04:04.672, 70.52 W, 76, 88 %, 1446 MiB
2026/08/03 17:04:05.676, 76.24 W, 76, 90 %, 1446 MiB
2026/08/03 17:04:06.679, 69.76 W, 76, 89 %, 1446 MiB
2026/08/03 17:04:07.683, 67.40 W, 76, 90 %, 1446 MiB
2026/08/03 17:04:08.690, 55.36 W, 72, 89 %, 2658 MiB
2026/08/03 17:04:09.695, 68.20 W, 75, 74 %, 1462 MiB
2026/08/03 17:04:10.699, 76.02 W, 75, 38 %, 1464 MiB
2026/08/03 17:04:11.703, 67.67 W, 76, 89 %, 1464 MiB
2026/08/03 17:04:12.707, 74.03 W, 75, 89 %, 1466 MiB
2026/08/03 17:04:13.710, 70.48 W, 76, 89 %, 1466 MiB
2026/08/03 17:04:14.717, 71.26 W, 76, 90 %, 1466 MiB
2026/08/03 17:04:15.720, 66.45 W, 76, 89 %, 1466 MiB
2026/08/03 17:04:16.725, 69.54 W, 76, 90 %, 1466 MiB
2026/08/03 17:04:17.729, 73.68 W, 76, 88 %, 1466 MiB
2026/08/03 17:04:18.733, 70.26 W, 76, 90 %, 1466 MiB
2026/08/03 17:04:19.739, 75.40 W, 75, 89 %, 1466 MiB
2026/08/03 17:04:20.742, 70.89 W, 76, 90 %, 1466 MiB
2026/08/03 17:04:21.746, 74.20 W, 76, 89 %, 1466 MiB
2026/08/03 17:04:22.752, 76.49 W, 76, 89 %, 1468 MiB
2026/08/03 17:04:23.756, 67.19 W, 76, 88 %, 1468 MiB
2026/08/03 17:04:24.761, 69.14 W, 74, 89 %, 1468 MiB
2026/08/03 17:04:25.767, 73.04 W, 76, 89 %, 1468 MiB
2026/08/03 17:04:26.771, 70.90 W, 76, 88 %, 1468 MiB
2026/08/03 17:04:27.775, 75.03 W, 76, 90 %, 1468 MiB
2026/08/03 17:04:28.783, 69.71 W, 76, 88 %, 1468 MiB
2026/08/03 17:04:29.787, 76.18 W, 75, 90 %, 1468 MiB
2026/08/03 17:04:30.791, 67.93 W, 76, 88 %, 1468 MiB
2026/08/03 17:04:31.797, 75.74 W, 75, 90 %, 2678 MiB
2026/08/03 17:04:32.800, 70.41 W, 75, 67 %, 1442 MiB
2026/08/03 17:04:33.805, 75.71 W, 74, 48 %, 1442 MiB
2026/08/03 17:04:34.809, 68.87 W, 75, 88 %, 1442 MiB
2026/08/03 17:04:35.813, 76.43 W, 76, 89 %, 1442 MiB
2026/08/03 17:04:36.817, 69.10 W, 76, 88 %, 1444 MiB
2026/08/03 17:04:37.823, 68.90 W, 75, 90 %, 1446 MiB
2026/08/03 17:04:38.828, 69.66 W, 75, 88 %, 1446 MiB
2026/08/03 17:04:39.832, 71.83 W, 76, 90 %, 1446 MiB
2026/08/03 17:04:40.838, 68.87 W, 75, 89 %, 1446 MiB
2026/08/03 17:04:41.842, 75.63 W, 76, 89 %, 1446 MiB
2026/08/03 17:04:42.845, 71.37 W, 76, 89 %, 1446 MiB
2026/08/03 17:04:43.852, 74.32 W, 76, 89 %, 1446 MiB
2026/08/03 17:04:44.856, 68.83 W, 76, 90 %, 1446 MiB
2026/08/03 17:04:45.860, 76.47 W, 75, 88 %, 1446 MiB
2026/08/03 17:04:46.867, 66.80 W, 76, 89 %, 1446 MiB
2026/08/03 17:04:47.871, 72.17 W, 76, 88 %, 1446 MiB
2026/08/03 17:04:48.875, 70.00 W, 76, 89 %, 1446 MiB
2026/08/03 17:04:49.882, 71.47 W, 76, 88 %, 1446 MiB
2026/08/03 17:04:50.886, 73.81 W, 75, 90 %, 1446 MiB
2026/08/03 17:04:51.891, 70.15 W, 76, 89 %, 1446 MiB
2026/08/03 17:04:52.894, 73.81 W, 75, 90 %, 1446 MiB
2026/08/03 17:04:53.898, 73.94 W, 76, 90 %, 1446 MiB
2026/08/03 17:04:54.902, 73.54 W, 73, 90 %, 2658 MiB
2026/08/03 17:04:55.907, 76.29 W, 75, 45 %, 1464 MiB
2026/08/03 17:04:56.911, 69.40 W, 76, 70 %, 1464 MiB
2026/08/03 17:04:57.915, 74.94 W, 76, 89 %, 1466 MiB
2026/08/03 17:04:58.919, 68.44 W, 75, 90 %, 1466 MiB
2026/08/03 17:04:59.925, 77.22 W, 75, 89 %, 1466 MiB
2026/08/03 17:05:00.929, 68.39 W, 76, 89 %, 1466 MiB
2026/08/03 17:05:01.934, 75.56 W, 75, 90 %, 1466 MiB
2026/08/03 17:05:02.939, 69.09 W, 76, 90 %, 1466 MiB
2026/08/03 17:05:03.943, 77.07 W, 75, 90 %, 1466 MiB
2026/08/03 17:05:04.948, 70.23 W, 76, 89 %, 1466 MiB
2026/08/03 17:05:05.952, 77.56 W, 76, 90 %, 1466 MiB
2026/08/03 17:05:06.956, 69.20 W, 76, 89 %, 1466 MiB
2026/08/03 17:05:07.960, 75.20 W, 76, 90 %, 1466 MiB
2026/08/03 17:05:08.964, 68.59 W, 75, 89 %, 1466 MiB
2026/08/03 17:05:09.968, 75.37 W, 76, 89 %, 1466 MiB
2026/08/03 17:05:10.975, 70.07 W, 75, 88 %, 1466 MiB
2026/08/03 17:05:11.979, 76.61 W, 76, 90 %, 1466 MiB
2026/08/03 17:05:12.982, 69.50 W, 76, 88 %, 1466 MiB
2026/08/03 17:05:13.990, 75.93 W, 76, 90 %, 1466 MiB
2026/08/03 17:05:14.994, 70.11 W, 76, 88 %, 1466 MiB
2026/08/03 17:05:15.999, 75.16 W, 75, 90 %, 1466 MiB
2026/08/03 17:05:17.005, 65.98 W, 76, 88 %, 2112 MiB
2026/08/03 17:05:18.010, 38.20 W, 71, 81 %, 2680 MiB
2026/08/03 17:05:19.014, 71.49 W, 75, 32 %, 1462 MiB
2026/08/03 17:05:20.020, 73.40 W, 75, 90 %, 1464 MiB
2026/08/03 17:05:21.024, 71.55 W, 76, 89 %, 1468 MiB
2026/08/03 17:05:22.028, 74.67 W, 74, 90 %, 1468 MiB
2026/08/03 17:05:23.031, 69.75 W, 76, 88 %, 1468 MiB
2026/08/03 17:05:24.035, 67.99 W, 76, 89 %, 1468 MiB
2026/08/03 17:05:25.041, 75.64 W, 76, 89 %, 1468 MiB
2026/08/03 17:05:26.045, 69.96 W, 75, 90 %, 1468 MiB
2026/08/03 17:05:27.049, 74.03 W, 75, 89 %, 1468 MiB
2026/08/03 17:05:28.056, 69.96 W, 76, 89 %, 1468 MiB
2026/08/03 17:05:29.060, 71.84 W, 75, 89 %, 1468 MiB
2026/08/03 17:05:30.063, 70.12 W, 76, 89 %, 1468 MiB
2026/08/03 17:05:31.071, 68.29 W, 76, 89 %, 1468 MiB
2026/08/03 17:05:32.074, 73.98 W, 75, 88 %, 1468 MiB
2026/08/03 17:05:33.078, 68.56 W, 76, 90 %, 1468 MiB
2026/08/03 17:05:34.085, 76.28 W, 75, 88 %, 1468 MiB
2026/08/03 17:05:35.089, 69.69 W, 76, 90 %, 1468 MiB
2026/08/03 17:05:36.093, 76.30 W, 76, 89 %, 1468 MiB
2026/08/03 17:05:37.097, 69.10 W, 76, 89 %, 1468 MiB
2026/08/03 17:05:38.101, 72.77 W, 76, 89 %, 1468 MiB
2026/08/03 17:05:39.106, 67.67 W, 75, 89 %, 1468 MiB
2026/08/03 17:05:40.112, 75.81 W, 75, 89 %, 2678 MiB
2026/08/03 17:05:41.116, 35.08 W, 71, 73 %, 2678 MiB
2026/08/03 17:05:42.119, 68.87 W, 76, 40 %, 1442 MiB
2026/08/03 17:05:43.124, 71.03 W, 74, 90 %, 1444 MiB
2026/08/03 17:05:44.128, 69.01 W, 76, 89 %, 1444 MiB
2026/08/03 17:05:45.132, 70.76 W, 75, 90 %, 1444 MiB
2026/08/03 17:05:46.138, 72.84 W, 75, 88 %, 1444 MiB
2026/08/03 17:05:47.142, 69.82 W, 76, 90 %, 1444 MiB
2026/08/03 17:05:48.147, 77.73 W, 75, 88 %, 1444 MiB
2026/08/03 17:05:49.154, 68.80 W, 75, 90 %, 1444 MiB
2026/08/03 17:05:50.159, 76.25 W, 75, 89 %, 1446 MiB
2026/08/03 17:05:51.163, 70.14 W, 76, 88 %, 1446 MiB
2026/08/03 17:05:52.167, 76.39 W, 76, 89 %, 1446 MiB
2026/08/03 17:05:53.171, 68.56 W, 76, 88 %, 1446 MiB
2026/08/03 17:05:54.174, 73.62 W, 75, 90 %, 1446 MiB
2026/08/03 17:05:55.182, 67.96 W, 75, 88 %, 1446 MiB
2026/08/03 17:05:56.186, 76.52 W, 76, 89 %, 1446 MiB
2026/08/03 17:05:57.190, 70.01 W, 75, 89 %, 1446 MiB
2026/08/03 17:05:58.196, 75.74 W, 76, 90 %, 1446 MiB
2026/08/03 17:05:59.200, 70.00 W, 76, 89 %, 1446 MiB
2026/08/03 17:06:00.203, 75.43 W, 76, 90 %, 1446 MiB
2026/08/03 17:06:01.211, 69.75 W, 76, 88 %, 1446 MiB
2026/08/03 17:06:02.215, 75.59 W, 75, 90 %, 1446 MiB
2026/08/03 17:06:03.219, 38.14 W, 75, 90 %, 2660 MiB
2026/08/03 17:06:04.227, 34.77 W, 71, 49 %, 2660 MiB
2026/08/03 17:06:05.231, 70.29 W, 76, 63 %, 1444 MiB
2026/08/03 17:06:06.235, 76.40 W, 74, 90 %, 1444 MiB
2026/08/03 17:06:07.240, 69.36 W, 76, 88 %, 1444 MiB
2026/08/03 17:06:08.244, 74.64 W, 76, 90 %, 1444 MiB
2026/08/03 17:06:09.248, 66.90 W, 76, 89 %, 1444 MiB
2026/08/03 17:06:10.255, 75.45 W, 75, 88 %, 1444 MiB
2026/08/03 17:06:11.259, 69.04 W, 76, 90 %, 1444 MiB
2026/08/03 17:06:12.263, 71.75 W, 76, 89 %, 1444 MiB
2026/08/03 17:06:13.269, 70.60 W, 75, 90 %, 1444 MiB
2026/08/03 17:06:14.272, 73.41 W, 76, 88 %, 1444 MiB
2026/08/03 17:06:15.276, 71.18 W, 76, 89 %, 1444 MiB
2026/08/03 17:06:16.281, 75.79 W, 75, 88 %, 1444 MiB
2026/08/03 17:06:17.285, 68.75 W, 76, 89 %, 1444 MiB
2026/08/03 17:06:18.290, 75.05 W, 75, 88 %, 1444 MiB
2026/08/03 17:06:19.295, 68.89 W, 76, 89 %, 1444 MiB
2026/08/03 17:06:20.299, 75.35 W, 75, 89 %, 1444 MiB
2026/08/03 17:06:21.302, 68.29 W, 76, 89 %, 1446 MiB
2026/08/03 17:06:22.308, 69.52 W, 76, 90 %, 1446 MiB
2026/08/03 17:06:23.312, 69.22 W, 75, 88 %, 1446 MiB
2026/08/03 17:06:24.316, 69.25 W, 76, 90 %, 1446 MiB
2026/08/03 17:06:25.321, 75.00 W, 75, 88 %, 1446 MiB
2026/08/03 17:06:26.325, 63.98 W, 74, 84 %, 2658 MiB
2026/08/03 17:06:27.328, 35.62 W, 73, 32 %, 1442 MiB
2026/08/03 17:06:28.333, 70.27 W, 75, 88 %, 1444 MiB
2026/08/03 17:06:29.338, 70.54 W, 74, 90 %, 1444 MiB
2026/08/03 17:06:30.341, 72.35 W, 76, 89 %, 1444 MiB
2026/08/03 17:06:31.345, 69.26 W, 76, 88 %, 1444 MiB
2026/08/03 17:06:32.349, 76.43 W, 75, 89 %, 1446 MiB
2026/08/03 17:06:33.354, 68.73 W, 76, 88 %, 1446 MiB
2026/08/03 17:06:34.358, 75.97 W, 75, 90 %, 1446 MiB
2026/08/03 17:06:35.361, 68.82 W, 76, 88 %, 1446 MiB
2026/08/03 17:06:36.368, 76.58 W, 76, 90 %, 1446 MiB
2026/08/03 17:06:37.373, 68.43 W, 76, 88 %, 1446 MiB
2026/08/03 17:06:38.377, 74.79 W, 76, 90 %, 1446 MiB
2026/08/03 17:06:39.381, 67.51 W, 75, 88 %, 1446 MiB
2026/08/03 17:06:40.384, 70.27 W, 76, 90 %, 1446 MiB
2026/08/03 17:06:41.391, 69.34 W, 75, 90 %, 1448 MiB
2026/08/03 17:06:42.394, 74.89 W, 76, 88 %, 1448 MiB
2026/08/03 17:06:43.398, 69.51 W, 76, 89 %, 1448 MiB
2026/08/03 17:06:44.404, 74.88 W, 75, 89 %, 1448 MiB
2026/08/03 17:06:45.408, 67.98 W, 76, 89 %, 1448 MiB
2026/08/03 17:06:46.412, 76.28 W, 75, 90 %, 1448 MiB
2026/08/03 17:06:47.420, 68.82 W, 76, 89 %, 1448 MiB
2026/08/03 17:06:48.425, 75.54 W, 75, 90 %, 1448 MiB
2026/08/03 17:06:49.428, 36.74 W, 75, 88 %, 2660 MiB
2026/08/03 17:06:50.434, 76.15 W, 74, 76 %, 1444 MiB
2026/08/03 17:06:51.438, 69.03 W, 75, 35 %, 1444 MiB
2026/08/03 17:06:52.441, 75.31 W, 76, 89 %, 1444 MiB
2026/08/03 17:06:53.448, 68.85 W, 75, 89 %, 1444 MiB
2026/08/03 17:06:54.452, 72.78 W, 75, 90 %, 1444 MiB
2026/08/03 17:06:55.456, 68.39 W, 75, 88 %, 1444 MiB
2026/08/03 17:06:56.463, 68.71 W, 75, 90 %, 1444 MiB
2026/08/03 17:06:57.467, 68.85 W, 75, 89 %, 1444 MiB
2026/08/03 17:06:58.471, 75.89 W, 76, 90 %, 1444 MiB
2026/08/03 17:06:59.477, 67.96 W, 76, 88 %, 1446 MiB
2026/08/03 17:07:00.480, 74.84 W, 76, 89 %, 1446 MiB
2026/08/03 17:07:01.484, 69.51 W, 76, 89 %, 1446 MiB
2026/08/03 17:07:02.493, 76.34 W, 75, 90 %, 1446 MiB
2026/08/03 17:07:03.496, 70.11 W, 76, 89 %, 1446 MiB
2026/08/03 17:07:04.500, 76.17 W, 75, 89 %, 1446 MiB
2026/08/03 17:07:05.507, 68.38 W, 76, 89 %, 1446 MiB
2026/08/03 17:07:06.511, 71.32 W, 76, 88 %, 1446 MiB
2026/08/03 17:07:07.515, 66.70 W, 76, 90 %, 1446 MiB
2026/08/03 17:07:08.521, 70.28 W, 76, 88 %, 1446 MiB
2026/08/03 17:07:09.526, 73.90 W, 75, 90 %, 1446 MiB
2026/08/03 17:07:10.531, 70.99 W, 76, 88 %, 1446 MiB
2026/08/03 17:07:11.535, 76.06 W, 76, 90 %, 1446 MiB
2026/08/03 17:07:12.538, 65.31 W, 74, 89 %, 2658 MiB
2026/08/03 17:07:13.541, 68.94 W, 74, 63 %, 1442 MiB
2026/08/03 17:07:14.546, 75.61 W, 75, 53 %, 1446 MiB
2026/08/03 17:07:15.550, 70.56 W, 75, 90 %, 1446 MiB
2026/08/03 17:07:16.571, 76.43 W, 76, 89 %, 1446 MiB
2026/08/03 17:07:17.575, 69.90 W, 76, 89 %, 1446 MiB
2026/08/03 17:07:18.579, 75.23 W, 76, 89 %, 1446 MiB
2026/08/03 17:07:19.584, 69.15 W, 76, 89 %, 1446 MiB
2026/08/03 17:07:20.588, 74.84 W, 75, 89 %, 1446 MiB
2026/08/03 17:07:21.592, 69.91 W, 76, 90 %, 1446 MiB
2026/08/03 17:07:22.598, 76.66 W, 75, 89 %, 1446 MiB
2026/08/03 17:07:23.605, 67.06 W, 76, 90 %, 1446 MiB
2026/08/03 17:07:24.608, 76.38 W, 75, 88 %, 1446 MiB
2026/08/03 17:07:25.612, 67.68 W, 76, 90 %, 1446 MiB
2026/08/03 17:07:26.616, 73.02 W, 76, 88 %, 1446 MiB
2026/08/03 17:07:27.620, 68.32 W, 76, 90 %, 1446 MiB
2026/08/03 17:07:28.626, 71.27 W, 76, 89 %, 1446 MiB
2026/08/03 17:07:29.631, 67.28 W, 75, 89 %, 1446 MiB
2026/08/03 17:07:30.636, 69.19 W, 76, 90 %, 1446 MiB
2026/08/03 17:07:31.640, 68.76 W, 76, 89 %, 1446 MiB
2026/08/03 17:07:32.643, 75.49 W, 76, 90 %, 1446 MiB
2026/08/03 17:07:33.647, 69.83 W, 76, 89 %, 1446 MiB
2026/08/03 17:07:34.655, 75.80 W, 75, 90 %, 1474 MiB
2026/08/03 17:07:35.658, 37.94 W, 71, 81 %, 2662 MiB
2026/08/03 17:07:36.662, 70.79 W, 75, 38 %, 1442 MiB
2026/08/03 17:07:37.669, 71.97 W, 76, 83 %, 1446 MiB
2026/08/03 17:07:38.673, 66.79 W, 75, 89 %, 1446 MiB
2026/08/03 17:07:39.679, 70.10 W, 76, 90 %, 1446 MiB
2026/08/03 17:07:40.683, 72.52 W, 75, 88 %, 1446 MiB
2026/08/03 17:07:41.687, 70.50 W, 76, 90 %, 1446 MiB
2026/08/03 17:07:42.693, 76.26 W, 75, 89 %, 1446 MiB
2026/08/03 17:07:43.696, 70.84 W, 76, 89 %, 1446 MiB
2026/08/03 17:07:44.700, 69.28 W, 76, 90 %, 1446 MiB
2026/08/03 17:07:45.708, 75.68 W, 76, 88 %, 1446 MiB
2026/08/03 17:07:46.711, 69.15 W, 75, 90 %, 1446 MiB
2026/08/03 17:07:47.716, 71.70 W, 75, 88 %, 1446 MiB
2026/08/03 17:07:48.722, 69.34 W, 76, 90 %, 1446 MiB
2026/08/03 17:07:49.725, 70.68 W, 75, 88 %, 1446 MiB
2026/08/03 17:07:50.729, 68.48 W, 76, 90 %, 1446 MiB
2026/08/03 17:07:51.735, 69.98 W, 76, 89 %, 1446 MiB
2026/08/03 17:07:52.739, 69.92 W, 76, 90 %, 1446 MiB
2026/08/03 17:07:53.743, 70.91 W, 76, 88 %, 1446 MiB
2026/08/03 17:07:54.747, 73.69 W, 75, 90 %, 1446 MiB
2026/08/03 17:07:55.751, 69.24 W, 76, 89 %, 1446 MiB
2026/08/03 17:07:56.756, 75.93 W, 75, 90 %, 1446 MiB
2026/08/03 17:07:57.765, 70.57 W, 74, 88 %, 2660 MiB
2026/08/03 17:07:58.769, 34.88 W, 71, 76 %, 2660 MiB
2026/08/03 17:07:59.775, 74.06 W, 75, 38 %, 1444 MiB
2026/08/03 17:08:00.780, 68.57 W, 75, 90 %, 1444 MiB
2026/08/03 17:08:01.784, 77.02 W, 76, 88 %, 1446 MiB
2026/08/03 17:08:02.788, 70.53 W, 75, 89 %, 1446 MiB
2026/08/03 17:08:03.791, 75.21 W, 76, 89 %, 1446 MiB
2026/08/03 17:08:04.795, 70.21 W, 76, 90 %, 1446 MiB
2026/08/03 17:08:05.798, 76.54 W, 75, 88 %, 1448 MiB
2026/08/03 17:08:06.805, 69.73 W, 76, 89 %, 1448 MiB
2026/08/03 17:08:07.810, 75.25 W, 75, 89 %, 1448 MiB
2026/08/03 17:08:08.813, 69.04 W, 75, 88 %, 1448 MiB
2026/08/03 17:08:09.819, 69.97 W, 76, 90 %, 1448 MiB
2026/08/03 17:08:10.823, 72.36 W, 75, 89 %, 1448 MiB
2026/08/03 17:08:11.827, 68.56 W, 76, 89 %, 1448 MiB
2026/08/03 17:08:12.833, 75.92 W, 75, 88 %, 1448 MiB
2026/08/03 17:08:13.836, 67.63 W, 76, 90 %, 1448 MiB
2026/08/03 17:08:14.840, 76.49 W, 76, 88 %, 1448 MiB
2026/08/03 17:08:15.848, 68.75 W, 76, 90 %, 1448 MiB
2026/08/03 17:08:16.852, 68.93 W, 76, 89 %, 1448 MiB
2026/08/03 17:08:17.856, 71.88 W, 75, 90 %, 1448 MiB
2026/08/03 17:08:18.860, 68.47 W, 76, 88 %, 1448 MiB
2026/08/03 17:08:19.864, 69.04 W, 75, 89 %, 1448 MiB
2026/08/03 17:08:20.868, 41.87 W, 75, 88 %, 2654 MiB
2026/08/03 17:08:21.876, 34.75 W, 70, 64 %, 2654 MiB
2026/08/03 17:08:22.880, 69.16 W, 75, 49 %, 1446 MiB
2026/08/03 17:08:23.884, 75.49 W, 74, 90 %, 1446 MiB
2026/08/03 17:08:24.889, 69.85 W, 75, 88 %, 1446 MiB
2026/08/03 17:08:25.894, 74.00 W, 76, 90 %, 1446 MiB
2026/08/03 17:08:26.897, 68.23 W, 75, 88 %, 1446 MiB
2026/08/03 17:08:27.901, 69.67 W, 75, 89 %, 1446 MiB
2026/08/03 17:08:28.906, 68.66 W, 75, 89 %, 1446 MiB
2026/08/03 17:08:29.911, 70.78 W, 76, 89 %, 1446 MiB
2026/08/03 17:08:30.915, 71.67 W, 75, 90 %, 1446 MiB
2026/08/03 17:08:31.918, 74.18 W, 76, 89 %, 1446 MiB
2026/08/03 17:08:32.924, 69.99 W, 75, 90 %, 1446 MiB
2026/08/03 17:08:33.927, 76.15 W, 75, 89 %, 1446 MiB
2026/08/03 17:08:34.931, 70.28 W, 76, 90 %, 1446 MiB
2026/08/03 17:08:35.936, 76.15 W, 75, 89 %, 1446 MiB
2026/08/03 17:08:36.940, 68.85 W, 76, 89 %, 1446 MiB
2026/08/03 17:08:37.946, 75.35 W, 75, 88 %, 1446 MiB
2026/08/03 17:08:38.952, 68.79 W, 76, 90 %, 1446 MiB
2026/08/03 17:08:39.956, 76.02 W, 75, 89 %, 1446 MiB
2026/08/03 17:08:40.961, 68.69 W, 76, 90 %, 1446 MiB
2026/08/03 17:08:41.969, 73.57 W, 76, 89 %, 1446 MiB
2026/08/03 17:08:42.973, 69.65 W, 76, 90 %, 1446 MiB
2026/08/03 17:08:43.977, 54.46 W, 73, 83 %, 2658 MiB
2026/08/03 17:08:44.982, 69.86 W, 73, 41 %, 1462 MiB
2026/08/03 17:08:45.986, 77.66 W, 75, 79 %, 1468 MiB
2026/08/03 17:08:46.989, 68.97 W, 75, 90 %, 1468 MiB
2026/08/03 17:08:47.995, 70.85 W, 76, 88 %, 1468 MiB
2026/08/03 17:08:48.999, 71.38 W, 75, 89 %, 1468 MiB
2026/08/03 17:08:50.002, 75.67 W, 76, 89 %, 1468 MiB
2026/08/03 17:08:51.006, 71.03 W, 76, 90 %, 1468 MiB
2026/08/03 17:08:52.011, 76.76 W, 75, 89 %, 1468 MiB
2026/08/03 17:08:53.016, 68.82 W, 75, 89 %, 1468 MiB
2026/08/03 17:08:54.025, 76.23 W, 75, 90 %, 1468 MiB
2026/08/03 17:08:55.030, 68.41 W, 76, 88 %, 1468 MiB
2026/08/03 17:08:56.034, 75.05 W, 75, 90 %, 1468 MiB
2026/08/03 17:08:57.039, 67.69 W, 76, 88 %, 1468 MiB
2026/08/03 17:08:58.043, 70.94 W, 76, 90 %, 1468 MiB
2026/08/03 17:08:59.047, 68.58 W, 76, 88 %, 1468 MiB
2026/08/03 17:09:00.056, 70.32 W, 75, 90 %, 1468 MiB
2026/08/03 17:09:01.061, 70.61 W, 75, 88 %, 1468 MiB
2026/08/03 17:09:02.065, 71.04 W, 76, 90 %, 1468 MiB
2026/08/03 17:09:03.071, 71.45 W, 75, 89 %, 1468 MiB
2026/08/03 17:09:04.075, 76.82 W, 76, 89 %, 1468 MiB
2026/08/03 17:09:05.079, 67.83 W, 76, 88 %, 1468 MiB
2026/08/03 17:09:06.086, 76.88 W, 76, 90 %, 1468 MiB
2026/08/03 17:09:07.090, 41.43 W, 75, 76 %, 2680 MiB
2026/08/03 17:09:08.094, 74.18 W, 75, 39 %, 1444 MiB
2026/08/03 17:09:09.098, 70.65 W, 75, 89 %, 1444 MiB
2026/08/03 17:09:10.102, 76.64 W, 75, 90 %, 1444 MiB
2026/08/03 17:09:11.107, 70.21 W, 75, 89 %, 1444 MiB
2026/08/03 17:09:12.112, 75.56 W, 75, 90 %, 1444 MiB
2026/08/03 17:09:13.116, 69.67 W, 76, 88 %, 1444 MiB
2026/08/03 17:09:14.119, 76.40 W, 76, 89 %, 1444 MiB
2026/08/03 17:09:15.123, 68.95 W, 76, 89 %, 1444 MiB
2026/08/03 17:09:16.126, 77.06 W, 76, 90 %, 1444 MiB
2026/08/03 17:09:17.134, 69.01 W, 76, 89 %, 1444 MiB
2026/08/03 17:09:18.138, 70.93 W, 76, 90 %, 1444 MiB
2026/08/03 17:09:19.141, 71.04 W, 75, 89 %, 1444 MiB
2026/08/03 17:09:20.147, 71.62 W, 76, 89 %, 1444 MiB
2026/08/03 17:09:21.152, 68.44 W, 76, 90 %, 1444 MiB
2026/08/03 17:09:22.155, 76.72 W, 76, 89 %, 1444 MiB
2026/08/03 17:09:23.161, 69.42 W, 76, 89 %, 1444 MiB
2026/08/03 17:09:24.165, 74.60 W, 75, 90 %, 1444 MiB
2026/08/03 17:09:25.169, 67.98 W, 76, 88 %, 1446 MiB
2026/08/03 17:09:26.174, 77.44 W, 75, 90 %, 1446 MiB
2026/08/03 17:09:27.178, 67.86 W, 76, 88 %, 1446 MiB
2026/08/03 17:09:28.182, 73.71 W, 76, 90 %, 1446 MiB
2026/08/03 17:09:29.187, 68.53 W, 76, 88 %, 1446 MiB
2026/08/03 17:09:30.191, 53.06 W, 73, 90 %, 2658 MiB
2026/08/03 17:09:31.194, 66.36 W, 75, 67 %, 1464 MiB
2026/08/03 17:09:32.199, 77.01 W, 75, 46 %, 1466 MiB
2026/08/03 17:09:33.204, 68.90 W, 75, 89 %, 1466 MiB
2026/08/03 17:09:34.208, 72.27 W, 75, 90 %, 1466 MiB
2026/08/03 17:09:35.214, 70.64 W, 75, 88 %, 1466 MiB
2026/08/03 17:09:36.220, 72.93 W, 76, 90 %, 1466 MiB
2026/08/03 17:09:37.224, 70.32 W, 75, 89 %, 1466 MiB
2026/08/03 17:09:38.228, 75.18 W, 76, 90 %, 1466 MiB
2026/08/03 17:09:39.233, 69.20 W, 76, 89 %, 1466 MiB
2026/08/03 17:09:40.236, 75.32 W, 75, 89 %, 1466 MiB
2026/08/03 17:09:41.241, 69.08 W, 76, 89 %, 1466 MiB
2026/08/03 17:09:42.246, 77.77 W, 75, 88 %, 1466 MiB
2026/08/03 17:09:43.249, 68.67 W, 76, 89 %, 1466 MiB
2026/08/03 17:09:44.253, 74.16 W, 76, 89 %, 1466 MiB
2026/08/03 17:09:45.257, 68.25 W, 75, 90 %, 1466 MiB
2026/08/03 17:09:46.261, 69.15 W, 76, 89 %, 1466 MiB
2026/08/03 17:09:47.265, 72.81 W, 75, 89 %, 1466 MiB
2026/08/03 17:09:48.269, 75.73 W, 76, 88 %, 1466 MiB
2026/08/03 17:09:49.276, 69.86 W, 76, 89 %, 1466 MiB
2026/08/03 17:09:50.280, 74.95 W, 76, 89 %, 1466 MiB
2026/08/03 17:09:51.283, 69.43 W, 75, 89 %, 1466 MiB
2026/08/03 17:09:52.291, 75.86 W, 75, 90 %, 1488 MiB
2026/08/03 17:09:53.295, 37.44 W, 71, 89 %, 2676 MiB
2026/08/03 17:09:54.298, 70.80 W, 75, 43 %, 1444 MiB
2026/08/03 17:09:55.304, 71.19 W, 75, 71 %, 1444 MiB
2026/08/03 17:09:56.307, 75.11 W, 75, 89 %, 1444 MiB
2026/08/03 17:09:57.312, 69.46 W, 76, 90 %, 1444 MiB
2026/08/03 17:09:58.316, 76.01 W, 75, 88 %, 1444 MiB
2026/08/03 17:09:59.319, 68.89 W, 76, 89 %, 1444 MiB
2026/08/03 17:10:00.323, 77.08 W, 76, 90 %, 1444 MiB
2026/08/03 17:10:01.327, 69.46 W, 75, 89 %, 1444 MiB
2026/08/03 17:10:02.333, 72.34 W, 76, 89 %, 1446 MiB
2026/08/03 17:10:03.337, 69.41 W, 75, 88 %, 1446 MiB
2026/08/03 17:10:04.340, 75.34 W, 76, 89 %, 1448 MiB
2026/08/03 17:10:05.345, 67.35 W, 76, 88 %, 1448 MiB
2026/08/03 17:10:06.349, 76.98 W, 75, 89 %, 1448 MiB
2026/08/03 17:10:07.353, 69.36 W, 76, 88 %, 1448 MiB
2026/08/03 17:10:08.361, 72.76 W, 75, 90 %, 1448 MiB
2026/08/03 17:10:09.365, 67.88 W, 76, 89 %, 1448 MiB
2026/08/03 17:10:10.368, 70.43 W, 76, 89 %, 1448 MiB
2026/08/03 17:10:11.372, 72.19 W, 75, 90 %, 1448 MiB
2026/08/03 17:10:12.376, 68.76 W, 76, 88 %, 1448 MiB
2026/08/03 17:10:13.381, 75.26 W, 74, 89 %, 1448 MiB
2026/08/03 17:10:14.385, 69.84 W, 76, 89 %, 1448 MiB
2026/08/03 17:10:15.389, 75.67 W, 76, 90 %, 2090 MiB
2026/08/03 17:10:16.394, 35.08 W, 71, 83 %, 2658 MiB
2026/08/03 17:10:17.397, 69.64 W, 74, 32 %, 1444 MiB
2026/08/03 17:10:18.401, 75.49 W, 76, 88 %, 1444 MiB
2026/08/03 17:10:19.404, 69.23 W, 75, 91 %, 1444 MiB
2026/08/03 17:10:20.411, 76.74 W, 75, 89 %, 1444 MiB
2026/08/03 17:10:21.415, 69.45 W, 76, 90 %, 1444 MiB
2026/08/03 17:10:22.419, 75.65 W, 76, 88 %, 1444 MiB
2026/08/03 17:10:23.427, 69.62 W, 76, 90 %, 1444 MiB
2026/08/03 17:10:24.431, 74.26 W, 75, 88 %, 1444 MiB
2026/08/03 17:10:25.435, 69.22 W, 76, 90 %, 1444 MiB
2026/08/03 17:10:26.441, 76.78 W, 74, 89 %, 1444 MiB
2026/08/03 17:10:27.444, 67.76 W, 75, 90 %, 1446 MiB
2026/08/03 17:10:28.448, 75.26 W, 76, 87 %, 1446 MiB
2026/08/03 17:10:29.454, 66.42 W, 75, 90 %, 1446 MiB
2026/08/03 17:10:30.458, 70.32 W, 76, 88 %, 1446 MiB
2026/08/03 17:10:31.462, 73.83 W, 74, 89 %, 1446 MiB
2026/08/03 17:10:32.470, 69.30 W, 75, 89 %, 1446 MiB
2026/08/03 17:10:33.473, 66.64 W, 76, 89 %, 1446 MiB
2026/08/03 17:10:34.478, 73.90 W, 75, 89 %, 1446 MiB
2026/08/03 17:10:35.483, 67.11 W, 75, 88 %, 1446 MiB
2026/08/03 17:10:36.487, 70.42 W, 74, 90 %, 1446 MiB
2026/08/03 17:10:37.491, 68.48 W, 76, 88 %, 1446 MiB
2026/08/03 17:10:38.495, 65.78 W, 73, 90 %, 2658 MiB
2026/08/03 17:10:39.498, 34.86 W, 70, 74 %, 2658 MiB
2026/08/03 17:10:40.501, 73.39 W, 75, 38 %, 1462 MiB
2026/08/03 17:10:41.504, 67.80 W, 75, 88 %, 1464 MiB
2026/08/03 17:10:42.509, 73.67 W, 76, 90 %, 1464 MiB
2026/08/03 17:10:43.513, 67.63 W, 75, 88 %, 1464 MiB
2026/08/03 17:10:44.517, 72.10 W, 75, 90 %, 1464 MiB
2026/08/03 17:10:45.524, 69.56 W, 74, 89 %, 1464 MiB
2026/08/03 17:10:46.529, 70.21 W, 76, 89 %, 1466 MiB
2026/08/03 17:10:47.533, 69.34 W, 75, 88 %, 1466 MiB
2026/08/03 17:10:48.538, 75.36 W, 76, 90 %, 1466 MiB
2026/08/03 17:10:49.542, 68.92 W, 75, 89 %, 1466 MiB
2026/08/03 17:10:50.546, 76.25 W, 75, 89 %, 1466 MiB
2026/08/03 17:10:51.552, 68.71 W, 76, 90 %, 1466 MiB
2026/08/03 17:10:52.557, 72.91 W, 75, 88 %, 1466 MiB
2026/08/03 17:10:53.560, 67.70 W, 76, 90 %, 1466 MiB
2026/08/03 17:10:54.568, 69.49 W, 76, 88 %, 1466 MiB
2026/08/03 17:10:55.571, 69.13 W, 75, 89 %, 1466 MiB
2026/08/03 17:10:56.576, 68.89 W, 75, 88 %, 1466 MiB
2026/08/03 17:10:57.583, 69.72 W, 75, 90 %, 1466 MiB
2026/08/03 17:10:58.586, 68.93 W, 76, 88 %, 1466 MiB
2026/08/03 17:10:59.591, 74.51 W, 75, 90 %, 1466 MiB
2026/08/03 17:11:00.596, 68.99 W, 76, 89 %, 1466 MiB
2026/08/03 17:11:01.601, 80.39 W, 75, 88 %, 2682 MiB
2026/08/03 17:11:02.605, 36.93 W, 71, 55 %, 414 MiB
2026/08/03 17:11:03.632, 74.17 W, 74, 59 %, 1446 MiB
2026/08/03 17:11:04.636, 68.98 W, 75, 88 %, 1446 MiB
2026/08/03 17:11:05.640, 68.43 W, 76, 90 %, 1446 MiB
2026/08/03 17:11:06.647, 75.81 W, 75, 88 %, 1446 MiB
2026/08/03 17:11:07.651, 69.29 W, 75, 90 %, 1446 MiB
2026/08/03 17:11:08.656, 75.51 W, 75, 89 %, 1446 MiB
2026/08/03 17:11:09.662, 68.92 W, 76, 89 %, 1446 MiB
2026/08/03 17:11:10.666, 69.04 W, 75, 90 %, 1446 MiB
2026/08/03 17:11:11.669, 71.58 W, 76, 88 %, 1446 MiB
2026/08/03 17:11:12.676, 67.24 W, 76, 90 %, 1448 MiB
2026/08/03 17:11:13.680, 72.62 W, 75, 88 %, 1448 MiB
2026/08/03 17:11:14.684, 70.66 W, 75, 90 %, 1448 MiB
2026/08/03 17:11:15.692, 74.79 W, 75, 88 %, 1448 MiB
2026/08/03 17:11:16.696, 70.08 W, 76, 90 %, 1448 MiB
2026/08/03 17:11:17.700, 74.42 W, 75, 89 %, 1448 MiB
2026/08/03 17:11:18.705, 70.75 W, 76, 90 %, 1448 MiB
2026/08/03 17:11:19.709, 75.90 W, 76, 89 %, 1448 MiB
2026/08/03 17:11:20.712, 68.00 W, 75, 90 %, 1448 MiB
2026/08/03 17:11:21.721, 69.41 W, 76, 88 %, 1448 MiB
2026/08/03 17:11:22.724, 72.90 W, 75, 90 %, 1448 MiB
2026/08/03 17:11:23.728, 69.65 W, 76, 89 %, 1448 MiB
2026/08/03 17:11:24.738, 54.35 W, 72, 83 %, 2654 MiB
2026/08/03 17:11:25.741, 70.76 W, 74, 34 %, 1442 MiB
2026/08/03 17:11:26.745, 74.45 W, 75, 87 %, 1444 MiB
2026/08/03 17:11:27.751, 69.33 W, 75, 89 %, 1444 MiB
2026/08/03 17:11:28.756, 76.67 W, 75, 90 %, 1444 MiB
2026/08/03 17:11:29.762, 68.44 W, 76, 88 %, 1444 MiB
2026/08/03 17:11:30.767, 76.91 W, 75, 90 %, 1444 MiB
2026/08/03 17:11:31.770, 69.46 W, 76, 89 %, 1444 MiB
2026/08/03 17:11:32.776, 77.37 W, 76, 91 %, 1444 MiB
2026/08/03 17:11:33.779, 68.24 W, 76, 89 %, 1444 MiB
2026/08/03 17:11:34.783, 76.67 W, 76, 90 %, 1448 MiB
2026/08/03 17:11:35.788, 67.40 W, 76, 89 %, 1448 MiB
2026/08/03 17:11:36.792, 76.72 W, 76, 90 %, 1448 MiB
2026/08/03 17:11:37.796, 71.99 W, 76, 89 %, 1448 MiB
2026/08/03 17:11:38.800, 69.44 W, 76, 91 %, 1448 MiB
2026/08/03 17:11:39.805, 74.09 W, 75, 89 %, 1448 MiB
2026/08/03 17:11:40.809, 67.81 W, 76, 89 %, 1448 MiB
2026/08/03 17:11:41.812, 68.89 W, 76, 88 %, 1448 MiB
2026/08/03 17:11:42.816, 69.26 W, 76, 90 %, 1448 MiB
2026/08/03 17:11:43.820, 68.72 W, 76, 89 %, 1448 MiB
2026/08/03 17:11:44.823, 68.86 W, 76, 90 %, 1448 MiB
2026/08/03 17:11:45.827, 70.27 W, 76, 89 %, 1448 MiB
2026/08/03 17:11:46.831, 69.69 W, 76, 90 %, 1448 MiB
2026/08/03 17:11:47.838, 58.26 W, 73, 75 %, 2660 MiB
2026/08/03 17:11:48.842, 68.69 W, 75, 39 %, 1444 MiB
2026/08/03 17:11:49.845, 77.25 W, 76, 89 %, 1444 MiB
2026/08/03 17:11:50.850, 68.53 W, 76, 90 %, 1444 MiB
2026/08/03 17:11:51.854, 73.56 W, 75, 88 %, 1444 MiB
2026/08/03 17:11:52.859, 70.37 W, 75, 90 %, 1444 MiB
2026/08/03 17:11:53.865, 73.60 W, 76, 89 %, 1444 MiB
2026/08/03 17:11:54.869, 70.54 W, 75, 90 %, 1444 MiB
2026/08/03 17:11:55.872, 74.62 W, 76, 88 %, 1446 MiB
2026/08/03 17:11:56.878, 71.98 W, 76, 90 %, 1446 MiB
2026/08/03 17:11:57.883, 72.84 W, 76, 89 %, 1446 MiB
2026/08/03 17:11:58.887, 69.79 W, 76, 90 %, 1446 MiB
2026/08/03 17:11:59.893, 74.08 W, 76, 89 %, 1446 MiB
2026/08/03 17:12:00.897, 69.99 W, 76, 91 %, 1446 MiB
2026/08/03 17:12:01.901, 75.06 W, 75, 91 %, 1446 MiB
2026/08/03 17:12:02.908, 70.25 W, 76, 88 %, 1446 MiB
2026/08/03 17:12:03.913, 75.25 W, 75, 90 %, 1446 MiB
2026/08/03 17:12:04.917, 70.46 W, 76, 88 %, 1446 MiB
2026/08/03 17:12:05.924, 74.36 W, 75, 91 %, 1446 MiB
2026/08/03 17:12:06.927, 71.17 W, 76, 89 %, 1446 MiB
2026/08/03 17:12:07.932, 68.04 W, 76, 90 %, 1446 MiB
2026/08/03 17:12:08.936, 76.01 W, 76, 89 %, 1446 MiB
2026/08/03 17:12:09.939, 66.77 W, 76, 90 %, 2090 MiB
2026/08/03 17:12:10.946, 37.99 W, 71, 89 %, 2658 MiB
2026/08/03 17:12:11.949, 69.25 W, 75, 46 %, 1444 MiB
2026/08/03 17:12:12.954, 75.26 W, 75, 67 %, 1444 MiB
2026/08/03 17:12:13.959, 70.68 W, 76, 90 %, 1444 MiB
2026/08/03 17:12:14.963, 72.39 W, 76, 89 %, 1444 MiB
2026/08/03 17:12:15.966, 71.65 W, 75, 90 %, 1444 MiB
2026/08/03 17:12:16.973, 76.22 W, 75, 89 %, 1444 MiB
2026/08/03 17:12:17.977, 69.70 W, 76, 90 %, 1444 MiB
2026/08/03 17:12:18.981, 75.71 W, 75, 89 %, 1444 MiB
2026/08/03 17:12:19.989, 70.47 W, 76, 91 %, 1444 MiB
2026/08/03 17:12:20.993, 75.62 W, 75, 89 %, 1444 MiB
2026/08/03 17:12:21.996, 70.63 W, 76, 90 %, 1444 MiB
2026/08/03 17:12:23.000, 68.70 W, 76, 88 %, 1444 MiB
2026/08/03 17:12:24.004, 74.82 W, 76, 91 %, 1444 MiB
2026/08/03 17:12:25.008, 69.83 W, 76, 89 %, 1446 MiB
2026/08/03 17:12:26.014, 74.13 W, 75, 90 %, 1446 MiB
2026/08/03 17:12:27.017, 69.54 W, 76, 89 %, 1446 MiB
2026/08/03 17:12:28.022, 75.55 W, 75, 90 %, 1446 MiB
2026/08/03 17:12:29.028, 69.57 W, 76, 89 %, 1446 MiB
2026/08/03 17:12:30.032, 74.61 W, 75, 90 %, 1446 MiB
2026/08/03 17:12:31.035, 69.33 W, 76, 89 %, 1446 MiB
2026/08/03 17:12:32.041, 75.29 W, 76, 91 %, 1448 MiB
2026/08/03 17:12:33.044, 37.73 W, 74, 89 %, 2658 MiB
2026/08/03 17:12:34.049, 34.78 W, 71, 80 %, 2658 MiB
2026/08/03 17:12:35.052, 69.39 W, 75, 33 %, 1444 MiB
2026/08/03 17:12:36.059, 76.07 W, 76, 91 %, 1444 MiB
2026/08/03 17:12:37.062, 69.64 W, 76, 89 %, 1444 MiB
2026/08/03 17:12:38.067, 75.03 W, 76, 91 %, 1446 MiB
2026/08/03 17:12:39.073, 68.86 W, 76, 89 %, 1446 MiB
2026/08/03 17:12:40.077, 68.36 W, 76, 90 %, 1446 MiB
2026/08/03 17:12:41.081, 73.16 W, 75, 89 %, 1446 MiB
2026/08/03 17:12:42.085, 68.16 W, 76, 90 %, 1446 MiB
2026/08/03 17:12:43.089, 70.18 W, 75, 88 %, 1446 MiB
2026/08/03 17:12:44.095, 68.92 W, 76, 90 %, 1446 MiB
2026/08/03 17:12:45.099, 72.00 W, 75, 89 %, 1446 MiB
2026/08/03 17:12:46.103, 68.36 W, 76, 90 %, 1446 MiB
2026/08/03 17:12:47.107, 69.60 W, 76, 89 %, 1446 MiB
2026/08/03 17:12:48.110, 68.82 W, 76, 90 %, 1446 MiB
2026/08/03 17:12:49.114, 70.05 W, 76, 89 %, 1446 MiB
2026/08/03 17:12:50.123, 68.25 W, 76, 90 %, 1446 MiB
2026/08/03 17:12:51.127, 71.28 W, 76, 89 %, 1446 MiB
2026/08/03 17:12:52.132, 68.55 W, 76, 90 %, 1446 MiB
2026/08/03 17:12:53.139, 71.19 W, 76, 89 %, 1446 MiB
2026/08/03 17:12:54.143, 71.07 W, 75, 90 %, 1446 MiB
2026/08/03 17:12:55.147, 74.55 W, 76, 89 %, 1446 MiB
2026/08/03 17:12:56.152, 64.82 W, 72, 90 %, 2658 MiB
2026/08/03 17:12:57.155, 61.32 W, 75, 65 %, 1440 MiB
2026/08/03 17:12:58.159, 72.96 W, 75, 49 %, 1444 MiB
2026/08/03 17:12:59.165, 68.24 W, 76, 89 %, 1444 MiB
2026/08/03 17:13:00.169, 71.74 W, 75, 90 %, 1444 MiB
2026/08/03 17:13:01.173, 67.79 W, 76, 89 %, 1446 MiB
2026/08/03 17:13:02.178, 71.58 W, 76, 90 %, 1446 MiB
2026/08/03 17:13:03.183, 69.72 W, 76, 89 %, 1446 MiB
2026/08/03 17:13:04.187, 71.14 W, 76, 90 %, 1446 MiB
2026/08/03 17:13:05.191, 69.39 W, 76, 89 %, 1446 MiB
2026/08/03 17:13:06.194, 73.13 W, 76, 91 %, 1446 MiB
2026/08/03 17:13:07.198, 67.34 W, 76, 88 %, 1446 MiB
2026/08/03 17:13:08.205, 71.78 W, 76, 90 %, 1446 MiB
2026/08/03 17:13:09.208, 69.93 W, 76, 89 %, 1446 MiB
2026/08/03 17:13:10.212, 73.10 W, 76, 91 %, 1446 MiB
2026/08/03 17:13:11.219, 70.32 W, 75, 89 %, 1446 MiB
2026/08/03 17:13:12.222, 73.25 W, 76, 90 %, 1446 MiB
2026/08/03 17:13:13.226, 71.91 W, 76, 89 %, 1446 MiB
2026/08/03 17:13:14.232, 74.58 W, 76, 90 %, 1446 MiB
2026/08/03 17:13:15.236, 68.91 W, 76, 88 %, 1446 MiB
2026/08/03 17:13:16.240, 76.93 W, 76, 90 %, 1446 MiB
2026/08/03 17:13:17.249, 69.83 W, 76, 89 %, 1446 MiB
2026/08/03 17:13:18.253, 76.61 W, 75, 90 %, 1446 MiB
2026/08/03 17:13:19.258, 72.01 W, 73, 82 %, 2660 MiB
2026/08/03 17:13:20.263, 73.91 W, 75, 40 %, 1442 MiB
2026/08/03 17:13:21.267, 70.57 W, 76, 81 %, 1442 MiB
2026/08/03 17:13:22.271, 75.25 W, 74, 90 %, 1444 MiB
2026/08/03 17:13:23.277, 70.64 W, 76, 89 %, 1444 MiB
2026/08/03 17:13:24.281, 73.42 W, 75, 90 %, 1444 MiB
2026/08/03 17:13:25.285, 70.75 W, 76, 89 %, 1444 MiB
2026/08/03 17:13:26.289, 67.56 W, 76, 90 %, 1444 MiB
2026/08/03 17:13:27.292, 76.37 W, 76, 89 %, 1444 MiB
2026/08/03 17:13:28.297, 69.47 W, 76, 90 %, 1444 MiB
2026/08/03 17:13:29.301, 76.14 W, 76, 89 %, 1446 MiB
2026/08/03 17:13:30.305, 67.43 W, 76, 90 %, 1446 MiB
2026/08/03 17:13:31.311, 76.36 W, 75, 89 %, 1446 MiB
2026/08/03 17:13:32.315, 68.27 W, 76, 90 %, 1446 MiB
2026/08/03 17:13:33.320, 74.35 W, 75, 89 %, 1446 MiB
2026/08/03 17:13:34.324, 68.24 W, 76, 90 %, 1446 MiB
2026/08/03 17:13:35.329, 73.48 W, 76, 88 %, 1446 MiB
2026/08/03 17:13:36.333, 69.62 W, 76, 90 %, 1446 MiB
2026/08/03 17:13:37.337, 68.87 W, 76, 88 %, 1446 MiB
2026/08/03 17:13:38.342, 68.57 W, 76, 90 %, 1446 MiB
2026/08/03 17:13:39.346, 74.09 W, 76, 90 %, 1446 MiB
2026/08/03 17:13:40.353, 70.03 W, 76, 90 %, 1446 MiB
2026/08/03 17:13:41.356, 68.57 W, 76, 89 %, 2090 MiB
2026/08/03 17:13:42.361, 38.28 W, 71, 76 %, 2658 MiB
2026/08/03 17:13:43.364, 69.82 W, 75, 39 %, 1442 MiB
2026/08/03 17:13:44.371, 74.21 W, 76, 90 %, 1444 MiB
2026/08/03 17:13:45.375, 68.15 W, 76, 89 %, 1444 MiB
2026/08/03 17:13:46.381, 76.51 W, 76, 90 %, 1444 MiB
2026/08/03 17:13:47.387, 68.12 W, 76, 89 %, 1444 MiB
2026/08/03 17:13:48.391, 74.01 W, 75, 90 %, 1444 MiB
2026/08/03 17:13:49.395, 69.72 W, 76, 88 %, 1444 MiB
2026/08/03 17:13:50.401, 73.87 W, 76, 90 %, 1444 MiB
2026/08/03 17:13:51.404, 68.19 W, 76, 88 %, 1444 MiB
2026/08/03 17:13:52.408, 69.63 W, 76, 90 %, 1446 MiB
2026/08/03 17:13:53.412, 68.67 W, 76, 88 %, 1446 MiB
2026/08/03 17:13:54.417, 70.16 W, 76, 91 %, 1446 MiB
2026/08/03 17:13:55.421, 71.44 W, 75, 88 %, 1446 MiB
2026/08/03 17:13:56.426, 71.12 W, 76, 90 %, 1446 MiB
2026/08/03 17:13:57.430, 69.45 W, 76, 89 %, 1446 MiB
2026/08/03 17:13:58.433, 75.12 W, 76, 91 %, 1446 MiB
2026/08/03 17:13:59.437, 70.45 W, 76, 89 %, 1446 MiB
2026/08/03 17:14:00.441, 75.93 W, 76, 90 %, 1446 MiB
2026/08/03 17:14:01.448, 69.41 W, 76, 89 %, 1446 MiB
2026/08/03 17:14:02.452, 75.67 W, 76, 90 %, 1446 MiB
2026/08/03 17:14:03.456, 69.26 W, 76, 89 %, 1446 MiB
2026/08/03 17:14:04.462, 53.92 W, 73, 89 %, 2660 MiB
2026/08/03 17:14:05.466, 34.83 W, 71, 55 %, 2660 MiB
2026/08/03 17:14:06.469, 73.60 W, 75, 60 %, 1462 MiB
2026/08/03 17:14:07.473, 70.51 W, 76, 89 %, 1464 MiB
2026/08/03 17:14:08.482, 74.54 W, 75, 90 %, 1466 MiB
2026/08/03 17:14:09.486, 71.36 W, 76, 88 %, 1466 MiB
2026/08/03 17:14:10.490, 75.47 W, 75, 90 %, 1466 MiB
2026/08/03 17:14:11.496, 70.51 W, 76, 89 %, 1466 MiB
2026/08/03 17:14:12.500, 74.74 W, 76, 90 %, 1466 MiB
2026/08/03 17:14:13.503, 75.61 W, 76, 89 %, 1466 MiB
2026/08/03 17:14:14.507, 68.83 W, 76, 90 %, 1466 MiB
2026/08/03 17:14:15.511, 75.23 W, 76, 88 %, 1466 MiB
2026/08/03 17:14:16.516, 68.74 W, 76, 90 %, 1466 MiB
2026/08/03 17:14:17.525, 71.53 W, 75, 88 %, 1466 MiB
2026/08/03 17:14:18.528, 69.60 W, 76, 89 %, 1466 MiB
2026/08/03 17:14:19.532, 70.82 W, 76, 89 %, 1466 MiB
2026/08/03 17:14:20.536, 70.15 W, 76, 89 %, 1466 MiB
2026/08/03 17:14:21.540, 69.94 W, 76, 90 %, 1466 MiB
2026/08/03 17:14:22.546, 73.85 W, 76, 89 %, 1466 MiB
2026/08/03 17:14:23.550, 69.31 W, 76, 90 %, 1466 MiB
2026/08/03 17:14:24.554, 73.80 W, 75, 89 %, 1466 MiB
2026/08/03 17:14:25.560, 69.23 W, 76, 90 %, 1466 MiB
2026/08/03 17:14:26.564, 73.76 W, 75, 89 %, 1466 MiB
2026/08/03 17:14:27.567, 75.52 W, 74, 83 %, 2674 MiB
2026/08/03 17:14:28.574, 34.78 W, 72, 32 %, 1442 MiB
2026/08/03 17:14:29.581, 74.13 W, 75, 88 %, 1446 MiB
2026/08/03 17:14:30.584, 70.78 W, 75, 89 %, 1446 MiB
2026/08/03 17:14:31.590, 75.63 W, 76, 90 %, 1446 MiB
2026/08/03 17:14:32.595, 70.51 W, 76, 90 %, 1446 MiB
2026/08/03 17:14:33.598, 75.72 W, 76, 90 %, 1446 MiB
2026/08/03 17:14:34.603, 69.89 W, 76, 90 %, 1446 MiB
2026/08/03 17:14:35.607, 76.39 W, 76, 89 %, 1446 MiB
2026/08/03 17:14:36.611, 67.38 W, 76, 89 %, 1450 MiB
2026/08/03 17:14:37.616, 75.00 W, 75, 90 %, 1450 MiB
2026/08/03 17:14:38.621, 69.38 W, 76, 89 %, 1450 MiB
2026/08/03 17:14:39.625, 76.61 W, 75, 90 %, 1450 MiB
2026/08/03 17:14:40.631, 67.97 W, 76, 88 %, 1450 MiB
2026/08/03 17:14:41.635, 76.67 W, 76, 90 %, 1450 MiB
2026/08/03 17:14:42.639, 68.02 W, 76, 90 %, 1450 MiB
2026/08/03 17:14:43.644, 74.71 W, 76, 89 %, 1450 MiB
2026/08/03 17:14:44.650, 69.64 W, 75, 90 %, 1450 MiB
2026/08/03 17:14:45.654, 70.73 W, 76, 89 %, 1450 MiB
2026/08/03 17:14:46.659, 71.15 W, 75, 89 %, 1450 MiB
2026/08/03 17:14:47.663, 71.65 W, 76, 89 %, 1450 MiB
2026/08/03 17:14:48.667, 69.57 W, 76, 90 %, 1450 MiB
2026/08/03 17:14:49.671, 75.62 W, 76, 87 %, 1450 MiB
2026/08/03 17:14:50.675, 44.12 W, 75, 90 %, 2658 MiB
2026/08/03 17:14:51.679, 71.84 W, 75, 74 %, 1462 MiB
2026/08/03 17:14:52.685, 68.39 W, 76, 39 %, 1464 MiB
2026/08/03 17:14:53.694, 73.37 W, 76, 89 %, 1464 MiB
2026/08/03 17:14:54.698, 70.36 W, 75, 90 %, 1464 MiB
2026/08/03 17:14:55.703, 75.54 W, 75, 89 %, 1464 MiB
2026/08/03 17:14:56.709, 69.78 W, 76, 90 %, 1464 MiB
2026/08/03 17:14:57.713, 74.51 W, 76, 88 %, 1464 MiB
2026/08/03 17:14:58.717, 68.75 W, 76, 90 %, 1464 MiB
2026/08/03 17:14:59.723, 75.68 W, 76, 89 %, 1464 MiB
2026/08/03 17:15:00.727, 69.42 W, 75, 89 %, 1464 MiB
2026/08/03 17:15:01.731, 71.13 W, 76, 90 %, 1464 MiB
2026/08/03 17:15:02.737, 70.36 W, 75, 89 %, 1464 MiB
2026/08/03 17:15:03.741, 73.26 W, 76, 90 %, 1464 MiB
2026/08/03 17:15:04.745, 70.58 W, 76, 89 %, 1464 MiB
2026/08/03 17:15:05.750, 71.54 W, 76, 90 %, 1464 MiB
2026/08/03 17:15:06.753, 69.20 W, 76, 88 %, 1466 MiB
2026/08/03 17:15:07.758, 75.98 W, 76, 90 %, 1466 MiB
2026/08/03 17:15:08.766, 69.35 W, 76, 88 %, 1466 MiB
2026/08/03 17:15:09.771, 74.32 W, 75, 90 %, 1466 MiB
2026/08/03 17:15:10.774, 69.09 W, 76, 89 %, 1466 MiB
2026/08/03 17:15:11.780, 76.39 W, 75, 90 %, 1466 MiB
2026/08/03 17:15:12.783, 68.81 W, 76, 89 %, 1466 MiB
2026/08/03 17:15:13.788, 39.59 W, 72, 89 %, 2682 MiB
2026/08/03 17:15:14.791, 70.62 W, 75, 53 %, 1444 MiB
2026/08/03 17:15:15.795, 70.56 W, 74, 61 %, 1444 MiB
2026/08/03 17:15:16.799, 76.10 W, 76, 89 %, 1444 MiB
2026/08/03 17:15:17.803, 69.53 W, 76, 90 %, 1446 MiB
2026/08/03 17:15:18.807, 76.59 W, 76, 88 %, 1446 MiB
2026/08/03 17:15:19.812, 69.75 W, 76, 90 %, 1446 MiB
2026/08/03 17:15:20.816, 76.58 W, 76, 89 %, 1446 MiB
2026/08/03 17:15:21.820, 70.09 W, 76, 90 %, 1446 MiB
2026/08/03 17:15:22.827, 76.62 W, 76, 89 %, 1446 MiB
2026/08/03 17:15:23.831, 69.73 W, 76, 90 %, 1446 MiB
2026/08/03 17:15:24.835, 76.17 W, 75, 88 %, 1446 MiB
2026/08/03 17:15:25.840, 69.10 W, 76, 90 %, 1446 MiB
2026/08/03 17:15:26.844, 75.22 W, 76, 88 %, 1446 MiB
2026/08/03 17:15:27.849, 69.61 W, 76, 90 %, 1446 MiB
2026/08/03 17:15:28.852, 77.52 W, 76, 89 %, 1446 MiB
2026/08/03 17:15:29.856, 68.97 W, 76, 90 %, 1446 MiB
2026/08/03 17:15:30.861, 67.90 W, 76, 89 %, 1446 MiB
2026/08/03 17:15:31.868, 69.37 W, 75, 90 %, 1446 MiB
2026/08/03 17:15:32.873, 70.63 W, 76, 88 %, 1446 MiB
2026/08/03 17:15:33.876, 70.31 W, 76, 90 %, 1446 MiB
2026/08/03 17:15:34.880, 74.40 W, 76, 89 %, 1446 MiB
2026/08/03 17:15:35.884, 66.36 W, 76, 90 %, 2090 MiB
2026/08/03 17:15:36.888, 35.91 W, 71, 82 %, 2658 MiB
2026/08/03 17:15:37.892, 74.49 W, 75, 31 %, 1442 MiB
2026/08/03 17:15:38.895, 68.96 W, 76, 89 %, 1444 MiB
2026/08/03 17:15:39.901, 72.01 W, 76, 90 %, 1444 MiB
2026/08/03 17:15:40.905, 69.49 W, 76, 89 %, 1444 MiB
2026/08/03 17:15:41.909, 73.63 W, 76, 90 %, 1446 MiB
2026/08/03 17:15:42.915, 69.10 W, 76, 89 %, 1446 MiB
2026/08/03 17:15:43.919, 72.66 W, 76, 91 %, 1446 MiB
2026/08/03 17:15:44.924, 67.97 W, 75, 89 %, 1446 MiB
2026/08/03 17:15:45.929, 75.52 W, 76, 90 %, 1446 MiB
2026/08/03 17:15:46.933, 69.81 W, 75, 89 %, 1446 MiB
2026/08/03 17:15:47.936, 76.17 W, 76, 90 %, 1446 MiB
2026/08/03 17:15:48.942, 69.90 W, 76, 89 %, 1446 MiB
2026/08/03 17:15:49.946, 76.67 W, 76, 90 %, 1446 MiB
2026/08/03 17:15:50.950, 69.52 W, 76, 89 %, 1446 MiB
2026/08/03 17:15:51.954, 73.27 W, 76, 91 %, 1446 MiB
2026/08/03 17:15:52.958, 71.15 W, 76, 89 %, 1446 MiB
2026/08/03 17:15:53.965, 76.21 W, 75, 90 %, 1446 MiB
2026/08/03 17:15:54.969, 70.76 W, 76, 89 %, 1446 MiB
2026/08/03 17:15:55.973, 75.68 W, 75, 90 %, 1446 MiB
2026/08/03 17:15:56.979, 71.19 W, 76, 89 %, 1446 MiB
2026/08/03 17:15:57.983, 75.62 W, 75, 90 %, 1446 MiB
2026/08/03 17:15:58.986, 50.42 W, 75, 90 %, 2660 MiB
2026/08/03 17:15:59.991, 34.72 W, 71, 74 %, 2660 MiB
2026/08/03 17:16:00.994, 69.78 W, 75, 41 %, 1464 MiB
2026/08/03 17:16:01.998, 67.70 W, 76, 89 %, 1464 MiB
2026/08/03 17:16:03.002, 76.74 W, 76, 89 %, 1466 MiB
2026/08/03 17:16:04.009, 69.63 W, 76, 89 %, 1466 MiB
2026/08/03 17:16:05.014, 73.61 W, 75, 89 %, 1466 MiB
2026/08/03 17:16:06.017, 69.01 W, 76, 90 %, 1466 MiB
2026/08/03 17:16:07.026, 76.42 W, 75, 89 %, 1466 MiB
2026/08/03 17:16:08.030, 69.54 W, 76, 90 %, 1466 MiB
2026/08/03 17:16:09.034, 74.43 W, 75, 89 %, 1466 MiB
2026/08/03 17:16:10.039, 68.32 W, 76, 90 %, 1466 MiB
2026/08/03 17:16:11.043, 74.67 W, 76, 89 %, 1466 MiB
2026/08/03 17:16:12.047, 68.73 W, 76, 90 %, 1466 MiB
2026/08/03 17:16:13.052, 68.81 W, 76, 89 %, 1466 MiB
2026/08/03 17:16:14.057, 68.48 W, 76, 89 %, 1466 MiB
2026/08/03 17:16:15.061, 69.36 W, 76, 91 %, 1466 MiB
2026/08/03 17:16:16.066, 71.94 W, 75, 88 %, 1466 MiB
2026/08/03 17:16:17.071, 69.43 W, 76, 91 %, 1466 MiB
2026/08/03 17:16:18.075, 68.60 W, 75, 89 %, 1466 MiB
2026/08/03 17:16:19.079, 75.87 W, 76, 90 %, 1466 MiB
2026/08/03 17:16:20.083, 69.72 W, 76, 89 %, 1466 MiB
2026/08/03 17:16:21.086, 75.73 W, 76, 90 %, 1466 MiB
2026/08/03 17:16:22.094, 72.09 W, 73, 90 %, 2680 MiB
2026/08/03 17:16:23.097, 55.23 W, 74, 45 %, 1442 MiB
2026/08/03 17:16:24.101, 70.40 W, 76, 69 %, 1446 MiB
2026/08/03 17:16:25.104, 74.05 W, 76, 90 %, 1446 MiB
2026/08/03 17:16:26.108, 69.30 W, 76, 90 %, 1446 MiB
2026/08/03 17:16:27.112, 73.67 W, 75, 89 %, 1446 MiB
2026/08/03 17:16:28.120, 70.51 W, 76, 89 %, 1446 MiB
2026/08/03 17:16:29.124, 73.96 W, 74, 90 %, 1446 MiB
2026/08/03 17:16:30.127, 69.97 W, 76, 88 %, 1446 MiB
2026/08/03 17:16:31.132, 75.65 W, 76, 89 %, 1446 MiB
2026/08/03 17:16:32.136, 68.54 W, 76, 88 %, 1446 MiB
2026/08/03 17:16:33.140, 67.08 W, 76, 90 %, 1446 MiB
2026/08/03 17:16:34.150, 71.33 W, 75, 89 %, 1446 MiB
2026/08/03 17:16:35.154, 70.20 W, 76, 90 %, 1446 MiB
2026/08/03 17:16:36.158, 69.60 W, 76, 87 %, 1446 MiB
2026/08/03 17:16:37.164, 74.13 W, 76, 90 %, 1446 MiB
2026/08/03 17:16:38.167, 70.49 W, 76, 89 %, 1446 MiB
2026/08/03 17:16:39.171, 75.21 W, 76, 90 %, 1446 MiB
2026/08/03 17:16:40.175, 69.50 W, 76, 88 %, 1446 MiB
2026/08/03 17:16:41.179, 76.29 W, 75, 89 %, 1446 MiB
2026/08/03 17:16:42.186, 69.01 W, 76, 90 %, 1446 MiB
2026/08/03 17:16:43.191, 76.12 W, 76, 88 %, 1446 MiB
2026/08/03 17:16:44.194, 69.31 W, 76, 90 %, 1446 MiB
2026/08/03 17:16:45.200, 74.57 W, 75, 82 %, 2662 MiB
2026/08/03 17:16:46.205, 68.51 W, 75, 30 %, 1442 MiB
2026/08/03 17:16:47.208, 74.52 W, 76, 89 %, 1444 MiB
2026/08/03 17:16:48.212, 68.84 W, 76, 90 %, 1444 MiB
2026/08/03 17:16:49.220, 66.89 W, 76, 88 %, 1444 MiB
2026/08/03 17:16:50.225, 73.05 W, 76, 90 %, 1444 MiB
2026/08/03 17:16:51.229, 69.48 W, 76, 89 %, 1444 MiB
2026/08/03 17:16:52.235, 69.70 W, 75, 89 %, 1446 MiB
2026/08/03 17:16:53.241, 67.87 W, 76, 88 %, 1446 MiB
2026/08/03 17:16:54.245, 69.11 W, 75, 90 %, 1446 MiB
2026/08/03 17:16:55.249, 67.37 W, 76, 89 %, 1446 MiB
2026/08/03 17:16:56.253, 69.80 W, 76, 90 %, 1446 MiB
2026/08/03 17:16:57.257, 71.49 W, 76, 88 %, 1446 MiB
2026/08/03 17:16:58.261, 72.09 W, 76, 90 %, 1446 MiB
2026/08/03 17:16:59.265, 72.43 W, 76, 88 %, 1446 MiB
2026/08/03 17:17:00.269, 70.29 W, 76, 90 %, 1446 MiB
2026/08/03 17:17:01.275, 72.12 W, 75, 88 %, 1446 MiB
2026/08/03 17:17:02.279, 69.86 W, 76, 90 %, 1446 MiB
2026/08/03 17:17:03.283, 73.21 W, 75, 89 %, 1446 MiB
2026/08/03 17:17:04.287, 69.88 W, 76, 91 %, 1446 MiB
2026/08/03 17:17:05.291, 71.03 W, 76, 89 %, 1446 MiB
2026/08/03 17:17:06.294, 74.51 W, 76, 90 %, 1446 MiB
2026/08/03 17:17:07.301, 69.90 W, 75, 89 %, 1470 MiB
2026/08/03 17:17:08.304, 43.49 W, 72, 71 %, 2660 MiB
2026/08/03 17:17:09.308, 70.29 W, 75, 43 %, 1464 MiB
2026/08/03 17:17:10.312, 73.22 W, 76, 91 %, 1464 MiB
2026/08/03 17:17:11.315, 68.80 W, 76, 88 %, 1464 MiB
2026/08/03 17:17:12.319, 76.19 W, 76, 90 %, 1464 MiB
2026/08/03 17:17:13.327, 70.04 W, 76, 89 %, 1464 MiB
2026/08/03 17:17:14.333, 74.18 W, 75, 89 %, 1464 MiB
2026/08/03 17:17:15.338, 67.73 W, 76, 89 %, 1464 MiB
2026/08/03 17:17:16.342, 76.74 W, 76, 90 %, 1464 MiB
2026/08/03 17:17:17.345, 67.48 W, 76, 89 %, 1464 MiB
2026/08/03 17:17:18.349, 77.83 W, 76, 90 %, 1464 MiB
2026/08/03 17:17:19.355, 68.52 W, 76, 89 %, 1464 MiB
2026/08/03 17:17:20.359, 69.50 W, 76, 90 %, 1464 MiB
2026/08/03 17:17:21.363, 71.35 W, 75, 89 %, 1464 MiB
2026/08/03 17:17:22.372, 74.67 W, 76, 89 %, 1464 MiB
2026/08/03 17:17:23.376, 69.24 W, 76, 89 %, 1464 MiB
2026/08/03 17:17:24.379, 75.68 W, 76, 89 %, 1464 MiB
2026/08/03 17:17:25.385, 68.28 W, 76, 88 %, 1466 MiB
2026/08/03 17:17:26.389, 75.42 W, 75, 90 %, 1466 MiB
2026/08/03 17:17:27.393, 68.48 W, 76, 89 %, 1466 MiB
2026/08/03 17:17:28.400, 77.76 W, 75, 90 %, 1466 MiB
2026/08/03 17:17:29.405, 67.85 W, 76, 88 %, 1466 MiB
2026/08/03 17:17:30.409, 78.33 W, 76, 90 %, 2106 MiB
2026/08/03 17:17:31.415, 34.38 W, 71, 90 %, 2674 MiB
2026/08/03 17:17:32.419, 76.30 W, 74, 45 %, 1444 MiB
2026/08/03 17:17:33.423, 70.00 W, 76, 67 %, 1446 MiB
2026/08/03 17:17:34.428, 75.18 W, 76, 89 %, 1446 MiB
2026/08/03 17:17:35.433, 68.24 W, 76, 88 %, 1446 MiB
2026/08/03 17:17:36.436, 69.86 W, 76, 90 %, 1446 MiB
2026/08/03 17:17:37.443, 69.18 W, 75, 88 %, 1446 MiB
2026/08/03 17:17:38.449, 72.86 W, 76, 90 %, 1446 MiB
2026/08/03 17:17:39.453, 71.18 W, 75, 89 %, 1446 MiB
2026/08/03 17:17:40.456, 75.00 W, 76, 90 %, 1446 MiB
2026/08/03 17:17:41.461, 69.63 W, 76, 88 %, 1446 MiB
2026/08/03 17:17:42.465, 76.02 W, 76, 90 %, 1446 MiB
2026/08/03 17:17:43.471, 68.86 W, 76, 89 %, 1446 MiB
2026/08/03 17:17:44.475, 75.76 W, 75, 89 %, 1446 MiB
2026/08/03 17:17:45.478, 69.86 W, 76, 90 %, 1446 MiB
2026/08/03 17:17:46.482, 75.67 W, 75, 89 %, 1446 MiB
2026/08/03 17:17:47.486, 69.20 W, 76, 90 %, 1446 MiB
2026/08/03 17:17:48.490, 76.33 W, 76, 89 %, 1446 MiB
2026/08/03 17:17:49.495, 68.19 W, 76, 90 %, 1448 MiB
2026/08/03 17:17:50.499, 75.23 W, 76, 88 %, 1448 MiB
2026/08/03 17:17:51.505, 70.43 W, 76, 90 %, 1448 MiB
2026/08/03 17:17:52.512, 73.74 W, 76, 89 %, 1448 MiB
2026/08/03 17:17:53.516, 73.11 W, 73, 89 %, 2658 MiB
2026/08/03 17:17:54.519, 34.91 W, 71, 83 %, 2658 MiB
2026/08/03 17:17:55.522, 70.36 W, 75, 31 %, 1462 MiB
2026/08/03 17:17:56.526, 70.68 W, 76, 88 %, 1466 MiB
2026/08/03 17:17:57.533, 71.24 W, 76, 89 %, 1466 MiB
2026/08/03 17:17:58.536, 70.93 W, 76, 89 %, 1466 MiB
2026/08/03 17:17:59.540, 71.10 W, 76, 90 %, 1466 MiB
2026/08/03 17:18:00.548, 71.71 W, 76, 89 %, 1466 MiB
2026/08/03 17:18:01.553, 70.32 W, 76, 90 %, 1466 MiB
2026/08/03 17:18:02.557, 76.25 W, 75, 88 %, 1466 MiB
2026/08/03 17:18:03.563, 71.50 W, 76, 90 %, 1466 MiB
2026/08/03 17:18:04.567, 74.89 W, 76, 89 %, 1466 MiB
2026/08/03 17:18:05.570, 68.28 W, 76, 90 %, 1466 MiB
2026/08/03 17:18:06.577, 69.20 W, 76, 88 %, 1466 MiB
2026/08/03 17:18:07.580, 74.04 W, 76, 90 %, 1466 MiB
2026/08/03 17:18:08.585, 69.68 W, 76, 89 %, 1466 MiB
2026/08/03 17:18:09.592, 68.82 W, 75, 89 %, 1466 MiB
2026/08/03 17:18:10.596, 74.33 W, 76, 89 %, 1466 MiB
2026/08/03 17:18:11.600, 70.28 W, 76, 88 %, 1466 MiB
2026/08/03 17:18:12.608, 75.88 W, 75, 89 %, 1466 MiB
2026/08/03 17:18:13.612, 67.73 W, 76, 88 %, 1466 MiB
2026/08/03 17:18:14.616, 76.36 W, 75, 89 %, 1466 MiB
2026/08/03 17:18:15.622, 67.96 W, 76, 89 %, 1466 MiB
2026/08/03 17:18:16.625, 66.69 W, 75, 90 %, 2680 MiB
2026/08/03 17:18:17.630, 34.75 W, 71, 74 %, 2680 MiB
2026/08/03 17:18:18.633, 76.78 W, 75, 38 %, 1466 MiB
2026/08/03 17:18:19.636, 69.25 W, 76, 89 %, 1466 MiB
2026/08/03 17:18:20.640, 76.29 W, 76, 90 %, 1466 MiB
2026/08/03 17:18:21.648, 69.15 W, 76, 88 %, 1466 MiB
2026/08/03 17:18:22.652, 71.73 W, 76, 90 %, 1466 MiB
2026/08/03 17:18:23.656, 71.68 W, 74, 89 %, 1466 MiB
2026/08/03 17:18:24.664, 72.60 W, 76, 90 %, 1466 MiB
2026/08/03 17:18:25.668, 71.32 W, 75, 89 %, 1466 MiB
2026/08/03 17:18:26.671, 74.08 W, 76, 90 %, 1466 MiB
2026/08/03 17:18:27.677, 70.20 W, 76, 89 %, 1466 MiB
2026/08/03 17:18:28.681, 76.55 W, 76, 89 %, 1466 MiB
2026/08/03 17:18:29.685, 69.41 W, 76, 90 %, 1466 MiB
2026/08/03 17:18:30.692, 76.37 W, 75, 89 %, 1466 MiB
2026/08/03 17:18:31.697, 70.72 W, 76, 90 %, 1466 MiB
2026/08/03 17:18:32.701, 76.14 W, 75, 89 %, 1466 MiB
2026/08/03 17:18:33.707, 70.16 W, 76, 91 %, 1466 MiB
2026/08/03 17:18:34.711, 75.91 W, 75, 88 %, 1466 MiB
2026/08/03 17:18:35.714, 69.42 W, 76, 90 %, 1466 MiB
2026/08/03 17:18:36.720, 75.46 W, 76, 88 %, 1466 MiB
2026/08/03 17:18:37.724, 69.16 W, 76, 90 %, 1468 MiB
2026/08/03 17:18:38.727, 68.56 W, 76, 89 %, 1468 MiB
2026/08/03 17:18:39.733, 56.58 W, 72, 89 %, 2680 MiB
2026/08/03 17:18:40.737, 68.70 W, 75, 52 %, 1440 MiB
2026/08/03 17:18:41.741, 73.62 W, 75, 61 %, 1442 MiB
2026/08/03 17:18:42.745, 68.63 W, 76, 89 %, 1442 MiB
2026/08/03 17:18:43.753, 72.19 W, 75, 90 %, 1442 MiB
2026/08/03 17:18:44.756, 67.05 W, 76, 88 %, 1442 MiB
2026/08/03 17:18:45.760, 70.71 W, 76, 90 %, 1444 MiB
2026/08/03 17:18:46.766, 69.25 W, 76, 89 %, 1444 MiB
2026/08/03 17:18:47.770, 70.12 W, 76, 90 %, 1444 MiB
2026/08/03 17:18:48.775, 73.76 W, 76, 89 %, 1444 MiB
2026/08/03 17:18:49.783, 69.28 W, 75, 90 %, 1444 MiB
2026/08/03 17:18:50.788, 74.70 W, 75, 89 %, 1444 MiB
2026/08/03 17:18:51.792, 69.84 W, 76, 90 %, 1444 MiB
2026/08/03 17:18:52.800, 75.47 W, 75, 88 %, 1444 MiB
2026/08/03 17:18:53.803, 70.85 W, 76, 90 %, 1444 MiB
2026/08/03 17:18:54.808, 68.34 W, 76, 88 %, 1444 MiB
2026/08/03 17:18:55.815, 75.70 W, 76, 90 %, 1446 MiB
2026/08/03 17:18:56.819, 68.95 W, 76, 88 %, 1446 MiB
2026/08/03 17:18:57.823, 76.12 W, 76, 90 %, 1446 MiB
2026/08/03 17:18:58.827, 67.63 W, 76, 89 %, 1446 MiB
2026/08/03 17:18:59.832, 76.37 W, 76, 90 %, 1446 MiB
2026/08/03 17:19:00.836, 69.65 W, 76, 90 %, 1446 MiB
2026/08/03 17:19:01.841, 76.15 W, 75, 90 %, 1446 MiB
2026/08/03 17:19:02.845, 73.16 W, 73, 84 %, 2656 MiB
2026/08/03 17:19:03.849, 74.36 W, 75, 31 %, 1444 MiB
2026/08/03 17:19:04.853, 71.50 W, 76, 88 %, 1444 MiB
2026/08/03 17:19:05.879, 69.55 W, 76, 91 %, 1444 MiB
2026/08/03 17:19:06.882, 69.49 W, 76, 89 %, 1444 MiB
2026/08/03 17:19:07.886, 68.60 W, 76, 90 %, 1444 MiB
2026/08/03 17:19:08.890, 69.34 W, 75, 89 %, 1444 MiB
2026/08/03 17:19:09.898, 69.50 W, 75, 90 %, 1444 MiB
2026/08/03 17:19:10.902, 69.51 W, 76, 89 %, 1444 MiB
2026/08/03 17:19:11.906, 68.70 W, 75, 90 %, 1444 MiB
2026/08/03 17:19:12.911, 70.17 W, 76, 89 %, 1444 MiB
2026/08/03 17:19:13.915, 69.67 W, 75, 91 %, 1444 MiB
2026/08/03 17:19:14.920, 75.82 W, 76, 89 %, 1444 MiB
2026/08/03 17:19:15.923, 70.58 W, 76, 89 %, 1444 MiB
2026/08/03 17:19:16.927, 75.63 W, 76, 89 %, 1444 MiB
2026/08/03 17:19:17.931, 68.54 W, 76, 90 %, 1444 MiB
2026/08/03 17:19:18.939, 76.82 W, 76, 88 %, 1444 MiB
2026/08/03 17:19:19.943, 68.08 W, 76, 90 %, 1444 MiB
2026/08/03 17:19:20.947, 76.81 W, 75, 89 %, 1444 MiB
2026/08/03 17:19:21.954, 69.14 W, 76, 90 %, 1444 MiB
2026/08/03 17:19:22.958, 76.51 W, 75, 89 %, 1444 MiB
2026/08/03 17:19:23.961, 68.50 W, 76, 91 %, 1444 MiB
2026/08/03 17:19:24.965, 77.50 W, 76, 89 %, 2090 MiB
2026/08/03 17:19:25.970, 35.14 W, 71, 71 %, 2658 MiB
2026/08/03 17:19:26.973, 72.14 W, 74, 43 %, 1442 MiB
2026/08/03 17:19:27.982, 68.70 W, 75, 90 %, 1444 MiB
2026/08/03 17:19:28.986, 70.46 W, 75, 89 %, 1444 MiB
2026/08/03 17:19:29.989, 76.34 W, 76, 90 %, 1444 MiB
2026/08/03 17:19:30.996, 70.54 W, 76, 90 %, 1444 MiB
2026/08/03 17:19:31.999, 75.55 W, 76, 90 %, 1446 MiB
2026/08/03 17:19:33.003, 70.49 W, 76, 90 %, 1446 MiB
2026/08/03 17:19:34.008, 73.38 W, 76, 89 %, 1446 MiB
2026/08/03 17:19:35.011, 70.81 W, 76, 89 %, 1446 MiB
2026/08/03 17:19:36.018, 74.52 W, 76, 89 %, 1446 MiB
2026/08/03 17:19:37.022, 68.89 W, 76, 89 %, 1446 MiB
2026/08/03 17:19:38.026, 76.54 W, 75, 90 %, 1446 MiB
2026/08/03 17:19:39.034, 67.72 W, 76, 89 %, 1446 MiB
2026/08/03 17:19:40.038, 74.80 W, 76, 90 %, 1446 MiB
2026/08/03 17:19:41.042, 68.78 W, 76, 89 %, 1446 MiB
2026/08/03 17:19:42.047, 74.44 W, 76, 90 %, 1446 MiB
2026/08/03 17:19:43.051, 69.54 W, 76, 88 %, 1446 MiB
2026/08/03 17:19:44.055, 68.34 W, 76, 91 %, 1446 MiB
2026/08/03 17:19:45.063, 72.43 W, 76, 89 %, 1446 MiB
2026/08/03 17:19:46.067, 69.67 W, 76, 91 %, 1446 MiB
2026/08/03 17:19:47.071, 73.07 W, 75, 89 %, 1446 MiB
2026/08/03 17:19:48.077, 38.11 W, 76, 86 %, 2658 MiB
2026/08/03 17:19:49.081, 34.83 W, 71, 41 %, 2658 MiB
2026/08/03 17:19:50.084, 70.39 W, 75, 76 %, 1444 MiB
2026/08/03 17:19:51.089, 75.86 W, 75, 90 %, 1444 MiB
2026/08/03 17:19:52.093, 70.19 W, 76, 89 %, 1444 MiB
2026/08/03 17:19:53.097, 76.06 W, 75, 90 %, 1444 MiB
2026/08/03 17:19:54.104, 69.79 W, 76, 89 %, 1444 MiB
2026/08/03 17:19:55.108, 75.82 W, 75, 90 %, 1444 MiB
2026/08/03 17:19:56.111, 68.32 W, 76, 89 %, 1444 MiB
2026/08/03 17:19:57.116, 75.70 W, 76, 90 %, 1444 MiB
2026/08/03 17:19:58.120, 67.84 W, 76, 89 %, 1444 MiB
2026/08/03 17:19:59.124, 67.51 W, 76, 89 %, 1444 MiB
2026/08/03 17:20:00.132, 69.68 W, 75, 89 %, 1444 MiB
2026/08/03 17:20:01.137, 70.57 W, 76, 88 %, 1446 MiB
2026/08/03 17:20:02.140, 70.86 W, 76, 90 %, 1446 MiB
2026/08/03 17:20:03.147, 74.57 W, 76, 87 %, 1446 MiB
2026/08/03 17:20:04.151, 68.57 W, 76, 89 %, 1446 MiB
2026/08/03 17:20:05.155, 75.56 W, 76, 90 %, 1446 MiB
2026/08/03 17:20:06.160, 67.65 W, 76, 90 %, 1446 MiB
2026/08/03 17:20:07.164, 75.89 W, 75, 90 %, 1446 MiB
2026/08/03 17:20:08.169, 69.09 W, 76, 89 %, 1446 MiB
2026/08/03 17:20:09.172, 76.49 W, 75, 90 %, 1446 MiB
2026/08/03 17:20:10.176, 68.86 W, 76, 89 %, 1446 MiB
2026/08/03 17:20:11.182, 43.37 W, 73, 91 %, 2656 MiB
2026/08/03 17:20:12.185, 66.85 W, 75, 74 %, 1462 MiB
2026/08/03 17:20:13.189, 69.54 W, 75, 41 %, 1464 MiB
2026/08/03 17:20:14.194, 75.43 W, 76, 89 %, 1464 MiB
2026/08/03 17:20:15.198, 70.35 W, 75, 90 %, 1464 MiB
2026/08/03 17:20:16.202, 76.22 W, 76, 89 %, 1464 MiB
2026/08/03 17:20:17.209, 70.77 W, 76, 90 %, 1466 MiB
2026/08/03 17:20:18.212, 74.74 W, 76, 89 %, 1466 MiB
2026/08/03 17:20:19.216, 71.67 W, 77, 90 %, 1466 MiB
2026/08/03 17:20:20.222, 72.73 W, 76, 89 %, 1466 MiB
2026/08/03 17:20:21.226, 70.02 W, 76, 89 %, 1466 MiB
2026/08/03 17:20:22.230, 73.41 W, 76, 89 %, 1466 MiB
2026/08/03 17:20:23.235, 70.67 W, 76, 90 %, 1466 MiB
2026/08/03 17:20:24.239, 74.80 W, 76, 89 %, 1466 MiB
2026/08/03 17:20:25.245, 69.96 W, 76, 90 %, 1466 MiB
2026/08/03 17:20:26.249, 76.52 W, 75, 89 %, 1466 MiB
2026/08/03 17:20:27.252, 70.63 W, 76, 90 %, 1466 MiB
2026/08/03 17:20:28.257, 72.74 W, 76, 89 %, 1466 MiB
2026/08/03 17:20:29.260, 75.28 W, 76, 90 %, 1466 MiB
2026/08/03 17:20:30.264, 69.01 W, 76, 89 %, 1466 MiB
2026/08/03 17:20:31.272, 76.85 W, 76, 91 %, 1466 MiB
2026/08/03 17:20:32.276, 69.38 W, 76, 89 %, 1466 MiB
2026/08/03 17:20:33.280, 74.63 W, 76, 91 %, 1466 MiB
2026/08/03 17:20:34.287, 71.68 W, 73, 89 %, 2678 MiB
2026/08/03 17:20:35.290, 73.58 W, 75, 58 %, 1464 MiB
2026/08/03 17:20:36.294, 69.92 W, 76, 57 %, 1464 MiB
2026/08/03 17:20:37.300, 72.39 W, 76, 89 %, 1466 MiB
2026/08/03 17:20:38.304, 69.98 W, 76, 90 %, 1466 MiB
2026/08/03 17:20:39.307, 70.61 W, 76, 89 %, 1466 MiB
2026/08/03 17:20:40.313, 69.59 W, 76, 91 %, 1466 MiB
2026/08/03 17:20:41.318, 68.63 W, 76, 89 %, 1466 MiB
2026/08/03 17:20:42.322, 70.20 W, 76, 91 %, 1466 MiB
2026/08/03 17:20:43.327, 72.40 W, 75, 89 %, 1466 MiB
2026/08/03 17:20:44.331, 69.36 W, 76, 90 %, 1466 MiB
2026/08/03 17:20:45.335, 69.69 W, 76, 89 %, 1466 MiB
2026/08/03 17:20:46.339, 76.76 W, 76, 90 %, 1466 MiB
2026/08/03 17:20:47.343, 71.42 W, 76, 89 %, 1466 MiB
2026/08/03 17:20:48.346, 76.24 W, 76, 90 %, 1466 MiB
2026/08/03 17:20:49.350, 68.68 W, 76, 89 %, 1466 MiB
2026/08/03 17:20:50.354, 75.23 W, 76, 90 %, 1466 MiB
2026/08/03 17:20:51.358, 68.87 W, 76, 89 %, 1466 MiB
2026/08/03 17:20:52.365, 74.70 W, 76, 90 %, 1466 MiB
2026/08/03 17:20:53.369, 69.54 W, 76, 89 %, 1466 MiB
2026/08/03 17:20:54.373, 74.90 W, 76, 90 %, 1466 MiB
2026/08/03 17:20:55.379, 68.37 W, 76, 89 %, 1466 MiB
2026/08/03 17:20:56.383, 76.53 W, 76, 90 %, 2110 MiB
2026/08/03 17:20:57.387, 35.15 W, 71, 83 %, 2678 MiB
2026/08/03 17:20:58.390, 70.00 W, 75, 31 %, 1462 MiB
2026/08/03 17:20:59.394, 72.00 W, 76, 89 %, 1462 MiB
2026/08/03 17:21:00.398, 68.74 W, 75, 90 %, 1462 MiB
2026/08/03 17:21:01.405, 73.36 W, 76, 89 %, 1462 MiB
2026/08/03 17:21:02.409, 70.78 W, 75, 90 %, 1462 MiB
2026/08/03 17:21:03.412, 69.21 W, 76, 89 %, 1464 MiB
2026/08/03 17:21:04.416, 71.57 W, 75, 91 %, 1464 MiB
2026/08/03 17:21:05.420, 68.54 W, 76, 89 %, 1464 MiB
2026/08/03 17:21:06.425, 71.66 W, 76, 90 %, 1464 MiB
2026/08/03 17:21:07.428, 68.36 W, 76, 89 %, 1466 MiB
2026/08/03 17:21:08.432, 70.82 W, 76, 90 %, 1466 MiB
2026/08/03 17:21:09.436, 69.97 W, 76, 90 %, 1466 MiB
2026/08/03 17:21:10.440, 74.79 W, 76, 90 %, 1466 MiB
2026/08/03 17:21:11.447, 70.47 W, 76, 90 %, 1466 MiB
2026/08/03 17:21:12.452, 73.52 W, 76, 89 %, 1466 MiB
2026/08/03 17:21:13.457, 68.47 W, 76, 90 %, 1466 MiB
2026/08/03 17:21:14.466, 69.61 W, 76, 89 %, 1466 MiB
2026/08/03 17:21:15.470, 70.42 W, 75, 90 %, 1466 MiB
2026/08/03 17:21:16.474, 70.31 W, 76, 89 %, 1466 MiB
2026/08/03 17:21:17.479, 70.70 W, 75, 90 %, 1466 MiB
2026/08/03 17:21:18.483, 70.34 W, 76, 89 %, 1466 MiB
2026/08/03 17:21:19.487, 58.65 W, 75, 90 %, 2678 MiB
2026/08/03 17:21:20.493, 34.85 W, 71, 67 %, 760 MiB
2026/08/03 17:21:21.500, 76.54 W, 75, 48 %, 1464 MiB
2026/08/03 17:21:22.503, 67.64 W, 76, 89 %, 1464 MiB
2026/08/03 17:21:23.507, 76.61 W, 75, 90 %, 1464 MiB
2026/08/03 17:21:24.511, 69.21 W, 76, 89 %, 1464 MiB
2026/08/03 17:21:25.515, 76.69 W, 76, 90 %, 1464 MiB
2026/08/03 17:21:26.519, 68.93 W, 76, 89 %, 1464 MiB
2026/08/03 17:21:27.524, 76.92 W, 76, 90 %, 1464 MiB
2026/08/03 17:21:28.528, 68.87 W, 76, 89 %, 1464 MiB
2026/08/03 17:21:29.533, 76.64 W, 76, 90 %, 1464 MiB
2026/08/03 17:21:30.538, 69.05 W, 76, 89 %, 1464 MiB
2026/08/03 17:21:31.541, 68.95 W, 76, 90 %, 1464 MiB
2026/08/03 17:21:32.547, 68.96 W, 75, 89 %, 1466 MiB
2026/08/03 17:21:33.551, 72.83 W, 76, 89 %, 1466 MiB
2026/08/03 17:21:34.555, 71.73 W, 76, 89 %, 1466 MiB
2026/08/03 17:21:35.560, 74.26 W, 76, 90 %, 1466 MiB
2026/08/03 17:21:36.564, 70.81 W, 76, 88 %, 1466 MiB
2026/08/03 17:21:37.568, 76.24 W, 76, 91 %, 1466 MiB
2026/08/03 17:21:38.574, 69.37 W, 76, 89 %, 1466 MiB
2026/08/03 17:21:39.579, 76.53 W, 76, 90 %, 1466 MiB
2026/08/03 17:21:40.583, 69.60 W, 76, 89 %, 1466 MiB
2026/08/03 17:21:41.588, 75.74 W, 75, 90 %, 1466 MiB
2026/08/03 17:21:42.591, 48.87 W, 75, 84 %, 2678 MiB
2026/08/03 17:21:43.596, 67.79 W, 75, 41 %, 1442 MiB
2026/08/03 17:21:44.600, 71.81 W, 76, 78 %, 1442 MiB
2026/08/03 17:21:45.604, 66.85 W, 74, 90 %, 1446 MiB
2026/08/03 17:21:46.608, 76.04 W, 76, 88 %, 1446 MiB
2026/08/03 17:21:47.615, 69.16 W, 76, 89 %, 1446 MiB
2026/08/03 17:21:48.622, 76.41 W, 76, 88 %, 1446 MiB
2026/08/03 17:21:49.625, 68.12 W, 76, 90 %, 1446 MiB
2026/08/03 17:21:50.630, 77.54 W, 75, 89 %, 1446 MiB
2026/08/03 17:21:51.636, 67.42 W, 76, 89 %, 1446 MiB
2026/08/03 17:21:52.640, 76.16 W, 75, 89 %, 1446 MiB
2026/08/03 17:21:53.645, 67.83 W, 76, 90 %, 1446 MiB
2026/08/03 17:21:54.650, 73.92 W, 76, 89 %, 1446 MiB
2026/08/03 17:21:55.654, 68.19 W, 76, 89 %, 1446 MiB
2026/08/03 17:21:56.657, 69.59 W, 76, 89 %, 1446 MiB
2026/08/03 17:21:57.662, 70.97 W, 75, 88 %, 1446 MiB
2026/08/03 17:21:58.665, 71.55 W, 76, 90 %, 1446 MiB
2026/08/03 17:21:59.671, 74.42 W, 75, 89 %, 1446 MiB
2026/08/03 17:22:00.674, 70.54 W, 76, 90 %, 1446 MiB
2026/08/03 17:22:01.678, 66.80 W, 76, 89 %, 1446 MiB
2026/08/03 17:22:02.682, 78.03 W, 76, 90 %, 1446 MiB
2026/08/03 17:22:03.686, 68.90 W, 76, 89 %, 1446 MiB
2026/08/03 17:22:04.690, 76.58 W, 75, 90 %, 1446 MiB
2026/08/03 17:22:05.697, 74.32 W, 73, 75 %, 2658 MiB
2026/08/03 17:22:06.700, 76.07 W, 75, 38 %, 1464 MiB
2026/08/03 17:22:07.704, 68.53 W, 75, 88 %, 1464 MiB
2026/08/03 17:22:08.708, 76.00 W, 75, 90 %, 1464 MiB
2026/08/03 17:22:09.713, 68.09 W, 76, 88 %, 1464 MiB
2026/08/03 17:22:10.717, 77.82 W, 76, 90 %, 1464 MiB
2026/08/03 17:22:11.720, 66.88 W, 75, 88 %, 1464 MiB
2026/08/03 17:22:12.724, 73.89 W, 76, 89 %, 1464 MiB
2026/08/03 17:22:13.732, 68.60 W, 76, 89 %, 1464 MiB
2026/08/03 17:22:14.736, 71.02 W, 76, 90 %, 1464 MiB
2026/08/03 17:22:15.741, 69.37 W, 75, 89 %, 1466 MiB
2026/08/03 17:22:16.748, 76.08 W, 76, 88 %, 1466 MiB
2026/08/03 17:22:17.752, 69.44 W, 76, 90 %, 1466 MiB
2026/08/03 17:22:18.755, 76.22 W, 76, 88 %, 1466 MiB
2026/08/03 17:22:19.761, 69.32 W, 76, 89 %, 1466 MiB
2026/08/03 17:22:20.766, 75.71 W, 75, 89 %, 1466 MiB
2026/08/03 17:22:21.770, 68.82 W, 76, 90 %, 1466 MiB
2026/08/03 17:22:22.777, 71.94 W, 75, 88 %, 1466 MiB
2026/08/03 17:22:23.780, 68.00 W, 76, 90 %, 1466 MiB
2026/08/03 17:22:24.784, 69.67 W, 76, 89 %, 1466 MiB
2026/08/03 17:22:25.790, 67.78 W, 76, 91 %, 1466 MiB
2026/08/03 17:22:26.794, 72.17 W, 76, 89 %, 1466 MiB
2026/08/03 17:22:27.799, 65.88 W, 76, 90 %, 1494 MiB
2026/08/03 17:22:28.805, 38.15 W, 72, 66 %, 2682 MiB
2026/08/03 17:22:29.808, 69.08 W, 75, 46 %, 1444 MiB
2026/08/03 17:22:30.812, 73.22 W, 76, 89 %, 1444 MiB
2026/08/03 17:22:31.818, 68.86 W, 75, 90 %, 1444 MiB
2026/08/03 17:22:32.823, 76.48 W, 76, 88 %, 1444 MiB
2026/08/03 17:22:33.827, 70.44 W, 76, 89 %, 1444 MiB
2026/08/03 17:22:34.832, 76.84 W, 76, 89 %, 1444 MiB
2026/08/03 17:22:35.835, 69.08 W, 76, 89 %, 1444 MiB
2026/08/03 17:22:36.839, 75.29 W, 75, 90 %, 1444 MiB
2026/08/03 17:22:37.845, 70.19 W, 76, 89 %, 1444 MiB
2026/08/03 17:22:38.849, 75.33 W, 75, 89 %, 1444 MiB
2026/08/03 17:22:39.853, 66.44 W, 76, 88 %, 1444 MiB
2026/08/03 17:22:40.860, 70.42 W, 76, 89 %, 1444 MiB
2026/08/03 17:22:41.864, 70.73 W, 75, 89 %, 1444 MiB
2026/08/03 17:22:42.868, 71.35 W, 76, 89 %, 1444 MiB
2026/08/03 17:22:43.872, 74.71 W, 75, 90 %, 1446 MiB
2026/08/03 17:22:44.876, 69.26 W, 76, 88 %, 1446 MiB
2026/08/03 17:22:45.881, 74.61 W, 76, 89 %, 1446 MiB
2026/08/03 17:22:46.885, 73.57 W, 75, 89 %, 1446 MiB
2026/08/03 17:22:47.889, 69.85 W, 76, 89 %, 1446 MiB
2026/08/03 17:22:48.896, 70.54 W, 75, 90 %, 1446 MiB
2026/08/03 17:22:49.899, 67.57 W, 76, 88 %, 1446 MiB
2026/08/03 17:22:50.903, 75.47 W, 76, 90 %, 2092 MiB
2026/08/03 17:22:51.909, 35.15 W, 71, 89 %, 2660 MiB
2026/08/03 17:22:52.912, 74.25 W, 75, 44 %, 1442 MiB
2026/08/03 17:22:53.916, 67.91 W, 76, 71 %, 1446 MiB
2026/08/03 17:22:54.922, 74.92 W, 75, 88 %, 1446 MiB
2026/08/03 17:22:55.926, 68.81 W, 76, 90 %, 1448 MiB
2026/08/03 17:22:56.930, 76.67 W, 75, 88 %, 1448 MiB
2026/08/03 17:22:57.935, 67.06 W, 76, 90 %, 1448 MiB
2026/08/03 17:22:58.939, 74.74 W, 75, 89 %, 1448 MiB
2026/08/03 17:22:59.944, 68.88 W, 75, 89 %, 1448 MiB
2026/08/03 17:23:00.949, 72.08 W, 76, 90 %, 1448 MiB
2026/08/03 17:23:01.953, 68.81 W, 75, 89 %, 1448 MiB
2026/08/03 17:23:02.957, 74.63 W, 76, 90 %, 1448 MiB
2026/08/03 17:23:03.961, 69.24 W, 76, 89 %, 1448 MiB
2026/08/03 17:23:04.964, 76.16 W, 76, 90 %, 1448 MiB
2026/08/03 17:23:05.968, 69.19 W, 76, 89 %, 1448 MiB
2026/08/03 17:23:06.972, 75.36 W, 75, 89 %, 1448 MiB
2026/08/03 17:23:07.976, 67.68 W, 76, 89 %, 1448 MiB
2026/08/03 17:23:08.981, 76.69 W, 75, 90 %, 1448 MiB
2026/08/03 17:23:09.985, 68.24 W, 76, 88 %, 1448 MiB
2026/08/03 17:23:10.989, 75.50 W, 76, 89 %, 1448 MiB
2026/08/03 17:23:11.995, 68.92 W, 76, 89 %, 1448 MiB
2026/08/03 17:23:12.999, 71.29 W, 76, 90 %, 1448 MiB
2026/08/03 17:23:14.003, 38.97 W, 73, 88 %, 2658 MiB
2026/08/03 17:23:15.009, 34.74 W, 71, 81 %, 2658 MiB
2026/08/03 17:23:16.012, 68.18 W, 75, 32 %, 1462 MiB
2026/08/03 17:23:17.016, 67.11 W, 76, 90 %, 1464 MiB
2026/08/03 17:23:18.023, 71.38 W, 75, 88 %, 1464 MiB
2026/08/03 17:23:19.027, 69.92 W, 76, 90 %, 1464 MiB
2026/08/03 17:23:20.030, 69.98 W, 75, 88 %, 1466 MiB
2026/08/03 17:23:21.038, 74.26 W, 76, 90 %, 1466 MiB
2026/08/03 17:23:22.042, 69.81 W, 76, 89 %, 1466 MiB
2026/08/03 17:23:23.045, 75.64 W, 76, 90 %, 1466 MiB
2026/08/03 17:23:24.053, 69.69 W, 76, 89 %, 1466 MiB
2026/08/03 17:23:25.058, 76.65 W, 75, 89 %, 1466 MiB
2026/08/03 17:23:26.062, 69.98 W, 76, 90 %, 1466 MiB
2026/08/03 17:23:27.070, 75.95 W, 75, 88 %, 1466 MiB
2026/08/03 17:23:28.073, 68.55 W, 76, 90 %, 1466 MiB
2026/08/03 17:23:29.077, 75.43 W, 76, 89 %, 1466 MiB
2026/08/03 17:23:30.082, 68.17 W, 76, 90 %, 1466 MiB
2026/08/03 17:23:31.086, 75.26 W, 76, 88 %, 1466 MiB
2026/08/03 17:23:32.092, 68.11 W, 76, 90 %, 1466 MiB
2026/08/03 17:23:33.100, 71.35 W, 76, 88 %, 1466 MiB
2026/08/03 17:23:34.105, 68.31 W, 75, 90 %, 1466 MiB
2026/08/03 17:23:35.108, 75.83 W, 76, 88 %, 1466 MiB
2026/08/03 17:23:36.113, 70.65 W, 76, 90 %, 1466 MiB
2026/08/03 17:23:37.117, 79.51 W, 75, 89 %, 2674 MiB
2026/08/03 17:23:38.120, 45.75 W, 73, 72 %, 1442 MiB
2026/08/03 17:23:39.135, 68.53 W, 75, 42 %, 1444 MiB
2026/08/03 17:23:40.141, 75.02 W, 75, 90 %, 1444 MiB
2026/08/03 17:23:41.144, 68.98 W, 76, 88 %, 1444 MiB
2026/08/03 17:23:42.148, 72.41 W, 76, 91 %, 1444 MiB
2026/08/03 17:23:43.153, 67.22 W, 76, 89 %, 1444 MiB
2026/08/03 17:23:44.157, 70.52 W, 75, 90 %, 1444 MiB
2026/08/03 17:23:45.161, 69.35 W, 75, 88 %, 1446 MiB
2026/08/03 17:23:46.167, 71.70 W, 76, 90 %, 1446 MiB
2026/08/03 17:23:47.172, 72.62 W, 74, 88 %, 1446 MiB
2026/08/03 17:23:48.176, 70.76 W, 76, 89 %, 1446 MiB
2026/08/03 17:23:49.182, 77.31 W, 76, 89 %, 1446 MiB
2026/08/03 17:23:50.185, 77.07 W, 76, 90 %, 1446 MiB
2026/08/03 17:23:51.189, 67.73 W, 76, 89 %, 1446 MiB
2026/08/03 17:23:52.196, 77.22 W, 76, 90 %, 1446 MiB
2026/08/03 17:23:53.200, 67.13 W, 76, 88 %, 1446 MiB
2026/08/03 17:23:54.205, 75.30 W, 76, 90 %, 1446 MiB
2026/08/03 17:23:55.212, 68.16 W, 76, 89 %, 1446 MiB
2026/08/03 17:23:56.218, 68.75 W, 75, 89 %, 1446 MiB
2026/08/03 17:23:57.221, 73.37 W, 76, 89 %, 1446 MiB
2026/08/03 17:23:58.225, 69.00 W, 76, 88 %, 1446 MiB
2026/08/03 17:23:59.232, 74.44 W, 76, 90 %, 1446 MiB
2026/08/03 17:24:00.236, 55.49 W, 75, 89 %, 2658 MiB
2026/08/03 17:24:01.240, 69.61 W, 74, 45 %, 1446 MiB
2026/08/03 17:24:02.245, 73.91 W, 75, 67 %, 1446 MiB
2026/08/03 17:24:03.249, 68.34 W, 75, 90 %, 1446 MiB
2026/08/03 17:24:04.253, 70.45 W, 76, 89 %, 1446 MiB
2026/08/03 17:24:05.257, 68.38 W, 74, 90 %, 1446 MiB
2026/08/03 17:24:06.261, 76.77 W, 76, 89 %, 1446 MiB
2026/08/03 17:24:07.267, 70.52 W, 76, 90 %, 1446 MiB
2026/08/03 17:24:08.271, 75.36 W, 76, 88 %, 1446 MiB
2026/08/03 17:24:09.275, 67.91 W, 76, 90 %, 1446 MiB
2026/08/03 17:24:10.282, 77.24 W, 75, 88 %, 1446 MiB
2026/08/03 17:24:11.286, 68.87 W, 76, 90 %, 1446 MiB
2026/08/03 17:24:12.290, 76.83 W, 75, 88 %, 1446 MiB
2026/08/03 17:24:13.296, 69.25 W, 76, 90 %, 1446 MiB
2026/08/03 17:24:14.300, 75.12 W, 76, 89 %, 1446 MiB
2026/08/03 17:24:15.304, 67.20 W, 76, 90 %, 1446 MiB
2026/08/03 17:24:16.311, 72.85 W, 76, 89 %, 1446 MiB
2026/08/03 17:24:17.315, 68.57 W, 76, 90 %, 1446 MiB
2026/08/03 17:24:18.319, 70.66 W, 76, 89 %, 1446 MiB
2026/08/03 17:24:19.326, 71.33 W, 75, 89 %, 1446 MiB
2026/08/03 17:24:20.329, 70.65 W, 76, 89 %, 1446 MiB
2026/08/03 17:24:21.333, 67.25 W, 76, 88 %, 1446 MiB
2026/08/03 17:24:22.340, 75.57 W, 76, 90 %, 1446 MiB
2026/08/03 17:24:23.344, 72.90 W, 72, 83 %, 2662 MiB
2026/08/03 17:24:24.347, 73.68 W, 75, 30 %, 1462 MiB
2026/08/03 17:24:25.353, 70.18 W, 75, 90 %, 1466 MiB
2026/08/03 17:24:26.356, 74.13 W, 76, 88 %, 1466 MiB
2026/08/03 17:24:27.360, 71.38 W, 76, 90 %, 1466 MiB
2026/08/03 17:24:28.364, 75.55 W, 75, 89 %, 1466 MiB
2026/08/03 17:24:29.368, 69.75 W, 76, 89 %, 1466 MiB
2026/08/03 17:24:30.371, 73.93 W, 75, 90 %, 1466 MiB
2026/08/03 17:24:31.378, 69.19 W, 76, 89 %, 1466 MiB
2026/08/03 17:24:32.382, 76.44 W, 75, 90 %, 1466 MiB
2026/08/03 17:24:33.386, 68.64 W, 76, 88 %, 1466 MiB
2026/08/03 17:24:34.390, 76.44 W, 76, 90 %, 1466 MiB
2026/08/03 17:24:35.394, 69.23 W, 75, 88 %, 1466 MiB
2026/08/03 17:24:36.399, 72.64 W, 76, 90 %, 1466 MiB
2026/08/03 17:24:37.403, 70.26 W, 75, 88 %, 1466 MiB
2026/08/03 17:24:38.406, 74.32 W, 76, 90 %, 1466 MiB
2026/08/03 17:24:39.414, 71.56 W, 76, 89 %, 1466 MiB
2026/08/03 17:24:40.418, 75.37 W, 76, 90 %, 1466 MiB
2026/08/03 17:24:41.422, 70.63 W, 76, 88 %, 1466 MiB
2026/08/03 17:24:42.428, 75.79 W, 76, 90 %, 1466 MiB
2026/08/03 17:24:43.432, 68.95 W, 76, 89 %, 1466 MiB
2026/08/03 17:24:44.436, 76.67 W, 75, 90 %, 1466 MiB
2026/08/03 17:24:45.444, 67.04 W, 76, 89 %, 2110 MiB
2026/08/03 17:24:46.449, 38.05 W, 71, 73 %, 2678 MiB
2026/08/03 17:24:47.452, 70.53 W, 75, 41 %, 1442 MiB
2026/08/03 17:24:48.457, 70.61 W, 75, 90 %, 1442 MiB
2026/08/03 17:24:49.466, 70.24 W, 76, 88 %, 1444 MiB
2026/08/03 17:24:50.470, 76.36 W, 75, 90 %, 1444 MiB
2026/08/03 17:24:51.473, 69.69 W, 75, 89 %, 1444 MiB
2026/08/03 17:24:52.478, 68.01 W, 76, 90 %, 1444 MiB
2026/08/03 17:24:53.481, 77.05 W, 76, 88 %, 1444 MiB
2026/08/03 17:24:54.487, 68.13 W, 75, 90 %, 1444 MiB
2026/08/03 17:24:55.492, 75.25 W, 75, 89 %, 1444 MiB
2026/08/03 17:24:56.495, 68.11 W, 76, 89 %, 1444 MiB
2026/08/03 17:24:57.502, 69.73 W, 75, 89 %, 1444 MiB
2026/08/03 17:24:58.506, 69.06 W, 76, 89 %, 1444 MiB
2026/08/03 17:24:59.509, 68.72 W, 76, 89 %, 1446 MiB
2026/08/03 17:25:00.516, 76.45 W, 75, 88 %, 1446 MiB
2026/08/03 17:25:01.520, 68.78 W, 76, 90 %, 1446 MiB
2026/08/03 17:25:02.524, 74.94 W, 75, 88 %, 1446 MiB
2026/08/03 17:25:03.528, 68.10 W, 76, 90 %, 1446 MiB
2026/08/03 17:25:04.532, 76.20 W, 76, 89 %, 1446 MiB
2026/08/03 17:25:05.536, 68.25 W, 76, 90 %, 1446 MiB
2026/08/03 17:25:06.543, 76.10 W, 76, 89 %, 1446 MiB
2026/08/03 17:25:07.547, 70.81 W, 75, 90 %, 1446 MiB
2026/08/03 17:25:08.551, 80.29 W, 74, 89 %, 2658 MiB
2026/08/03 17:25:09.555, 35.09 W, 71, 48 %, 2658 MiB
2026/08/03 17:25:10.558, 66.97 W, 75, 65 %, 1442 MiB
2026/08/03 17:25:11.562, 73.34 W, 75, 90 %, 1442 MiB
2026/08/03 17:25:12.568, 69.65 W, 76, 89 %, 1446 MiB
2026/08/03 17:25:13.572, 73.39 W, 75, 90 %, 1446 MiB
2026/08/03 17:25:14.576, 68.61 W, 76, 88 %, 1446 MiB
2026/08/03 17:25:15.581, 69.11 W, 76, 90 %, 1446 MiB
2026/08/03 17:25:16.584, 69.85 W, 75, 89 %, 1446 MiB
2026/08/03 17:25:17.588, 70.54 W, 75, 89 %, 1446 MiB
2026/08/03 17:25:18.595, 76.29 W, 74, 89 %, 1446 MiB
2026/08/03 17:25:19.600, 70.64 W, 76, 88 %, 1446 MiB
2026/08/03 17:25:20.603, 75.56 W, 76, 90 %, 1446 MiB
2026/08/03 17:25:21.608, 69.30 W, 76, 89 %, 1446 MiB
2026/08/03 17:25:22.611, 75.43 W, 76, 90 %, 1446 MiB
2026/08/03 17:25:23.615, 71.86 W, 75, 90 %, 1446 MiB
2026/08/03 17:25:24.623, 68.37 W, 76, 88 %, 1446 MiB
2026/08/03 17:25:25.627, 71.18 W, 75, 90 %, 1446 MiB
2026/08/03 17:25:26.632, 68.68 W, 76, 89 %, 1446 MiB
2026/08/03 17:25:27.637, 68.61 W, 75, 90 %, 1446 MiB
2026/08/03 17:25:28.640, 72.32 W, 76, 89 %, 1446 MiB
2026/08/03 17:25:29.644, 71.01 W, 76, 90 %, 1446 MiB
2026/08/03 17:25:30.649, 69.82 W, 76, 89 %, 1446 MiB
2026/08/03 17:25:31.653, 56.31 W, 75, 90 %, 2658 MiB
2026/08/03 17:25:32.658, 34.72 W, 70, 83 %, 2658 MiB
2026/08/03 17:25:33.661, 75.60 W, 75, 31 %, 1468 MiB
2026/08/03 17:25:34.664, 69.12 W, 76, 88 %, 1468 MiB
2026/08/03 17:25:35.672, 76.00 W, 76, 90 %, 1468 MiB
2026/08/03 17:25:36.675, 68.23 W, 75, 88 %, 1468 MiB
2026/08/03 17:25:37.680, 67.56 W, 75, 90 %, 1468 MiB
2026/08/03 17:25:38.687, 71.11 W, 75, 88 %, 1468 MiB
2026/08/03 17:25:39.691, 69.89 W, 76, 90 %, 1468 MiB
2026/08/03 17:25:40.696, 69.96 W, 75, 88 %, 1468 MiB
2026/08/03 17:25:41.700, 75.84 W, 76, 90 %, 1468 MiB
2026/08/03 17:25:42.703, 70.93 W, 76, 88 %, 1468 MiB
2026/08/03 17:25:43.708, 74.38 W, 76, 90 %, 1468 MiB
2026/08/03 17:25:44.711, 70.69 W, 75, 89 %, 1468 MiB
2026/08/03 17:25:45.716, 75.21 W, 75, 90 %, 1468 MiB
2026/08/03 17:25:46.723, 70.86 W, 76, 88 %, 1468 MiB
2026/08/03 17:25:47.727, 74.50 W, 75, 90 %, 1468 MiB
2026/08/03 17:25:48.730, 68.26 W, 76, 88 %, 1468 MiB
2026/08/03 17:25:49.738, 76.12 W, 76, 89 %, 1468 MiB
2026/08/03 17:25:50.742, 68.89 W, 76, 89 %, 1468 MiB
2026/08/03 17:25:51.746, 75.48 W, 75, 90 %, 1468 MiB
2026/08/03 17:25:52.753, 68.57 W, 75, 89 %, 1468 MiB
2026/08/03 17:25:53.757, 72.01 W, 76, 89 %, 1468 MiB
2026/08/03 17:25:54.761, 61.81 W, 72, 90 %, 2678 MiB
2026/08/03 17:25:55.764, 64.50 W, 74, 73 %, 1442 MiB
2026/08/03 17:25:56.770, 72.14 W, 75, 38 %, 1442 MiB
2026/08/03 17:25:57.774, 67.09 W, 75, 90 %, 1444 MiB
2026/08/03 17:25:58.779, 69.76 W, 75, 89 %, 1444 MiB
2026/08/03 17:25:59.783, 70.21 W, 75, 90 %, 1444 MiB
2026/08/03 17:26:00.787, 71.54 W, 76, 90 %, 1444 MiB
2026/08/03 17:26:01.791, 71.78 W, 75, 89 %, 1444 MiB
2026/08/03 17:26:02.795, 70.23 W, 75, 90 %, 1444 MiB
2026/08/03 17:26:03.800, 74.26 W, 75, 88 %, 1444 MiB
2026/08/03 17:26:04.805, 69.86 W, 76, 90 %, 1444 MiB
2026/08/03 17:26:05.809, 74.92 W, 75, 88 %, 1444 MiB
2026/08/03 17:26:06.812, 68.31 W, 75, 89 %, 1444 MiB
2026/08/03 17:26:07.818, 76.61 W, 76, 88 %, 1444 MiB
2026/08/03 17:26:08.823, 69.77 W, 75, 90 %, 1446 MiB
2026/08/03 17:26:09.826, 70.84 W, 76, 88 %, 1446 MiB
2026/08/03 17:26:10.832, 71.22 W, 75, 90 %, 1446 MiB
2026/08/03 17:26:11.836, 73.41 W, 75, 89 %, 1446 MiB
2026/08/03 17:26:12.839, 68.14 W, 76, 89 %, 1446 MiB
2026/08/03 17:26:13.844, 76.22 W, 75, 90 %, 1446 MiB
2026/08/03 17:26:14.848, 70.16 W, 75, 88 %, 1446 MiB
2026/08/03 17:26:15.853, 75.50 W, 75, 90 %, 1446 MiB
2026/08/03 17:26:16.858, 68.01 W, 76, 89 %, 1446 MiB
2026/08/03 17:26:17.862, 76.72 W, 75, 89 %, 2658 MiB
2026/08/03 17:26:18.867, 69.67 W, 74, 51 %, 1442 MiB
2026/08/03 17:26:19.873, 71.00 W, 75, 62 %, 1444 MiB
2026/08/03 17:26:20.877, 70.36 W, 76, 89 %, 1444 MiB
2026/08/03 17:26:21.881, 73.86 W, 74, 89 %, 1444 MiB
2026/08/03 17:26:22.889, 70.35 W, 76, 90 %, 1444 MiB
2026/08/03 17:26:23.893, 69.77 W, 75, 89 %, 1446 MiB
2026/08/03 17:26:24.896, 74.74 W, 76, 89 %, 1446 MiB
2026/08/03 17:26:25.905, 67.70 W, 76, 90 %, 1446 MiB
2026/08/03 17:26:26.908, 77.37 W, 75, 89 %, 1446 MiB
2026/08/03 17:26:27.912, 68.55 W, 75, 90 %, 1446 MiB
2026/08/03 17:26:28.921, 75.40 W, 75, 88 %, 1446 MiB
2026/08/03 17:26:29.925, 70.24 W, 76, 89 %, 1446 MiB
2026/08/03 17:26:30.929, 73.56 W, 75, 89 %, 1446 MiB
2026/08/03 17:26:31.934, 69.96 W, 75, 90 %, 1446 MiB
2026/08/03 17:26:32.938, 71.54 W, 76, 88 %, 1446 MiB
2026/08/03 17:26:33.942, 66.41 W, 75, 90 %, 1446 MiB
2026/08/03 17:26:34.948, 71.54 W, 75, 88 %, 1446 MiB
2026/08/03 17:26:35.952, 72.61 W, 75, 90 %, 1446 MiB
2026/08/03 17:26:36.956, 69.64 W, 76, 88 %, 1446 MiB
2026/08/03 17:26:37.962, 75.42 W, 75, 90 %, 1446 MiB
2026/08/03 17:26:38.966, 69.84 W, 76, 89 %, 1446 MiB
2026/08/03 17:26:39.970, 68.02 W, 75, 90 %, 1466 MiB
2026/08/03 17:26:40.975, 44.65 W, 72, 83 %, 2654 MiB
2026/08/03 17:26:41.978, 69.67 W, 74, 31 %, 1444 MiB
2026/08/03 17:26:42.981, 74.08 W, 75, 87 %, 1446 MiB
2026/08/03 17:26:43.987, 69.46 W, 75, 90 %, 1446 MiB
2026/08/03 17:26:44.991, 76.09 W, 75, 88 %, 1446 MiB
2026/08/03 17:26:45.995, 67.76 W, 75, 90 %, 1446 MiB
2026/08/03 17:26:47.002, 75.76 W, 75, 88 %, 1446 MiB
2026/08/03 17:26:48.007, 69.21 W, 76, 89 %, 1446 MiB
2026/08/03 17:26:49.010, 75.19 W, 76, 89 %, 1446 MiB
2026/08/03 17:26:50.014, 67.14 W, 75, 89 %, 1446 MiB
2026/08/03 17:26:51.018, 74.59 W, 76, 90 %, 1446 MiB
2026/08/03 17:26:52.022, 68.92 W, 75, 88 %, 1446 MiB
2026/08/03 17:26:53.031, 67.76 W, 76, 90 %, 1446 MiB
2026/08/03 17:26:54.035, 70.79 W, 75, 88 %, 1446 MiB
2026/08/03 17:26:55.038, 69.02 W, 76, 90 %, 1446 MiB
2026/08/03 17:26:56.044, 69.08 W, 76, 89 %, 1446 MiB
2026/08/03 17:26:57.048, 76.54 W, 76, 90 %, 1446 MiB
2026/08/03 17:26:58.052, 68.40 W, 76, 89 %, 1446 MiB
2026/08/03 17:26:59.060, 76.19 W, 75, 89 %, 1446 MiB
2026/08/03 17:27:00.064, 68.24 W, 76, 88 %, 1446 MiB
2026/08/03 17:27:01.067, 75.87 W, 75, 90 %, 1446 MiB
2026/08/03 17:27:02.076, 69.64 W, 76, 90 %, 1446 MiB
2026/08/03 17:27:03.080, 75.81 W, 76, 91 %, 2660 MiB
2026/08/03 17:27:04.083, 35.11 W, 71, 75 %, 2660 MiB
2026/08/03 17:27:05.086, 72.00 W, 75, 39 %, 1442 MiB
2026/08/03 17:27:06.091, 69.64 W, 75, 89 %, 1442 MiB
2026/08/03 17:27:07.096, 74.53 W, 75, 90 %, 1444 MiB
2026/08/03 17:27:08.101, 70.04 W, 76, 89 %, 1444 MiB
2026/08/03 17:27:09.105, 73.10 W, 75, 90 %, 1444 MiB
2026/08/03 17:27:10.109, 71.23 W, 76, 89 %, 1444 MiB
2026/08/03 17:27:11.116, 73.22 W, 75, 91 %, 1444 MiB
2026/08/03 17:27:12.119, 76.15 W, 76, 89 %, 1446 MiB
2026/08/03 17:27:13.123, 67.91 W, 76, 90 %, 1446 MiB
2026/08/03 17:27:14.131, 76.33 W, 75, 88 %, 1446 MiB
2026/08/03 17:27:15.135, 68.51 W, 76, 91 %, 1446 MiB
2026/08/03 17:27:16.138, 76.43 W, 75, 89 %, 1446 MiB
2026/08/03 17:27:17.143, 69.02 W, 76, 90 %, 1446 MiB
2026/08/03 17:27:18.147, 76.58 W, 74, 88 %, 1446 MiB
2026/08/03 17:27:19.152, 67.89 W, 76, 89 %, 1446 MiB
2026/08/03 17:27:20.155, 73.63 W, 76, 88 %, 1446 MiB
2026/08/03 17:27:21.159, 67.55 W, 76, 90 %, 1446 MiB
2026/08/03 17:27:22.164, 73.73 W, 76, 89 %, 1446 MiB
2026/08/03 17:27:23.169, 69.08 W, 76, 90 %, 1446 MiB
2026/08/03 17:27:24.173, 72.37 W, 76, 89 %, 1446 MiB
2026/08/03 17:27:25.178, 69.04 W, 75, 91 %, 1446 MiB
2026/08/03 17:27:26.181, 41.40 W, 75, 90 %, 2658 MiB
2026/08/03 17:27:27.186, 34.77 W, 70, 46 %, 2658 MiB
2026/08/03 17:27:28.190, 68.54 W, 75, 66 %, 1442 MiB
2026/08/03 17:27:29.195, 73.02 W, 75, 90 %, 1442 MiB
2026/08/03 17:27:30.198, 67.62 W, 76, 88 %, 1446 MiB
2026/08/03 17:27:31.204, 72.45 W, 74, 90 %, 1446 MiB
2026/08/03 17:27:32.207, 68.97 W, 76, 89 %, 1446 MiB
2026/08/03 17:27:33.211, 73.14 W, 75, 90 %, 1446 MiB
2026/08/03 17:27:34.217, 68.17 W, 76, 89 %, 1446 MiB
2026/08/03 17:27:35.220, 70.97 W, 76, 90 %, 1446 MiB
2026/08/03 17:27:36.224, 67.01 W, 76, 89 %, 1446 MiB
2026/08/03 17:27:37.231, 70.56 W, 75, 89 %, 1448 MiB
2026/08/03 17:27:38.236, 69.10 W, 75, 89 %, 1448 MiB
2026/08/03 17:27:39.240, 68.86 W, 76, 90 %, 1448 MiB
2026/08/03 17:27:40.245, 71.59 W, 74, 89 %, 1448 MiB
2026/08/03 17:27:41.249, 70.21 W, 76, 90 %, 1448 MiB
2026/08/03 17:27:42.253, 68.58 W, 76, 88 %, 1448 MiB
2026/08/03 17:27:43.259, 75.24 W, 76, 90 %, 1448 MiB
2026/08/03 17:27:44.263, 70.01 W, 76, 89 %, 1448 MiB
2026/08/03 17:27:45.268, 75.98 W, 76, 90 %, 1448 MiB
2026/08/03 17:27:46.273, 68.65 W, 76, 89 %, 1448 MiB
2026/08/03 17:27:47.277, 74.73 W, 75, 90 %, 1448 MiB
2026/08/03 17:27:48.280, 68.79 W, 76, 88 %, 1448 MiB
2026/08/03 17:27:49.288, 45.93 W, 72, 81 %, 2658 MiB
2026/08/03 17:27:50.291, 66.61 W, 74, 32 %, 1462 MiB
2026/08/03 17:27:51.294, 74.63 W, 75, 90 %, 1464 MiB
2026/08/03 17:27:52.300, 69.23 W, 75, 90 %, 1464 MiB
2026/08/03 17:27:53.305, 69.85 W, 75, 91 %, 1464 MiB
2026/08/03 17:27:54.309, 71.08 W, 75, 89 %, 1464 MiB
2026/08/03 17:27:55.315, 67.86 W, 75, 90 %, 1466 MiB
2026/08/03 17:27:56.319, 70.09 W, 76, 88 %, 1466 MiB
2026/08/03 17:27:57.323, 71.11 W, 75, 90 %, 1466 MiB
2026/08/03 17:27:58.326, 75.03 W, 76, 88 %, 1468 MiB
2026/08/03 17:27:59.330, 70.40 W, 76, 90 %, 1468 MiB
2026/08/03 17:28:00.334, 74.23 W, 75, 88 %, 1468 MiB
2026/08/03 17:28:01.338, 67.90 W, 76, 88 %, 1468 MiB
2026/08/03 17:28:02.343, 76.44 W, 75, 89 %, 1468 MiB
2026/08/03 17:28:03.351, 68.64 W, 76, 89 %, 1468 MiB
2026/08/03 17:28:04.355, 76.29 W, 75, 90 %, 1468 MiB
2026/08/03 17:28:05.359, 66.46 W, 75, 89 %, 1468 MiB
2026/08/03 17:28:06.365, 74.38 W, 76, 89 %, 1468 MiB
2026/08/03 17:28:07.369, 67.96 W, 75, 88 %, 1468 MiB
2026/08/03 17:28:08.373, 70.92 W, 76, 90 %, 1468 MiB
2026/08/03 17:28:09.379, 69.54 W, 75, 89 %, 1468 MiB
2026/08/03 17:28:10.383, 70.29 W, 76, 90 %, 1468 MiB
2026/08/03 17:28:11.387, 69.22 W, 75, 90 %, 1468 MiB
2026/08/03 17:28:12.393, 55.95 W, 73, 89 %, 2678 MiB
2026/08/03 17:28:13.400, 68.79 W, 75, 67 %, 1444 MiB
2026/08/03 17:28:14.404, 67.70 W, 75, 47 %, 1444 MiB
2026/08/03 17:28:15.408, 72.33 W, 75, 89 %, 1446 MiB
2026/08/03 17:28:16.413, 67.03 W, 76, 90 %, 1446 MiB
2026/08/03 17:28:17.419, 71.26 W, 75, 89 %, 1446 MiB
2026/08/03 17:28:18.424, 68.32 W, 76, 90 %, 1446 MiB
2026/08/03 17:28:19.428, 69.53 W, 75, 89 %, 1446 MiB
2026/08/03 17:28:20.436, 69.48 W, 76, 90 %, 1446 MiB
2026/08/03 17:28:21.439, 71.35 W, 75, 89 %, 1446 MiB
2026/08/03 17:28:22.443, 69.39 W, 75, 90 %, 1446 MiB
2026/08/03 17:28:23.449, 70.27 W, 76, 88 %, 1446 MiB
2026/08/03 17:28:24.453, 72.79 W, 75, 90 %, 1446 MiB
2026/08/03 17:28:25.457, 69.01 W, 76, 89 %, 1446 MiB
2026/08/03 17:28:26.464, 74.13 W, 75, 89 %, 1446 MiB
2026/08/03 17:28:27.468, 70.22 W, 76, 89 %, 1446 MiB
2026/08/03 17:28:28.472, 76.78 W, 75, 90 %, 1446 MiB
2026/08/03 17:28:29.477, 69.56 W, 76, 89 %, 1446 MiB
2026/08/03 17:28:30.480, 67.93 W, 76, 89 %, 1446 MiB
2026/08/03 17:28:31.485, 74.43 W, 75, 90 %, 1446 MiB
2026/08/03 17:28:32.492, 69.12 W, 76, 89 %, 1446 MiB
2026/08/03 17:28:33.497, 73.79 W, 75, 90 %, 1446 MiB
2026/08/03 17:28:34.501, 67.02 W, 76, 89 %, 2092 MiB
2026/08/03 17:28:35.508, 38.09 W, 71, 86 %, 2660 MiB
2026/08/03 17:28:36.511, 68.16 W, 75, 41 %, 1442 MiB
2026/08/03 17:28:37.516, 74.69 W, 75, 76 %, 1444 MiB
2026/08/03 17:28:38.521, 68.76 W, 76, 90 %, 1444 MiB
2026/08/03 17:28:39.525, 76.33 W, 74, 89 %, 1444 MiB
2026/08/03 17:28:40.529, 68.84 W, 75, 89 %, 1444 MiB
2026/08/03 17:28:41.533, 76.73 W, 76, 90 %, 1444 MiB
2026/08/03 17:28:42.536, 68.64 W, 75, 89 %, 1444 MiB
2026/08/03 17:28:43.540, 74.08 W, 75, 90 %, 1444 MiB
2026/08/03 17:28:44.546, 69.54 W, 75, 88 %, 1444 MiB
2026/08/03 17:28:45.550, 69.40 W, 76, 90 %, 1444 MiB
2026/08/03 17:28:46.554, 68.67 W, 75, 88 %, 1444 MiB
2026/08/03 17:28:47.559, 75.75 W, 76, 89 %, 1444 MiB
2026/08/03 17:28:48.563, 68.84 W, 75, 89 %, 1444 MiB
2026/08/03 17:28:49.567, 75.08 W, 75, 90 %, 1444 MiB
2026/08/03 17:28:50.575, 66.91 W, 76, 88 %, 1444 MiB
2026/08/03 17:28:51.579, 75.96 W, 75, 90 %, 1444 MiB
2026/08/03 17:28:52.583, 68.14 W, 76, 89 %, 1444 MiB
2026/08/03 17:28:53.588, 74.34 W, 75, 90 %, 1444 MiB
2026/08/03 17:28:54.591, 69.02 W, 76, 89 %, 1444 MiB
2026/08/03 17:28:55.595, 71.79 W, 76, 89 %, 1444 MiB
2026/08/03 17:28:56.599, 68.44 W, 75, 90 %, 1444 MiB
2026/08/03 17:28:57.603, 64.38 W, 73, 89 %, 2658 MiB
2026/08/03 17:28:58.607, 34.81 W, 71, 77 %, 2658 MiB
2026/08/03 17:28:59.610, 76.86 W, 75, 38 %, 1442 MiB
2026/08/03 17:29:00.615, 75.70 W, 75, 88 %, 1444 MiB
2026/08/03 17:29:01.619, 68.42 W, 75, 90 %, 1444 MiB
2026/08/03 17:29:02.623, 73.71 W, 75, 88 %, 1444 MiB
2026/08/03 17:29:03.628, 68.89 W, 75, 90 %, 1444 MiB
2026/08/03 17:29:04.632, 70.63 W, 75, 88 %, 1444 MiB
2026/08/03 17:29:05.635, 70.67 W, 76, 90 %, 1444 MiB
2026/08/03 17:29:06.642, 68.51 W, 75, 89 %, 1446 MiB
2026/08/03 17:29:07.646, 75.48 W, 75, 88 %, 1446 MiB
2026/08/03 17:29:08.650, 69.66 W, 75, 90 %, 1446 MiB
2026/08/03 17:29:09.657, 75.09 W, 74, 88 %, 1446 MiB
2026/08/03 17:29:10.661, 70.15 W, 76, 90 %, 1446 MiB
2026/08/03 17:29:11.665, 75.94 W, 75, 89 %, 1446 MiB
2026/08/03 17:29:12.668, 67.99 W, 75, 90 %, 1446 MiB
2026/08/03 17:29:13.672, 76.91 W, 75, 88 %, 1446 MiB
2026/08/03 17:29:14.678, 68.94 W, 75, 90 %, 1446 MiB
2026/08/03 17:29:15.682, 70.90 W, 76, 88 %, 1446 MiB
2026/08/03 17:29:16.686, 71.56 W, 74, 90 %, 1446 MiB
2026/08/03 17:29:17.693, 71.96 W, 76, 89 %, 1446 MiB
2026/08/03 17:29:18.697, 71.76 W, 75, 90 %, 1446 MiB
2026/08/03 17:29:19.700, 71.40 W, 76, 90 %, 1446 MiB
2026/08/03 17:29:20.706, 55.83 W, 75, 89 %, 2658 MiB
2026/08/03 17:29:21.712, 34.66 W, 70, 66 %, 522 MiB
2026/08/03 17:29:22.717, 76.82 W, 74, 49 %, 1442 MiB
2026/08/03 17:29:23.720, 67.11 W, 75, 89 %, 1444 MiB
2026/08/03 17:29:24.724, 75.18 W, 75, 90 %, 1444 MiB
2026/08/03 17:29:25.727, 68.72 W, 75, 89 %, 1444 MiB
2026/08/03 17:29:26.731, 75.28 W, 75, 90 %, 1444 MiB
2026/08/03 17:29:27.735, 69.09 W, 75, 88 %, 1446 MiB
2026/08/03 17:29:28.739, 74.00 W, 75, 90 %, 1446 MiB
2026/08/03 17:29:29.747, 68.04 W, 75, 89 %, 1446 MiB
2026/08/03 17:29:30.751, 76.32 W, 75, 90 %, 1446 MiB
2026/08/03 17:29:31.755, 69.93 W, 75, 88 %, 1446 MiB
2026/08/03 17:29:32.759, 75.77 W, 76, 90 %, 1446 MiB
2026/08/03 17:29:33.764, 69.88 W, 76, 88 %, 1446 MiB
2026/08/03 17:29:34.768, 75.19 W, 75, 90 %, 1446 MiB
2026/08/03 17:29:35.772, 69.01 W, 75, 88 %, 1446 MiB
2026/08/03 17:29:36.777, 76.46 W, 75, 90 %, 1446 MiB
2026/08/03 17:29:37.780, 69.75 W, 76, 89 %, 1446 MiB
2026/08/03 17:29:38.788, 76.61 W, 75, 90 %, 1446 MiB
2026/08/03 17:29:39.793, 68.65 W, 75, 89 %, 1446 MiB
2026/08/03 17:29:40.796, 77.92 W, 75, 89 %, 1446 MiB
2026/08/03 17:29:41.801, 68.06 W, 75, 89 %, 1446 MiB
2026/08/03 17:29:42.805, 76.62 W, 75, 89 %, 1446 MiB
2026/08/03 17:29:43.809, 38.19 W, 73, 85 %, 2654 MiB
2026/08/03 17:29:44.814, 72.10 W, 74, 41 %, 1464 MiB
2026/08/03 17:29:45.823, 70.70 W, 75, 78 %, 1466 MiB
2026/08/03 17:29:46.827, 75.57 W, 75, 90 %, 1466 MiB
2026/08/03 17:29:47.831, 77.67 W, 75, 88 %, 1466 MiB
2026/08/03 17:29:48.834, 68.47 W, 75, 90 %, 1466 MiB
2026/08/03 17:29:49.838, 76.49 W, 75, 88 %, 1466 MiB
2026/08/03 17:29:50.842, 67.64 W, 75, 90 %, 1466 MiB
2026/08/03 17:29:51.850, 73.93 W, 74, 89 %, 1466 MiB
2026/08/03 17:29:52.854, 68.58 W, 75, 90 %, 1466 MiB
2026/08/03 17:29:53.859, 69.50 W, 76, 89 %, 1466 MiB
2026/08/03 17:29:54.864, 71.20 W, 75, 89 %, 1466 MiB
2026/08/03 17:29:55.868, 70.47 W, 75, 90 %, 1466 MiB
2026/08/03 17:29:56.873, 73.76 W, 75, 88 %, 1466 MiB
2026/08/03 17:29:57.879, 70.40 W, 76, 90 %, 1466 MiB
2026/08/03 17:29:58.883, 75.60 W, 74, 89 %, 1466 MiB
2026/08/03 17:29:59.887, 71.68 W, 76, 90 %, 1466 MiB
2026/08/03 17:30:00.895, 74.99 W, 75, 89 %, 1466 MiB
2026/08/03 17:30:01.899, 70.96 W, 76, 89 %, 1466 MiB
2026/08/03 17:30:02.904, 69.05 W, 76, 89 %, 1466 MiB
2026/08/03 17:30:03.909, 75.84 W, 76, 90 %, 1466 MiB
2026/08/03 17:30:04.913, 69.29 W, 76, 89 %, 1466 MiB
2026/08/03 17:30:05.917, 75.92 W, 75, 90 %, 1466 MiB
2026/08/03 17:30:06.922, 70.68 W, 72, 74 %, 2680 MiB
2026/08/03 17:30:07.925, 69.00 W, 75, 40 %, 1442 MiB
2026/08/03 17:30:08.929, 70.79 W, 76, 90 %, 1442 MiB
2026/08/03 17:30:09.934, 68.81 W, 75, 89 %, 1444 MiB
2026/08/03 17:30:10.938, 68.66 W, 75, 90 %, 1444 MiB
2026/08/03 17:30:11.943, 71.94 W, 75, 89 %, 1444 MiB
2026/08/03 17:30:12.947, 70.90 W, 75, 90 %, 1444 MiB
2026/08/03 17:30:13.954, 70.21 W, 74, 90 %, 1444 MiB
2026/08/03 17:30:14.959, 69.56 W, 76, 89 %, 1446 MiB
2026/08/03 17:30:15.963, 71.84 W, 75, 89 %, 1446 MiB
2026/08/03 17:30:16.968, 76.04 W, 75, 89 %, 1446 MiB
2026/08/03 17:30:17.973, 68.40 W, 76, 90 %, 1446 MiB
2026/08/03 17:30:18.976, 76.52 W, 75, 88 %, 1446 MiB
2026/08/03 17:30:19.981, 68.23 W, 75, 90 %, 1446 MiB
2026/08/03 17:30:20.986, 73.13 W, 74, 88 %, 1446 MiB
2026/08/03 17:30:21.991, 70.06 W, 75, 90 %, 1446 MiB
2026/08/03 17:30:22.996, 69.74 W, 75, 88 %, 1446 MiB
2026/08/03 17:30:23.999, 70.62 W, 75, 90 %, 1446 MiB
2026/08/03 17:30:25.002, 70.62 W, 76, 88 %, 1446 MiB
2026/08/03 17:30:26.008, 75.78 W, 75, 90 %, 1446 MiB
2026/08/03 17:30:27.012, 69.76 W, 75, 89 %, 1446 MiB
2026/08/03 17:30:28.015, 75.78 W, 74, 90 %, 1446 MiB
2026/08/03 17:30:29.022, 64.47 W, 76, 88 %, 2092 MiB
2026/08/03 17:30:30.027, 36.00 W, 71, 62 %, 2660 MiB
2026/08/03 17:30:31.030, 73.95 W, 75, 52 %, 1444 MiB
2026/08/03 17:30:32.035, 66.80 W, 74, 90 %, 1444 MiB
2026/08/03 17:30:33.049, 71.46 W, 75, 88 %, 1446 MiB
2026/08/03 17:30:34.055, 68.67 W, 75, 90 %, 1446 MiB
2026/08/03 17:30:35.058, 72.70 W, 75, 89 %, 1446 MiB
2026/08/03 17:30:36.062, 70.57 W, 74, 90 %, 1446 MiB
2026/08/03 17:30:37.068, 74.14 W, 75, 89 %, 1446 MiB
2026/08/03 17:30:38.072, 69.86 W, 75, 91 %, 1446 MiB
2026/08/03 17:30:39.076, 73.17 W, 75, 88 %, 1446 MiB
2026/08/03 17:30:40.080, 70.76 W, 75, 90 %, 1446 MiB
2026/08/03 17:30:41.084, 73.04 W, 75, 88 %, 1446 MiB
2026/08/03 17:30:42.089, 69.83 W, 75, 90 %, 1446 MiB
2026/08/03 17:30:43.093, 73.46 W, 75, 90 %, 1446 MiB
2026/08/03 17:30:44.097, 70.91 W, 75, 89 %, 1446 MiB
2026/08/03 17:30:45.103, 73.98 W, 75, 91 %, 1446 MiB
2026/08/03 17:30:46.107, 71.26 W, 76, 89 %, 1446 MiB
2026/08/03 17:30:47.111, 72.32 W, 75, 90 %, 1446 MiB
2026/08/03 17:30:48.118, 70.25 W, 76, 89 %, 1446 MiB
2026/08/03 17:30:49.121, 70.32 W, 75, 90 %, 1446 MiB
2026/08/03 17:30:50.125, 76.53 W, 75, 89 %, 1446 MiB
2026/08/03 17:30:51.132, 70.81 W, 75, 91 %, 1446 MiB
2026/08/03 17:30:52.135, 43.49 W, 74, 90 %, 2658 MiB
2026/08/03 17:30:53.141, 34.72 W, 70, 84 %, 2658 MiB
2026/08/03 17:30:54.144, 69.13 W, 75, 31 %, 1462 MiB
2026/08/03 17:30:55.148, 73.69 W, 74, 89 %, 1464 MiB
2026/08/03 17:30:56.152, 68.48 W, 75, 90 %, 1464 MiB
2026/08/03 17:30:57.155, 70.13 W, 76, 89 %, 1466 MiB
2026/08/03 17:30:58.159, 68.88 W, 75, 89 %, 1466 MiB
2026/08/03 17:30:59.164, 69.23 W, 75, 90 %, 1466 MiB
2026/08/03 17:31:00.169, 68.80 W, 75, 89 %, 1466 MiB
2026/08/03 17:31:01.173, 69.45 W, 76, 90 %, 1466 MiB
2026/08/03 17:31:02.178, 70.79 W, 74, 88 %, 1466 MiB
2026/08/03 17:31:03.183, 69.73 W, 75, 90 %, 1466 MiB
2026/08/03 17:31:04.187, 68.64 W, 76, 88 %, 1466 MiB
2026/08/03 17:31:05.192, 77.81 W, 75, 90 %, 1466 MiB
2026/08/03 17:31:06.195, 69.35 W, 75, 89 %, 1466 MiB
2026/08/03 17:31:07.199, 77.21 W, 75, 91 %, 1466 MiB
2026/08/03 17:31:08.205, 67.40 W, 75, 88 %, 1466 MiB
2026/08/03 17:31:09.209, 74.91 W, 75, 90 %, 1466 MiB
2026/08/03 17:31:10.214, 68.65 W, 76, 89 %, 1466 MiB
2026/08/03 17:31:11.219, 75.48 W, 75, 90 %, 1466 MiB
2026/08/03 17:31:12.223, 67.86 W, 76, 89 %, 1466 MiB
2026/08/03 17:31:13.226, 75.98 W, 76, 90 %, 1466 MiB
2026/08/03 17:31:14.230, 68.96 W, 76, 89 %, 1466 MiB
2026/08/03 17:31:15.233, 49.68 W, 72, 90 %, 2680 MiB
2026/08/03 17:31:16.237, 68.60 W, 74, 75 %, 1442 MiB
2026/08/03 17:31:17.241, 75.26 W, 75, 39 %, 1444 MiB
2026/08/03 17:31:18.244, 70.89 W, 75, 89 %, 1444 MiB
2026/08/03 17:31:19.250, 69.61 W, 76, 90 %, 1444 MiB
2026/08/03 17:31:20.253, 75.40 W, 75, 89 %, 1444 MiB
2026/08/03 17:31:21.258, 67.75 W, 76, 90 %, 1444 MiB
2026/08/03 17:31:22.266, 75.83 W, 75, 89 %, 1444 MiB
2026/08/03 17:31:23.270, 67.19 W, 75, 90 %, 1444 MiB
2026/08/03 17:31:24.275, 76.28 W, 75, 88 %, 1444 MiB
2026/08/03 17:31:25.281, 69.83 W, 76, 90 %, 1444 MiB
2026/08/03 17:31:26.285, 75.63 W, 74, 89 %, 1444 MiB
2026/08/03 17:31:27.288, 68.93 W, 75, 90 %, 1444 MiB
2026/08/03 17:31:28.295, 74.63 W, 76, 89 %, 1444 MiB
2026/08/03 17:31:29.299, 70.14 W, 76, 90 %, 1446 MiB
2026/08/03 17:31:30.303, 69.50 W, 75, 89 %, 1446 MiB
2026/08/03 17:31:31.310, 69.37 W, 76, 89 %, 1446 MiB
2026/08/03 17:31:32.314, 69.54 W, 75, 89 %, 1446 MiB
2026/08/03 17:31:33.317, 69.79 W, 74, 90 %, 1446 MiB
2026/08/03 17:31:34.325, 70.15 W, 76, 89 %, 1446 MiB
2026/08/03 17:31:35.329, 70.51 W, 75, 90 %, 1446 MiB
2026/08/03 17:31:36.332, 75.22 W, 76, 88 %, 1446 MiB
2026/08/03 17:31:37.340, 69.30 W, 76, 90 %, 1446 MiB
2026/08/03 17:31:38.344, 79.92 W, 74, 90 %, 2662 MiB
2026/08/03 17:31:39.347, 70.75 W, 75, 48 %, 1442 MiB
2026/08/03 17:31:40.351, 70.58 W, 76, 66 %, 1444 MiB
2026/08/03 17:31:41.356, 70.53 W, 76, 90 %, 1446 MiB
2026/08/03 17:31:42.360, 72.53 W, 76, 89 %, 1446 MiB
2026/08/03 17:31:43.365, 69.65 W, 75, 90 %, 1446 MiB
2026/08/03 17:31:44.369, 73.47 W, 75, 89 %, 1446 MiB
2026/08/03 17:31:45.373, 70.98 W, 75, 90 %, 1446 MiB
2026/08/03 17:31:46.380, 76.34 W, 75, 88 %, 1446 MiB
2026/08/03 17:31:47.384, 69.77 W, 76, 90 %, 1446 MiB
2026/08/03 17:31:48.389, 76.55 W, 75, 88 %, 1446 MiB
2026/08/03 17:31:49.392, 70.39 W, 76, 90 %, 1446 MiB
2026/08/03 17:31:50.396, 69.44 W, 76, 89 %, 1446 MiB
2026/08/03 17:31:51.400, 75.93 W, 76, 90 %, 1446 MiB
2026/08/03 17:31:52.406, 67.77 W, 76, 89 %, 1446 MiB
2026/08/03 17:31:53.410, 76.68 W, 75, 90 %, 1446 MiB
2026/08/03 17:31:54.413, 68.54 W, 76, 89 %, 1446 MiB
2026/08/03 17:31:55.419, 74.90 W, 75, 90 %, 1446 MiB
2026/08/03 17:31:56.424, 69.04 W, 76, 88 %, 1446 MiB
2026/08/03 17:31:57.428, 72.27 W, 76, 89 %, 1446 MiB
2026/08/03 17:31:58.434, 68.86 W, 76, 89 %, 1446 MiB
2026/08/03 17:31:59.438, 72.81 W, 76, 90 %, 1446 MiB
2026/08/03 17:32:00.442, 66.21 W, 75, 89 %, 1472 MiB
2026/08/03 17:32:01.446, 38.02 W, 72, 81 %, 2660 MiB
2026/08/03 17:32:02.449, 68.71 W, 75, 32 %, 1444 MiB
2026/08/03 17:32:03.453, 74.41 W, 76, 90 %, 1444 MiB
2026/08/03 17:32:04.460, 69.09 W, 76, 89 %, 1444 MiB
2026/08/03 17:32:05.464, 69.42 W, 76, 90 %, 1444 MiB
2026/08/03 17:32:06.469, 74.85 W, 76, 90 %, 1444 MiB
2026/08/03 17:32:07.477, 66.53 W, 75, 90 %, 1444 MiB
2026/08/03 17:32:08.482, 71.92 W, 75, 88 %, 1444 MiB
2026/08/03 17:32:09.486, 67.99 W, 76, 89 %, 1444 MiB
2026/08/03 17:32:10.494, 73.34 W, 75, 89 %, 1444 MiB
2026/08/03 17:32:11.498, 69.65 W, 76, 90 %, 1444 MiB
2026/08/03 17:32:12.502, 73.45 W, 75, 89 %, 1446 MiB
2026/08/03 17:32:13.509, 68.44 W, 76, 90 %, 1446 MiB
2026/08/03 17:32:14.513, 71.81 W, 76, 88 %, 1446 MiB
2026/08/03 17:32:15.517, 68.14 W, 76, 90 %, 1446 MiB
2026/08/03 17:32:16.521, 71.59 W, 76, 88 %, 1446 MiB
2026/08/03 17:32:17.526, 69.53 W, 75, 89 %, 1446 MiB
2026/08/03 17:32:18.531, 70.28 W, 76, 88 %, 1446 MiB
2026/08/03 17:32:19.534, 70.64 W, 75, 90 %, 1446 MiB
2026/08/03 17:32:20.539, 76.01 W, 76, 89 %, 1446 MiB
2026/08/03 17:32:21.546, 68.76 W, 76, 89 %, 1446 MiB
2026/08/03 17:32:22.549, 76.14 W, 76, 89 %, 1446 MiB
2026/08/03 17:32:23.553, 74.73 W, 73, 90 %, 2658 MiB
2026/08/03 17:32:24.560, 34.90 W, 71, 68 %, 2658 MiB
2026/08/03 17:32:25.563, 70.11 W, 75, 47 %, 1462 MiB
2026/08/03 17:32:26.566, 70.46 W, 76, 89 %, 1464 MiB
2026/08/03 17:32:27.571, 70.21 W, 76, 90 %, 1464 MiB
2026/08/03 17:32:28.575, 71.49 W, 76, 89 %, 1464 MiB
2026/08/03 17:32:29.579, 70.33 W, 76, 90 %, 1464 MiB
2026/08/03 17:32:30.587, 73.65 W, 75, 89 %, 1464 MiB
2026/08/03 17:32:31.591, 69.23 W, 76, 90 %, 1464 MiB
2026/08/03 17:32:32.596, 74.99 W, 75, 89 %, 1464 MiB
2026/08/03 17:32:33.602, 71.04 W, 76, 90 %, 1464 MiB
2026/08/03 17:32:34.605, 76.17 W, 75, 89 %, 1464 MiB
2026/08/03 17:32:35.609, 69.85 W, 76, 90 %, 1464 MiB
2026/08/03 17:32:36.615, 69.98 W, 76, 89 %, 1464 MiB
2026/08/03 17:32:37.619, 75.76 W, 76, 90 %, 1466 MiB
2026/08/03 17:32:38.623, 68.11 W, 75, 89 %, 1466 MiB
2026/08/03 17:32:39.630, 75.63 W, 75, 90 %, 1466 MiB
2026/08/03 17:32:40.634, 68.53 W, 76, 90 %, 1466 MiB
2026/08/03 17:32:41.637, 71.71 W, 75, 89 %, 1466 MiB
2026/08/03 17:32:42.643, 70.01 W, 76, 90 %, 1466 MiB
2026/08/03 17:32:43.647, 72.87 W, 76, 89 %, 1466 MiB
2026/08/03 17:32:44.650, 68.76 W, 76, 90 %, 1466 MiB
2026/08/03 17:32:45.658, 72.12 W, 76, 88 %, 1466 MiB
2026/08/03 17:32:46.661, 77.26 W, 75, 86 %, 2678 MiB
2026/08/03 17:32:47.665, 50.28 W, 72, 41 %, 1302 MiB
2026/08/03 17:32:48.670, 69.91 W, 75, 77 %, 1444 MiB
2026/08/03 17:32:49.677, 76.54 W, 76, 90 %, 1446 MiB
2026/08/03 17:32:50.682, 67.51 W, 75, 88 %, 1446 MiB
2026/08/03 17:32:51.685, 75.29 W, 75, 89 %, 1446 MiB
2026/08/03 17:32:52.692, 66.97 W, 75, 90 %, 1446 MiB
2026/08/03 17:32:53.696, 76.88 W, 76, 88 %, 1446 MiB
2026/08/03 17:32:54.700, 68.55 W, 75, 90 %, 1446 MiB
2026/08/03 17:32:55.705, 75.96 W, 76, 88 %, 1446 MiB
2026/08/03 17:32:56.710, 68.48 W, 76, 90 %, 1446 MiB
2026/08/03 17:32:57.714, 77.64 W, 75, 88 %, 1446 MiB
2026/08/03 17:32:58.720, 67.82 W, 76, 89 %, 1446 MiB
2026/08/03 17:32:59.724, 74.28 W, 75, 88 %, 1446 MiB
2026/08/03 17:33:00.727, 66.97 W, 76, 90 %, 1446 MiB
2026/08/03 17:33:01.731, 69.55 W, 76, 89 %, 1446 MiB
2026/08/03 17:33:02.735, 72.87 W, 75, 89 %, 1446 MiB
2026/08/03 17:33:03.739, 69.76 W, 76, 90 %, 1446 MiB
2026/08/03 17:33:04.743, 74.64 W, 75, 89 %, 1446 MiB
2026/08/03 17:33:05.747, 70.48 W, 76, 90 %, 1446 MiB
2026/08/03 17:33:06.753, 74.37 W, 75, 89 %, 1446 MiB
2026/08/03 17:33:07.757, 68.90 W, 76, 90 %, 1446 MiB
2026/08/03 17:33:08.760, 67.97 W, 76, 88 %, 1446 MiB
2026/08/03 17:33:09.764, 47.65 W, 74, 79 %, 2660 MiB
2026/08/03 17:33:10.769, 67.46 W, 74, 36 %, 1444 MiB
2026/08/03 17:33:11.772, 74.72 W, 75, 89 %, 1444 MiB
2026/08/03 17:33:12.776, 70.64 W, 76, 90 %, 1444 MiB
2026/08/03 17:33:13.780, 75.66 W, 75, 89 %, 1444 MiB
2026/08/03 17:33:14.783, 70.50 W, 76, 90 %, 1444 MiB
2026/08/03 17:33:15.789, 74.14 W, 76, 90 %, 1444 MiB
2026/08/03 17:33:16.797, 69.61 W, 75, 90 %, 1444 MiB
2026/08/03 17:33:17.802, 75.87 W, 75, 89 %, 1444 MiB
2026/08/03 17:33:18.806, 69.37 W, 76, 90 %, 1444 MiB
2026/08/03 17:33:19.811, 75.90 W, 75, 90 %, 1444 MiB
2026/08/03 17:33:20.815, 69.41 W, 76, 89 %, 1444 MiB
2026/08/03 17:33:21.818, 75.48 W, 76, 90 %, 1446 MiB
2026/08/03 17:33:22.822, 68.70 W, 76, 90 %, 1446 MiB
2026/08/03 17:33:23.826, 67.83 W, 75, 89 %, 1446 MiB
2026/08/03 17:33:24.832, 70.63 W, 75, 89 %, 1446 MiB
2026/08/03 17:33:25.836, 69.00 W, 76, 88 %, 1446 MiB
2026/08/03 17:33:26.840, 69.01 W, 75, 90 %, 1446 MiB
2026/08/03 17:33:27.845, 70.51 W, 76, 88 %, 1446 MiB
2026/08/03 17:33:28.849, 69.88 W, 76, 90 %, 1446 MiB
2026/08/03 17:33:29.852, 70.31 W, 76, 89 %, 1446 MiB
2026/08/03 17:33:30.858, 72.24 W, 76, 91 %, 1446 MiB
2026/08/03 17:33:31.863, 69.81 W, 76, 89 %, 1446 MiB
2026/08/03 17:33:32.867, 55.59 W, 72, 90 %, 2660 MiB
2026/08/03 17:33:33.873, 68.53 W, 75, 65 %, 1462 MiB
2026/08/03 17:33:34.877, 76.05 W, 75, 49 %, 1464 MiB
2026/08/03 17:33:35.880, 68.83 W, 76, 89 %, 1466 MiB
2026/08/03 17:33:36.886, 76.73 W, 76, 89 %, 1466 MiB
2026/08/03 17:33:37.890, 67.61 W, 75, 89 %, 1466 MiB
2026/08/03 17:33:38.894, 75.33 W, 75, 90 %, 1466 MiB
2026/08/03 17:33:39.900, 69.28 W, 75, 88 %, 1466 MiB
2026/08/03 17:33:40.904, 71.59 W, 76, 90 %, 1466 MiB
2026/08/03 17:33:41.907, 71.23 W, 74, 89 %, 1466 MiB
2026/08/03 17:33:42.916, 74.49 W, 76, 90 %, 1466 MiB
2026/08/03 17:33:43.919, 70.42 W, 75, 88 %, 1466 MiB
2026/08/03 17:33:44.923, 73.31 W, 76, 90 %, 1466 MiB
2026/08/03 17:33:45.928, 69.81 W, 76, 89 %, 1466 MiB
2026/08/03 17:33:46.932, 74.37 W, 76, 90 %, 1466 MiB
2026/08/03 17:33:47.935, 69.43 W, 76, 89 %, 1466 MiB
2026/08/03 17:33:48.944, 71.42 W, 76, 90 %, 1466 MiB
2026/08/03 17:33:49.948, 69.70 W, 76, 89 %, 1468 MiB
2026/08/03 17:33:50.953, 71.84 W, 75, 90 %, 1468 MiB
2026/08/03 17:33:51.958, 71.58 W, 76, 89 %, 1468 MiB
2026/08/03 17:33:52.962, 68.97 W, 75, 90 %, 1468 MiB
2026/08/03 17:33:53.965, 69.32 W, 76, 89 %, 1468 MiB
2026/08/03 17:33:54.973, 76.92 W, 76, 90 %, 2680 MiB
2026/08/03 17:33:55.976, 35.03 W, 71, 82 %, 2680 MiB
2026/08/03 17:33:56.979, 75.89 W, 75, 36 %, 1444 MiB
2026/08/03 17:33:57.985, 69.18 W, 75, 86 %, 1446 MiB
2026/08/03 17:33:58.990, 76.88 W, 75, 89 %, 1446 MiB
2026/08/03 17:33:59.994, 67.43 W, 76, 90 %, 1446 MiB
2026/08/03 17:34:00.999, 75.06 W, 75, 89 %, 1446 MiB
2026/08/03 17:34:02.003, 68.53 W, 76, 90 %, 1446 MiB
2026/08/03 17:34:03.007, 76.99 W, 75, 89 %, 1446 MiB
2026/08/03 17:34:04.013, 67.70 W, 76, 90 %, 1446 MiB
2026/08/03 17:34:05.016, 76.99 W, 75, 89 %, 1446 MiB
2026/08/03 17:34:06.020, 68.30 W, 76, 90 %, 1446 MiB
2026/08/03 17:34:07.025, 77.04 W, 76, 89 %, 1446 MiB
2026/08/03 17:34:08.029, 68.57 W, 76, 90 %, 1446 MiB
2026/08/03 17:34:09.033, 77.04 W, 76, 89 %, 1446 MiB
2026/08/03 17:34:10.041, 68.76 W, 76, 90 %, 1446 MiB
2026/08/03 17:34:11.045, 76.76 W, 76, 89 %, 1446 MiB
2026/08/03 17:34:12.048, 72.72 W, 76, 90 %, 1446 MiB
2026/08/03 17:34:13.054, 69.72 W, 76, 89 %, 1446 MiB
2026/08/03 17:34:14.059, 73.03 W, 75, 90 %, 1446 MiB
2026/08/03 17:34:15.062, 69.47 W, 76, 89 %, 1446 MiB
2026/08/03 17:34:16.067, 73.26 W, 75, 91 %, 1446 MiB
2026/08/03 17:34:17.070, 68.24 W, 76, 89 %, 1446 MiB
2026/08/03 17:34:18.074, 62.08 W, 75, 90 %, 2656 MiB
2026/08/03 17:34:19.079, 34.77 W, 71, 75 %, 934 MiB
2026/08/03 17:34:20.085, 75.59 W, 75, 39 %, 1464 MiB
2026/08/03 17:34:21.089, 68.33 W, 76, 89 %, 1464 MiB
2026/08/03 17:34:22.092, 77.28 W, 75, 89 %, 1464 MiB
2026/08/03 17:34:23.098, 67.36 W, 76, 88 %, 1464 MiB
2026/08/03 17:34:24.102, 75.51 W, 76, 90 %, 1464 MiB
2026/08/03 17:34:25.105, 70.00 W, 76, 89 %, 1464 MiB
2026/08/03 17:34:26.110, 72.62 W, 76, 90 %, 1464 MiB
2026/08/03 17:34:27.113, 70.47 W, 75, 88 %, 1464 MiB
2026/08/03 17:34:28.120, 75.46 W, 76, 90 %, 1464 MiB
2026/08/03 17:34:29.124, 70.68 W, 75, 89 %, 1464 MiB
2026/08/03 17:34:30.128, 73.14 W, 76, 90 %, 1464 MiB
2026/08/03 17:34:31.132, 69.34 W, 75, 90 %, 1464 MiB
2026/08/03 17:34:32.135, 70.96 W, 76, 90 %, 1464 MiB
2026/08/03 17:34:33.139, 69.72 W, 76, 89 %, 1464 MiB
2026/08/03 17:34:34.145, 74.52 W, 75, 89 %, 1464 MiB
2026/08/03 17:34:35.149, 69.52 W, 76, 88 %, 1464 MiB
2026/08/03 17:34:36.155, 76.55 W, 75, 90 %, 1464 MiB
2026/08/03 17:34:37.161, 67.66 W, 76, 89 %, 1464 MiB
2026/08/03 17:34:38.165, 75.54 W, 75, 90 %, 1464 MiB
2026/08/03 17:34:39.170, 70.48 W, 76, 89 %, 1464 MiB
2026/08/03 17:34:40.174, 75.82 W, 76, 90 %, 1464 MiB
2026/08/03 17:34:41.178, 49.53 W, 75, 90 %, 2678 MiB
2026/08/03 17:34:42.184, 68.76 W, 73, 48 %, 1442 MiB
2026/08/03 17:34:43.190, 74.18 W, 76, 66 %, 1442 MiB
2026/08/03 17:34:44.194, 70.12 W, 76, 90 %, 1444 MiB
2026/08/03 17:34:45.197, 76.17 W, 75, 89 %, 1444 MiB
2026/08/03 17:34:46.204, 69.01 W, 76, 90 %, 1444 MiB
2026/08/03 17:34:47.209, 76.13 W, 76, 89 %, 1444 MiB
2026/08/03 17:34:48.212, 67.21 W, 76, 89 %, 1444 MiB
2026/08/03 17:34:49.218, 76.02 W, 75, 89 %, 1444 MiB
2026/08/03 17:34:50.222, 68.87 W, 76, 90 %, 1446 MiB
2026/08/03 17:34:51.226, 75.14 W, 75, 89 %, 1446 MiB
2026/08/03 17:34:52.229, 67.60 W, 76, 90 %, 1446 MiB
2026/08/03 17:34:53.233, 75.47 W, 76, 89 %, 1446 MiB
2026/08/03 17:34:54.237, 68.14 W, 76, 90 %, 1446 MiB
2026/08/03 17:34:55.244, 73.22 W, 76, 89 %, 1446 MiB
2026/08/03 17:34:56.247, 67.96 W, 76, 89 %, 1446 MiB
2026/08/03 17:34:57.251, 71.10 W, 76, 90 %, 1446 MiB
2026/08/03 17:34:58.257, 70.89 W, 75, 88 %, 1446 MiB
2026/08/03 17:34:59.261, 74.52 W, 76, 90 %, 1446 MiB
2026/08/03 17:35:00.265, 69.45 W, 76, 89 %, 1446 MiB
2026/08/03 17:35:01.271, 76.46 W, 76, 90 %, 1446 MiB
2026/08/03 17:35:02.275, 68.64 W, 76, 88 %, 1446 MiB
2026/08/03 17:35:03.280, 77.40 W, 76, 90 %, 1446 MiB
2026/08/03 17:35:04.286, 74.55 W, 73, 83 %, 2656 MiB
2026/08/03 17:35:05.289, 73.85 W, 75, 31 %, 1462 MiB
2026/08/03 17:35:06.294, 71.10 W, 76, 88 %, 1466 MiB
2026/08/03 17:35:07.298, 75.67 W, 75, 90 %, 1466 MiB
2026/08/03 17:35:08.301, 68.47 W, 76, 88 %, 1466 MiB
2026/08/03 17:35:09.306, 74.83 W, 75, 90 %, 1466 MiB
2026/08/03 17:35:10.310, 68.52 W, 76, 89 %, 1466 MiB
2026/08/03 17:35:11.315, 77.20 W, 76, 90 %, 1466 MiB
2026/08/03 17:35:12.318, 68.78 W, 76, 88 %, 1466 MiB
2026/08/03 17:35:13.324, 77.66 W, 76, 90 %, 1466 MiB
2026/08/03 17:35:14.328, 69.20 W, 76, 88 %, 1466 MiB
2026/08/03 17:35:15.332, 72.80 W, 76, 89 %, 1466 MiB
2026/08/03 17:35:16.338, 70.73 W, 75, 89 %, 1466 MiB
2026/08/03 17:35:17.342, 73.60 W, 76, 90 %, 1466 MiB
2026/08/03 17:35:18.345, 70.10 W, 76, 88 %, 1466 MiB
2026/08/03 17:35:19.349, 74.35 W, 76, 90 %, 1466 MiB
2026/08/03 17:35:20.353, 70.92 W, 76, 88 %, 1466 MiB
2026/08/03 17:35:21.360, 74.62 W, 76, 91 %, 1466 MiB
2026/08/03 17:35:22.364, 69.21 W, 76, 89 %, 1466 MiB
2026/08/03 17:35:23.368, 75.89 W, 75, 90 %, 1466 MiB
2026/08/03 17:35:24.375, 68.72 W, 76, 89 %, 1466 MiB
2026/08/03 17:35:25.379, 75.28 W, 76, 89 %, 1466 MiB
2026/08/03 17:35:26.382, 64.67 W, 76, 90 %, 2112 MiB
2026/08/03 17:35:27.390, 35.97 W, 72, 73 %, 2680 MiB
2026/08/03 17:35:28.393, 72.29 W, 76, 41 %, 1444 MiB
2026/08/03 17:35:29.397, 67.31 W, 75, 90 %, 1444 MiB
2026/08/03 17:35:30.402, 75.18 W, 76, 89 %, 1444 MiB
2026/08/03 17:35:31.409, 69.62 W, 75, 90 %, 1444 MiB
2026/08/03 17:35:32.413, 76.66 W, 76, 88 %, 1444 MiB
2026/08/03 17:35:33.416, 69.54 W, 76, 90 %, 1446 MiB
2026/08/03 17:35:34.422, 76.57 W, 76, 89 %, 1446 MiB
2026/08/03 17:35:35.426, 70.41 W, 76, 90 %, 1446 MiB
2026/08/03 17:35:36.429, 74.94 W, 76, 88 %, 1446 MiB
2026/08/03 17:35:37.436, 68.44 W, 76, 90 %, 1446 MiB
2026/08/03 17:35:38.440, 75.11 W, 76, 89 %, 1446 MiB
2026/08/03 17:35:39.443, 70.32 W, 76, 89 %, 1446 MiB
2026/08/03 17:35:40.450, 71.31 W, 76, 90 %, 1446 MiB
2026/08/03 17:35:41.454, 68.11 W, 76, 89 %, 1446 MiB
2026/08/03 17:35:42.458, 71.36 W, 76, 91 %, 1446 MiB
2026/08/03 17:35:43.465, 68.37 W, 76, 88 %, 1446 MiB
2026/08/03 17:35:44.469, 70.40 W, 76, 90 %, 1446 MiB
2026/08/03 17:35:45.473, 70.59 W, 75, 88 %, 1446 MiB
2026/08/03 17:35:46.480, 75.68 W, 76, 90 %, 1446 MiB
2026/08/03 17:35:47.484, 69.06 W, 76, 88 %, 1446 MiB
2026/08/03 17:35:48.487, 75.82 W, 76, 90 %, 1446 MiB
2026/08/03 17:35:49.494, 74.02 W, 74, 89 %, 2654 MiB
2026/08/03 17:35:50.497, 34.86 W, 71, 46 %, 2654 MiB
2026/08/03 17:35:51.500, 71.06 W, 76, 68 %, 1444 MiB
2026/08/03 17:35:52.507, 68.06 W, 76, 90 %, 1446 MiB
2026/08/03 17:35:53.511, 69.46 W, 76, 89 %, 1446 MiB
2026/08/03 17:35:54.515, 72.33 W, 76, 90 %, 1446 MiB
2026/08/03 17:35:55.519, 70.00 W, 76, 88 %, 1446 MiB
2026/08/03 17:35:56.523, 76.25 W, 75, 90 %, 1446 MiB
2026/08/03 17:35:57.529, 69.75 W, 76, 88 %, 1446 MiB
2026/08/03 17:35:58.535, 76.02 W, 76, 89 %, 1446 MiB
2026/08/03 17:35:59.539, 68.65 W, 76, 89 %, 1446 MiB
2026/08/03 17:36:00.543, 73.74 W, 76, 90 %, 1446 MiB
2026/08/03 17:36:01.547, 75.75 W, 76, 88 %, 1446 MiB
2026/08/03 17:36:02.551, 68.91 W, 76, 90 %, 1446 MiB
2026/08/03 17:36:03.556, 75.48 W, 76, 90 %, 1446 MiB
2026/08/03 17:36:04.560, 69.54 W, 76, 89 %, 1446 MiB
2026/08/03 17:36:05.564, 74.66 W, 75, 90 %, 1446 MiB
2026/08/03 17:36:06.571, 69.67 W, 76, 89 %, 1446 MiB
2026/08/03 17:36:07.575, 73.75 W, 76, 90 %, 1446 MiB
2026/08/03 17:36:08.579, 69.40 W, 76, 89 %, 1446 MiB
2026/08/03 17:36:09.585, 75.46 W, 76, 91 %, 1446 MiB
2026/08/03 17:36:10.588, 68.73 W, 76, 89 %, 1446 MiB
2026/08/03 17:36:11.592, 75.58 W, 76, 90 %, 1446 MiB
2026/08/03 17:36:12.600, 75.66 W, 75, 89 %, 2656 MiB
2026/08/03 17:36:13.603, 57.58 W, 73, 79 %, 1442 MiB
2026/08/03 17:36:14.608, 71.29 W, 76, 36 %, 1442 MiB
2026/08/03 17:36:15.612, 73.20 W, 75, 89 %, 1442 MiB
2026/08/03 17:36:16.616, 76.11 W, 76, 90 %, 1444 MiB
2026/08/03 17:36:17.620, 69.47 W, 77, 90 %, 1444 MiB
2026/08/03 17:36:18.624, 77.04 W, 76, 90 %, 1444 MiB
2026/08/03 17:36:19.629, 68.62 W, 76, 89 %, 1444 MiB
2026/08/03 17:36:20.633, 77.05 W, 76, 89 %, 1446 MiB
2026/08/03 17:36:21.638, 67.88 W, 76, 90 %, 1446 MiB
2026/08/03 17:36:22.643, 77.21 W, 76, 89 %, 1446 MiB
2026/08/03 17:36:23.647, 69.81 W, 77, 90 %, 1446 MiB
2026/08/03 17:36:24.654, 75.76 W, 75, 89 %, 1446 MiB
2026/08/03 17:36:25.657, 70.80 W, 76, 90 %, 1446 MiB
2026/08/03 17:36:26.661, 75.65 W, 77, 89 %, 1446 MiB
2026/08/03 17:36:27.666, 68.50 W, 76, 91 %, 1446 MiB
2026/08/03 17:36:28.670, 77.31 W, 76, 89 %, 1446 MiB
2026/08/03 17:36:29.674, 68.97 W, 76, 90 %, 1446 MiB
2026/08/03 17:36:30.681, 76.68 W, 76, 89 %, 1446 MiB
2026/08/03 17:36:31.685, 68.83 W, 76, 90 %, 1446 MiB
2026/08/03 17:36:32.689, 69.60 W, 76, 89 %, 1446 MiB
2026/08/03 17:36:33.696, 70.75 W, 76, 90 %, 1446 MiB
2026/08/03 17:36:34.700, 69.63 W, 76, 89 %, 1446 MiB
2026/08/03 17:36:35.704, 62.69 W, 76, 89 %, 2660 MiB
2026/08/03 17:36:36.709, 68.80 W, 75, 64 %, 1442 MiB
2026/08/03 17:36:37.718, 76.89 W, 76, 49 %, 1444 MiB
2026/08/03 17:36:38.722, 69.88 W, 76, 90 %, 1446 MiB
2026/08/03 17:36:39.727, 75.63 W, 75, 90 %, 1446 MiB
2026/08/03 17:36:40.733, 67.05 W, 76, 90 %, 1446 MiB
2026/08/03 17:36:41.737, 76.74 W, 75, 88 %, 1446 MiB
2026/08/03 17:36:42.741, 67.69 W, 76, 90 %, 1446 MiB
2026/08/03 17:36:43.746, 74.01 W, 76, 89 %, 1446 MiB
2026/08/03 17:36:44.750, 69.85 W, 76, 89 %, 1446 MiB
2026/08/03 17:36:45.754, 72.00 W, 76, 90 %, 1446 MiB
2026/08/03 17:36:46.761, 69.13 W, 75, 89 %, 1446 MiB
2026/08/03 17:36:47.765, 71.90 W, 76, 90 %, 1446 MiB
2026/08/03 17:36:48.769, 69.36 W, 75, 89 %, 1446 MiB
2026/08/03 17:36:49.778, 75.75 W, 76, 90 %, 1446 MiB
2026/08/03 17:36:50.781, 72.09 W, 76, 88 %, 1446 MiB
2026/08/03 17:36:51.785, 75.68 W, 76, 90 %, 1446 MiB
2026/08/03 17:36:52.792, 70.99 W, 76, 89 %, 1446 MiB
2026/08/03 17:36:53.796, 74.01 W, 76, 90 %, 1446 MiB
2026/08/03 17:36:54.799, 71.15 W, 76, 88 %, 1446 MiB
2026/08/03 17:36:55.804, 75.39 W, 76, 90 %, 1446 MiB
2026/08/03 17:36:56.807, 70.90 W, 76, 89 %, 1446 MiB
2026/08/03 17:36:57.812, 69.35 W, 76, 90 %, 1470 MiB
2026/08/03 17:36:58.816, 38.00 W, 72, 82 %, 2658 MiB
2026/08/03 17:36:59.819, 69.55 W, 75, 38 %, 1442 MiB
2026/08/03 17:37:00.823, 75.48 W, 76, 83 %, 1444 MiB
2026/08/03 17:37:01.827, 67.38 W, 76, 89 %, 1444 MiB
2026/08/03 17:37:02.831, 71.23 W, 76, 90 %, 1444 MiB
2026/08/03 17:37:03.836, 69.69 W, 75, 89 %, 1444 MiB
2026/08/03 17:37:04.840, 74.86 W, 76, 89 %, 1444 MiB
2026/08/03 17:37:05.844, 69.36 W, 76, 90 %, 1444 MiB
2026/08/03 17:37:06.849, 75.43 W, 76, 89 %, 1444 MiB
2026/08/03 17:37:07.853, 68.51 W, 76, 90 %, 1444 MiB
2026/08/03 17:37:08.857, 76.61 W, 76, 88 %, 1444 MiB
2026/08/03 17:37:09.863, 66.93 W, 76, 89 %, 1446 MiB
2026/08/03 17:37:10.867, 74.82 W, 75, 88 %, 1446 MiB
2026/08/03 17:37:11.870, 67.97 W, 76, 90 %, 1446 MiB
2026/08/03 17:37:12.879, 72.59 W, 76, 88 %, 1446 MiB
2026/08/03 17:37:13.882, 68.54 W, 76, 90 %, 1446 MiB
2026/08/03 17:37:14.886, 70.16 W, 76, 89 %, 1446 MiB
2026/08/03 17:37:15.892, 70.38 W, 76, 89 %, 1446 MiB
2026/08/03 17:37:16.896, 69.74 W, 76, 89 %, 1446 MiB
2026/08/03 17:37:17.900, 70.13 W, 75, 90 %, 1446 MiB
2026/08/03 17:37:18.905, 70.30 W, 76, 88 %, 1446 MiB
2026/08/03 17:37:19.909, 69.87 W, 76, 89 %, 1446 MiB
2026/08/03 17:37:20.912, 75.77 W, 75, 89 %, 2658 MiB
2026/08/03 17:37:21.921, 35.07 W, 71, 76 %, 2658 MiB
2026/08/03 17:37:22.925, 71.71 W, 76, 38 %, 1444 MiB
2026/08/03 17:37:23.929, 68.75 W, 76, 90 %, 1444 MiB
2026/08/03 17:37:24.933, 73.72 W, 76, 88 %, 1444 MiB
2026/08/03 17:37:25.937, 69.94 W, 76, 90 %, 1444 MiB
2026/08/03 17:37:26.940, 73.01 W, 76, 89 %, 1444 MiB
2026/08/03 17:37:27.945, 69.59 W, 76, 90 %, 1444 MiB
2026/08/03 17:37:28.950, 73.97 W, 76, 89 %, 1444 MiB
2026/08/03 17:37:29.954, 70.07 W, 76, 90 %, 1444 MiB
2026/08/03 17:37:30.960, 74.11 W, 75, 89 %, 1444 MiB
2026/08/03 17:37:31.964, 68.99 W, 76, 90 %, 1444 MiB
2026/08/03 17:37:32.968, 74.80 W, 75, 88 %, 1446 MiB
2026/08/03 17:37:33.973, 71.09 W, 76, 90 %, 1446 MiB
2026/08/03 17:37:34.976, 67.47 W, 76, 89 %, 1446 MiB
2026/08/03 17:37:35.980, 77.06 W, 76, 89 %, 1446 MiB
2026/08/03 17:37:36.984, 68.65 W, 76, 89 %, 1446 MiB
2026/08/03 17:37:37.989, 76.89 W, 76, 90 %, 1446 MiB
2026/08/03 17:37:38.993, 68.77 W, 76, 89 %, 1446 MiB
2026/08/03 17:37:39.998, 77.10 W, 76, 90 %, 1446 MiB
2026/08/03 17:37:41.002, 68.60 W, 76, 89 %, 1446 MiB
2026/08/03 17:37:42.007, 77.34 W, 75, 90 %, 1446 MiB
2026/08/03 17:37:43.010, 69.46 W, 76, 90 %, 1446 MiB
2026/08/03 17:37:44.014, 75.01 W, 76, 89 %, 2660 MiB
2026/08/03 17:37:45.020, 34.69 W, 72, 54 %, 1002 MiB
2026/08/03 17:37:46.026, 72.82 W, 75, 60 %, 1442 MiB
2026/08/03 17:37:47.030, 70.97 W, 76, 88 %, 1444 MiB
2026/08/03 17:37:48.034, 73.32 W, 75, 90 %, 1444 MiB
2026/08/03 17:37:49.043, 69.98 W, 76, 89 %, 1444 MiB
2026/08/03 17:37:50.047, 74.25 W, 76, 90 %, 1444 MiB
2026/08/03 17:37:51.050, 75.51 W, 76, 89 %, 1444 MiB
2026/08/03 17:37:52.055, 68.73 W, 76, 90 %, 1444 MiB
2026/08/03 17:37:53.059, 75.83 W, 76, 89 %, 1444 MiB
2026/08/03 17:37:54.063, 68.81 W, 76, 91 %, 1444 MiB
2026/08/03 17:37:55.071, 75.31 W, 76, 89 %, 1444 MiB
2026/08/03 17:37:56.074, 69.72 W, 76, 90 %, 1444 MiB
2026/08/03 17:37:57.079, 75.42 W, 75, 89 %, 1444 MiB
2026/08/03 17:37:58.085, 69.71 W, 76, 90 %, 1444 MiB
2026/08/03 17:37:59.088, 75.83 W, 75, 89 %, 1444 MiB
2026/08/03 17:38:00.092, 68.10 W, 76, 89 %, 1444 MiB
2026/08/03 17:38:01.099, 76.32 W, 76, 88 %, 1446 MiB
2026/08/03 17:38:02.104, 68.31 W, 76, 90 %, 1446 MiB
2026/08/03 17:38:03.107, 74.93 W, 76, 89 %, 1446 MiB
2026/08/03 17:38:04.113, 69.68 W, 76, 90 %, 1446 MiB
2026/08/03 17:38:05.117, 74.67 W, 76, 89 %, 1446 MiB
2026/08/03 17:38:06.121, 70.19 W, 76, 90 %, 1446 MiB
2026/08/03 17:38:07.125, 36.33 W, 75, 83 %, 2658 MiB
2026/08/03 17:38:08.130, 75.90 W, 75, 32 %, 1448 MiB
2026/08/03 17:38:09.134, 69.45 W, 76, 88 %, 1448 MiB
2026/08/03 17:38:10.141, 76.22 W, 76, 90 %, 1448 MiB
2026/08/03 17:38:11.146, 67.50 W, 76, 88 %, 1448 MiB
2026/08/03 17:38:12.150, 73.62 W, 75, 89 %, 1448 MiB
2026/08/03 17:38:13.155, 68.08 W, 76, 89 %, 1448 MiB
2026/08/03 17:38:14.159, 72.35 W, 76, 90 %, 1448 MiB
2026/08/03 17:38:15.162, 69.78 W, 76, 88 %, 1448 MiB
2026/08/03 17:38:16.166, 71.81 W, 76, 90 %, 1448 MiB
2026/08/03 17:38:17.170, 70.60 W, 76, 89 %, 1448 MiB
2026/08/03 17:38:18.174, 69.50 W, 76, 90 %, 1448 MiB
2026/08/03 17:38:19.184, 72.59 W, 75, 88 %, 1448 MiB
2026/08/03 17:38:20.187, 70.54 W, 76, 90 %, 1448 MiB
2026/08/03 17:38:21.191, 75.20 W, 76, 89 %, 1448 MiB
2026/08/03 17:38:22.197, 70.56 W, 76, 90 %, 1448 MiB
2026/08/03 17:38:23.201, 69.35 W, 76, 89 %, 1448 MiB
2026/08/03 17:38:24.205, 76.40 W, 76, 90 %, 1448 MiB
2026/08/03 17:38:25.211, 67.58 W, 76, 89 %, 1448 MiB
2026/08/03 17:38:26.215, 75.88 W, 76, 89 %, 1448 MiB
2026/08/03 17:38:27.219, 68.70 W, 76, 90 %, 1448 MiB
2026/08/03 17:38:28.227, 77.09 W, 76, 89 %, 1448 MiB
2026/08/03 17:38:29.231, 68.08 W, 76, 90 %, 1448 MiB
2026/08/03 17:38:30.235, 46.03 W, 72, 73 %, 2658 MiB
2026/08/03 17:38:31.238, 70.54 W, 76, 40 %, 1444 MiB
2026/08/03 17:38:32.243, 73.03 W, 76, 90 %, 1446 MiB
2026/08/03 17:38:33.247, 69.13 W, 76, 88 %, 1446 MiB
2026/08/03 17:38:34.254, 74.35 W, 76, 90 %, 1446 MiB
2026/08/03 17:38:35.261, 71.04 W, 76, 89 %, 1446 MiB
2026/08/03 17:38:36.264, 72.80 W, 75, 90 %, 1446 MiB
2026/08/03 17:38:37.269, 71.15 W, 77, 89 %, 1446 MiB
2026/08/03 17:38:38.276, 73.37 W, 75, 90 %, 1446 MiB
2026/08/03 17:38:39.279, 74.39 W, 76, 88 %, 1446 MiB
2026/08/03 17:38:40.283, 69.31 W, 76, 90 %, 1446 MiB
2026/08/03 17:38:41.289, 76.79 W, 76, 89 %, 1446 MiB
2026/08/03 17:38:42.293, 67.55 W, 76, 90 %, 1446 MiB
2026/08/03 17:38:43.297, 77.50 W, 76, 89 %, 1446 MiB
2026/08/03 17:38:44.305, 68.14 W, 76, 90 %, 1446 MiB
2026/08/03 17:38:45.309, 74.66 W, 75, 89 %, 1446 MiB
2026/08/03 17:38:46.313, 70.05 W, 76, 90 %, 1446 MiB
2026/08/03 17:38:47.319, 73.24 W, 75, 90 %, 1446 MiB
2026/08/03 17:38:48.328, 70.39 W, 76, 90 %, 1446 MiB
2026/08/03 17:38:49.331, 73.35 W, 76, 90 %, 1446 MiB
2026/08/03 17:38:50.336, 69.06 W, 76, 89 %, 1446 MiB
2026/08/03 17:38:51.341, 75.91 W, 76, 90 %, 1446 MiB
2026/08/03 17:38:52.345, 74.63 W, 76, 89 %, 2658 MiB
2026/08/03 17:38:53.350, 35.03 W, 71, 90 %, 2658 MiB
2026/08/03 17:38:54.353, 70.77 W, 76, 43 %, 1442 MiB
2026/08/03 17:38:55.357, 74.73 W, 76, 72 %, 1446 MiB
2026/08/03 17:38:56.361, 77.34 W, 76, 89 %, 1446 MiB
2026/08/03 17:38:57.366, 69.75 W, 76, 90 %, 1446 MiB
2026/08/03 17:38:58.370, 75.16 W, 76, 89 %, 1446 MiB
2026/08/03 17:38:59.374, 69.68 W, 76, 90 %, 1446 MiB
2026/08/03 17:39:00.378, 75.16 W, 76, 89 %, 1446 MiB
2026/08/03 17:39:01.382, 68.40 W, 76, 90 %, 1446 MiB
2026/08/03 17:39:02.388, 71.67 W, 75, 88 %, 1446 MiB
2026/08/03 17:39:03.391, 69.15 W, 76, 89 %, 1446 MiB
2026/08/03 17:39:04.395, 70.81 W, 76, 88 %, 1446 MiB
2026/08/03 17:39:05.404, 72.67 W, 76, 89 %, 1446 MiB
2026/08/03 17:39:06.408, 69.46 W, 76, 90 %, 1446 MiB
2026/08/03 17:39:07.412, 75.07 W, 75, 89 %, 1446 MiB
2026/08/03 17:39:08.419, 69.89 W, 76, 90 %, 1446 MiB
2026/08/03 17:39:09.423, 74.53 W, 75, 89 %, 1446 MiB
2026/08/03 17:39:10.427, 75.94 W, 76, 90 %, 1446 MiB
2026/08/03 17:39:11.433, 69.54 W, 76, 89 %, 1446 MiB
2026/08/03 17:39:12.437, 75.88 W, 76, 90 %, 1446 MiB
2026/08/03 17:39:13.441, 68.86 W, 76, 89 %, 1446 MiB
2026/08/03 17:39:14.450, 75.61 W, 76, 90 %, 1446 MiB
2026/08/03 17:39:15.454, 36.82 W, 75, 89 %, 2660 MiB
2026/08/03 17:39:16.459, 34.75 W, 71, 78 %, 2660 MiB
2026/08/03 17:39:17.461, 69.57 W, 76, 35 %, 1464 MiB
2026/08/03 17:39:18.469, 76.54 W, 75, 90 %, 1464 MiB
2026/08/03 17:39:19.473, 69.08 W, 76, 89 %, 1464 MiB
2026/08/03 17:39:20.477, 76.54 W, 75, 90 %, 1466 MiB
2026/08/03 17:39:21.483, 67.88 W, 76, 88 %, 1466 MiB
2026/08/03 17:39:22.487, 75.63 W, 76, 90 %, 1466 MiB
2026/08/03 17:39:23.492, 68.23 W, 76, 89 %, 1466 MiB
2026/08/03 17:39:24.498, 75.17 W, 76, 90 %, 1466 MiB
2026/08/03 17:39:25.502, 68.32 W, 76, 89 %, 1466 MiB
2026/08/03 17:39:26.506, 73.18 W, 76, 90 %, 1466 MiB
2026/08/03 17:39:27.513, 67.79 W, 75, 89 %, 1466 MiB
2026/08/03 17:39:28.517, 72.70 W, 76, 90 %, 1466 MiB
2026/08/03 17:39:29.520, 69.92 W, 75, 89 %, 1466 MiB
2026/08/03 17:39:30.525, 76.89 W, 76, 90 %, 1466 MiB
2026/08/03 17:39:31.529, 70.56 W, 76, 89 %, 1466 MiB
2026/08/03 17:39:32.533, 75.61 W, 76, 89 %, 1466 MiB
2026/08/03 17:39:33.538, 68.76 W, 76, 89 %, 1466 MiB
2026/08/03 17:39:34.543, 75.62 W, 75, 90 %, 1466 MiB
2026/08/03 17:39:35.547, 68.56 W, 76, 89 %, 1466 MiB
2026/08/03 17:39:36.552, 75.38 W, 75, 90 %, 1466 MiB
2026/08/03 17:39:37.558, 67.83 W, 76, 88 %, 1466 MiB
2026/08/03 17:39:38.562, 46.29 W, 72, 90 %, 2678 MiB
2026/08/03 17:39:39.565, 67.77 W, 74, 67 %, 1462 MiB
2026/08/03 17:39:40.573, 74.86 W, 75, 47 %, 1462 MiB
2026/08/03 17:39:41.578, 69.07 W, 76, 89 %, 1466 MiB
2026/08/03 17:39:42.582, 75.89 W, 76, 90 %, 1466 MiB
2026/08/03 17:39:43.587, 70.40 W, 76, 88 %, 1466 MiB
2026/08/03 17:39:44.591, 69.20 W, 76, 90 %, 1466 MiB
2026/08/03 17:39:45.595, 72.94 W, 75, 89 %, 1466 MiB
2026/08/03 17:39:46.603, 68.83 W, 76, 89 %, 1466 MiB
2026/08/03 17:39:47.607, 73.37 W, 75, 90 %, 1466 MiB
2026/08/03 17:39:48.611, 69.91 W, 76, 90 %, 1466 MiB
2026/08/03 17:39:49.617, 70.91 W, 75, 89 %, 1466 MiB
2026/08/03 17:39:50.621, 67.93 W, 76, 89 %, 1466 MiB
2026/08/03 17:39:51.625, 70.39 W, 76, 89 %, 1466 MiB
2026/08/03 17:39:52.628, 68.91 W, 76, 89 %, 1468 MiB
2026/08/03 17:39:53.632, 70.53 W, 76, 89 %, 1468 MiB
2026/08/03 17:39:54.640, 73.43 W, 75, 88 %, 1468 MiB
2026/08/03 17:39:55.643, 68.59 W, 76, 90 %, 1468 MiB
2026/08/03 17:39:56.647, 76.48 W, 75, 88 %, 1468 MiB
2026/08/03 17:39:57.653, 69.51 W, 76, 90 %, 1468 MiB
2026/08/03 17:39:58.657, 73.90 W, 76, 89 %, 1468 MiB
2026/08/03 17:39:59.660, 76.44 W, 76, 91 %, 1468 MiB
2026/08/03 17:40:00.664, 70.07 W, 76, 89 %, 1468 MiB
2026/08/03 17:40:01.668, 76.76 W, 74, 88 %, 2682 MiB
2026/08/03 17:40:02.671, 71.35 W, 75, 41 %, 1462 MiB
2026/08/03 17:40:03.675, 74.94 W, 76, 76 %, 1466 MiB
2026/08/03 17:40:04.679, 70.59 W, 76, 89 %, 1466 MiB
2026/08/03 17:40:05.682, 74.45 W, 76, 90 %, 1466 MiB
2026/08/03 17:40:06.690, 71.34 W, 76, 89 %, 1466 MiB
2026/08/03 17:40:07.694, 77.01 W, 75, 90 %, 1466 MiB
2026/08/03 17:40:08.697, 69.43 W, 76, 88 %, 1466 MiB
2026/08/03 17:40:09.705, 76.32 W, 75, 90 %, 1466 MiB
2026/08/03 17:40:10.709, 68.94 W, 76, 89 %, 1466 MiB
2026/08/03 17:40:11.713, 75.79 W, 76, 90 %, 1466 MiB
2026/08/03 17:40:12.719, 69.84 W, 76, 88 %, 1468 MiB
2026/08/03 17:40:13.723, 76.24 W, 76, 90 %, 1468 MiB
2026/08/03 17:40:14.727, 77.07 W, 76, 89 %, 1468 MiB
2026/08/03 17:40:15.732, 68.37 W, 76, 90 %, 1468 MiB
2026/08/03 17:40:16.736, 70.76 W, 75, 88 %, 1468 MiB
2026/08/03 17:40:17.741, 67.51 W, 76, 90 %, 1468 MiB
2026/08/03 17:40:18.745, 69.94 W, 75, 88 %, 1468 MiB
2026/08/03 17:40:19.748, 70.40 W, 76, 90 %, 1468 MiB
2026/08/03 17:40:20.753, 69.71 W, 76, 88 %, 1468 MiB
2026/08/03 17:40:21.757, 75.62 W, 76, 90 %, 1468 MiB
2026/08/03 17:40:22.761, 70.63 W, 76, 89 %, 1468 MiB
2026/08/03 17:40:23.770, 68.81 W, 75, 90 %, 1490 MiB
2026/08/03 17:40:24.773, 38.11 W, 72, 75 %, 2678 MiB
2026/08/03 17:40:25.776, 68.11 W, 75, 39 %, 1444 MiB
2026/08/03 17:40:26.782, 70.22 W, 75, 88 %, 1444 MiB
2026/08/03 17:40:27.789, 68.87 W, 75, 89 %, 1444 MiB
2026/08/03 17:40:28.792, 69.58 W, 76, 89 %, 1444 MiB
2026/08/03 17:40:29.797, 74.06 W, 75, 89 %, 1444 MiB
2026/08/03 17:40:30.800, 76.66 W, 76, 88 %, 1446 MiB
2026/08/03 17:40:31.804, 69.25 W, 76, 90 %, 1446 MiB
2026/08/03 17:40:32.810, 76.68 W, 76, 89 %, 1446 MiB
2026/08/03 17:40:33.814, 69.23 W, 76, 89 %, 1446 MiB
2026/08/03 17:40:34.819, 74.29 W, 75, 89 %, 1446 MiB
2026/08/03 17:40:35.825, 68.29 W, 76, 88 %, 1446 MiB
2026/08/03 17:40:36.829, 68.89 W, 76, 90 %, 1446 MiB
2026/08/03 17:40:37.834, 68.24 W, 76, 89 %, 1446 MiB
2026/08/03 17:40:38.838, 69.60 W, 76, 90 %, 1446 MiB
2026/08/03 17:40:39.842, 72.36 W, 75, 88 %, 1446 MiB
2026/08/03 17:40:40.846, 68.96 W, 76, 90 %, 1446 MiB
2026/08/03 17:40:41.854, 76.45 W, 75, 88 %, 1446 MiB
2026/08/03 17:40:42.858, 68.88 W, 76, 90 %, 1446 MiB
2026/08/03 17:40:43.862, 73.93 W, 76, 88 %, 1446 MiB
2026/08/03 17:40:44.867, 68.52 W, 75, 90 %, 1446 MiB
2026/08/03 17:40:45.871, 68.79 W, 76, 89 %, 1446 MiB
2026/08/03 17:40:46.876, 71.56 W, 76, 89 %, 2658 MiB
2026/08/03 17:40:47.883, 35.14 W, 71, 68 %, 2658 MiB
2026/08/03 17:40:48.886, 76.31 W, 75, 47 %, 1444 MiB
2026/08/03 17:40:49.890, 68.88 W, 75, 88 %, 1444 MiB
2026/08/03 17:40:50.895, 77.26 W, 75, 90 %, 1444 MiB
2026/08/03 17:40:51.899, 69.35 W, 76, 89 %, 1444 MiB
2026/08/03 17:40:52.903, 74.23 W, 75, 89 %, 1444 MiB
2026/08/03 17:40:53.909, 68.56 W, 76, 88 %, 1444 MiB
2026/08/03 17:40:54.913, 70.70 W, 76, 89 %, 1444 MiB
2026/08/03 17:40:55.917, 67.91 W, 76, 90 %, 1444 MiB
2026/08/03 17:40:56.923, 70.86 W, 76, 89 %, 1444 MiB
2026/08/03 17:40:57.933, 71.67 W, 76, 90 %, 1444 MiB
2026/08/03 17:40:58.937, 69.75 W, 75, 89 %, 1444 MiB
2026/08/03 17:40:59.942, 72.28 W, 75, 90 %, 1446 MiB
2026/08/03 17:41:00.948, 70.86 W, 76, 88 %, 1446 MiB
2026/08/03 17:41:01.952, 72.77 W, 75, 90 %, 1446 MiB
2026/08/03 17:41:02.956, 75.59 W, 76, 88 %, 1446 MiB
2026/08/03 17:41:03.959, 68.01 W, 76, 90 %, 1448 MiB
2026/08/03 17:41:04.964, 77.62 W, 76, 88 %, 1448 MiB
2026/08/03 17:41:05.968, 67.84 W, 75, 90 %, 1448 MiB
2026/08/03 17:41:06.974, 76.47 W, 75, 89 %, 1448 MiB
2026/08/03 17:41:07.977, 67.81 W, 76, 90 %, 1448 MiB
2026/08/03 17:41:08.981, 77.46 W, 75, 89 %, 1448 MiB
2026/08/03 17:41:09.989, 36.09 W, 75, 87 %, 2656 MiB
2026/08/03 17:41:10.993, 34.68 W, 71, 41 %, 2656 MiB
2026/08/03 17:41:11.996, 70.74 W, 75, 75 %, 1462 MiB
2026/08/03 17:41:13.001, 75.02 W, 75, 90 %, 1462 MiB
2026/08/03 17:41:14.010, 70.58 W, 75, 90 %, 1462 MiB
2026/08/03 17:41:15.014, 75.06 W, 74, 89 %, 1464 MiB
2026/08/03 17:41:16.017, 69.16 W, 76, 90 %, 1466 MiB
2026/08/03 17:41:17.020, 76.62 W, 76, 88 %, 1466 MiB
2026/08/03 17:41:18.024, 68.76 W, 75, 90 %, 1466 MiB
2026/08/03 17:41:19.027, 67.95 W, 76, 89 %, 1466 MiB
2026/08/03 17:41:20.032, 77.28 W, 76, 90 %, 1466 MiB
2026/08/03 17:41:21.036, 67.79 W, 75, 89 %, 1466 MiB
2026/08/03 17:41:22.044, 77.82 W, 75, 90 %, 1466 MiB
2026/08/03 17:41:23.048, 68.91 W, 76, 88 %, 1466 MiB
2026/08/03 17:41:24.051, 75.39 W, 74, 90 %, 1466 MiB
2026/08/03 17:41:25.058, 67.57 W, 76, 89 %, 1466 MiB
2026/08/03 17:41:26.062, 76.38 W, 75, 90 %, 1466 MiB
2026/08/03 17:41:27.066, 68.74 W, 76, 89 %, 1466 MiB
2026/08/03 17:41:28.073, 75.90 W, 75, 90 %, 1466 MiB
2026/08/03 17:41:29.076, 68.85 W, 76, 89 %, 1466 MiB
2026/08/03 17:41:30.080, 75.28 W, 76, 89 %, 1466 MiB
2026/08/03 17:41:31.085, 67.71 W, 75, 90 %, 1466 MiB
2026/08/03 17:41:32.089, 76.40 W, 76, 89 %, 1466 MiB
2026/08/03 17:41:33.095, 42.38 W, 73, 91 %, 2678 MiB
2026/08/03 17:41:34.103, 72.76 W, 74, 74 %, 1464 MiB
2026/08/03 17:41:35.110, 76.32 W, 75, 39 %, 1464 MiB
2026/08/03 17:41:36.114, 68.36 W, 76, 90 %, 1464 MiB
2026/08/03 17:41:37.118, 76.48 W, 75, 89 %, 1464 MiB
2026/08/03 17:41:38.123, 68.72 W, 76, 90 %, 1464 MiB
2026/08/03 17:41:39.127, 74.58 W, 76, 89 %, 1464 MiB
2026/08/03 17:41:40.131, 68.48 W, 75, 91 %, 1464 MiB
2026/08/03 17:41:41.138, 74.47 W, 75, 89 %, 1464 MiB
2026/08/03 17:41:42.143, 70.94 W, 75, 90 %, 1464 MiB
2026/08/03 17:41:43.146, 75.75 W, 75, 90 %, 1466 MiB
2026/08/03 17:41:44.151, 69.69 W, 75, 90 %, 1466 MiB
2026/08/03 17:41:45.156, 75.39 W, 75, 89 %, 1466 MiB
2026/08/03 17:41:46.160, 70.07 W, 76, 89 %, 1466 MiB
2026/08/03 17:41:47.165, 75.57 W, 75, 89 %, 1466 MiB
2026/08/03 17:41:48.169, 70.72 W, 76, 90 %, 1466 MiB
2026/08/03 17:41:49.173, 76.82 W, 75, 89 %, 1466 MiB
2026/08/03 17:41:50.178, 68.48 W, 75, 91 %, 1466 MiB
2026/08/03 17:41:51.181, 69.75 W, 76, 88 %, 1466 MiB
2026/08/03 17:41:52.185, 77.32 W, 75, 90 %, 1466 MiB
2026/08/03 17:41:53.192, 69.82 W, 76, 90 %, 1466 MiB
2026/08/03 17:41:54.196, 75.44 W, 76, 91 %, 1466 MiB
2026/08/03 17:41:55.200, 69.93 W, 75, 89 %, 1484 MiB
2026/08/03 17:41:56.208, 36.57 W, 72, 90 %, 2676 MiB
2026/08/03 17:41:57.211, 72.24 W, 74, 51 %, 1446 MiB
2026/08/03 17:41:58.215, 69.03 W, 75, 62 %, 1446 MiB
2026/08/03 17:41:59.219, 76.69 W, 74, 91 %, 1446 MiB
2026/08/03 17:42:00.223, 69.44 W, 76, 89 %, 1446 MiB
2026/08/03 17:42:01.227, 76.27 W, 75, 90 %, 1446 MiB
2026/08/03 17:42:02.232, 68.61 W, 76, 89 %, 1446 MiB
2026/08/03 17:42:03.236, 76.94 W, 75, 90 %, 1446 MiB
2026/08/03 17:42:04.239, 69.42 W, 75, 89 %, 1446 MiB
2026/08/03 17:42:05.244, 75.77 W, 75, 90 %, 1446 MiB
2026/08/03 17:42:06.248, 71.08 W, 75, 88 %, 1446 MiB
2026/08/03 17:42:07.252, 70.82 W, 76, 90 %, 1446 MiB
2026/08/03 17:42:08.259, 69.02 W, 75, 89 %, 1446 MiB
2026/08/03 17:42:09.263, 71.36 W, 76, 90 %, 1446 MiB
2026/08/03 17:42:10.267, 70.90 W, 75, 88 %, 1446 MiB
2026/08/03 17:42:11.273, 72.64 W, 75, 90 %, 1446 MiB
2026/08/03 17:42:12.277, 69.82 W, 76, 89 %, 1446 MiB
2026/08/03 17:42:13.281, 71.37 W, 76, 90 %, 1446 MiB
2026/08/03 17:42:14.285, 69.92 W, 76, 89 %, 1446 MiB
2026/08/03 17:42:15.289, 72.31 W, 75, 90 %, 1446 MiB
2026/08/03 17:42:16.294, 69.56 W, 75, 89 %, 1446 MiB
2026/08/03 17:42:17.304, 72.90 W, 75, 90 %, 1446 MiB
2026/08/03 17:42:18.308, 68.76 W, 74, 89 %, 2658 MiB
2026/08/03 17:42:19.311, 32.07 W, 70, 82 %, 2658 MiB
2026/08/03 17:42:20.314, 76.68 W, 75, 33 %, 1442 MiB
2026/08/03 17:42:21.318, 69.00 W, 75, 90 %, 1444 MiB
2026/08/03 17:42:22.322, 69.13 W, 75, 89 %, 1444 MiB
2026/08/03 17:42:23.329, 71.32 W, 75, 90 %, 1446 MiB
2026/08/03 17:42:24.333, 68.16 W, 76, 88 %, 1446 MiB
2026/08/03 17:42:25.337, 70.99 W, 75, 90 %, 1446 MiB
2026/08/03 17:42:26.344, 68.26 W, 76, 89 %, 1446 MiB
2026/08/03 17:42:27.348, 71.19 W, 75, 90 %, 1446 MiB
2026/08/03 17:42:28.352, 68.35 W, 76, 89 %, 1446 MiB
2026/08/03 17:42:29.356, 71.40 W, 76, 90 %, 1446 MiB
2026/08/03 17:42:30.359, 69.90 W, 75, 89 %, 1446 MiB
2026/08/03 17:42:31.363, 68.61 W, 75, 89 %, 1446 MiB
2026/08/03 17:42:32.368, 74.52 W, 75, 88 %, 1446 MiB
2026/08/03 17:42:33.372, 70.13 W, 76, 90 %, 1446 MiB
2026/08/03 17:42:34.377, 75.13 W, 75, 89 %, 1446 MiB
2026/08/03 17:42:35.382, 68.94 W, 76, 90 %, 1446 MiB
2026/08/03 17:42:36.386, 75.56 W, 76, 89 %, 1446 MiB
2026/08/03 17:42:37.392, 75.33 W, 75, 90 %, 1446 MiB
2026/08/03 17:42:38.395, 68.54 W, 75, 90 %, 1446 MiB
2026/08/03 17:42:39.400, 75.32 W, 75, 90 %, 1446 MiB
2026/08/03 17:42:40.406, 69.76 W, 75, 89 %, 1446 MiB
2026/08/03 17:42:41.410, 66.84 W, 75, 90 %, 2658 MiB
2026/08/03 17:42:42.415, 34.75 W, 72, 67 %, 1276 MiB
2026/08/03 17:42:43.419, 76.07 W, 75, 47 %, 1444 MiB
2026/08/03 17:42:44.427, 68.74 W, 75, 89 %, 1444 MiB
2026/08/03 17:42:45.432, 76.28 W, 75, 90 %, 1444 MiB
2026/08/03 17:42:46.435, 68.20 W, 76, 88 %, 1444 MiB
2026/08/03 17:42:47.442, 77.36 W, 75, 90 %, 1444 MiB
2026/08/03 17:42:48.446, 69.96 W, 76, 89 %, 1444 MiB
2026/08/03 17:42:49.449, 75.06 W, 76, 90 %, 1444 MiB
2026/08/03 17:42:50.453, 68.01 W, 75, 89 %, 1444 MiB
2026/08/03 17:42:51.457, 72.08 W, 75, 89 %, 1444 MiB
2026/08/03 17:42:52.463, 68.24 W, 75, 90 %, 1444 MiB
2026/08/03 17:42:53.471, 70.88 W, 76, 89 %, 1444 MiB
2026/08/03 17:42:54.475, 70.40 W, 75, 90 %, 1444 MiB
2026/08/03 17:42:55.478, 76.63 W, 75, 88 %, 1444 MiB
2026/08/03 17:42:56.486, 70.61 W, 76, 90 %, 1444 MiB
2026/08/03 17:42:57.490, 74.27 W, 75, 88 %, 1444 MiB
2026/08/03 17:42:58.493, 69.66 W, 75, 90 %, 1444 MiB
2026/08/03 17:42:59.498, 75.40 W, 75, 89 %, 1446 MiB
2026/08/03 17:43:00.501, 69.63 W, 75, 90 %, 1446 MiB
2026/08/03 17:43:01.508, 74.81 W, 75, 89 %, 1446 MiB
2026/08/03 17:43:02.515, 68.35 W, 76, 89 %, 1446 MiB
2026/08/03 17:43:03.519, 76.95 W, 75, 88 %, 1446 MiB
2026/08/03 17:43:04.522, 40.60 W, 75, 88 %, 2660 MiB
2026/08/03 17:43:05.528, 74.44 W, 74, 42 %, 1462 MiB
2026/08/03 17:43:06.536, 70.09 W, 75, 75 %, 1462 MiB
2026/08/03 17:43:07.540, 76.26 W, 74, 89 %, 1462 MiB
2026/08/03 17:43:08.543, 69.12 W, 75, 90 %, 1464 MiB
2026/08/03 17:43:09.551, 74.31 W, 75, 89 %, 1464 MiB
2026/08/03 17:43:10.554, 76.34 W, 75, 90 %, 1464 MiB
2026/08/03 17:43:11.558, 67.86 W, 76, 89 %, 1466 MiB
2026/08/03 17:43:12.564, 75.47 W, 75, 90 %, 1466 MiB
2026/08/03 17:43:13.568, 69.86 W, 75, 88 %, 1466 MiB
2026/08/03 17:43:14.572, 72.65 W, 75, 91 %, 1466 MiB
2026/08/03 17:43:15.580, 69.93 W, 76, 88 %, 1466 MiB
2026/08/03 17:43:16.584, 70.15 W, 75, 90 %, 1468 MiB
2026/08/03 17:43:17.588, 69.56 W, 76, 89 %, 1468 MiB
2026/08/03 17:43:18.593, 69.47 W, 76, 90 %, 1468 MiB
2026/08/03 17:43:19.597, 72.60 W, 76, 89 %, 1468 MiB
2026/08/03 17:43:20.601, 71.74 W, 76, 90 %, 1468 MiB
2026/08/03 17:43:21.608, 74.86 W, 75, 89 %, 1468 MiB
2026/08/03 17:43:22.612, 69.85 W, 76, 89 %, 1468 MiB
2026/08/03 17:43:23.616, 74.26 W, 75, 90 %, 1468 MiB
2026/08/03 17:43:24.621, 68.45 W, 76, 89 %, 1468 MiB
2026/08/03 17:43:25.625, 75.81 W, 76, 89 %, 1468 MiB
2026/08/03 17:43:26.629, 73.89 W, 76, 89 %, 1468 MiB
2026/08/03 17:43:27.637, 74.44 W, 73, 78 %, 2682 MiB
2026/08/03 17:43:28.641, 76.74 W, 75, 37 %, 1442 MiB
2026/08/03 17:43:29.644, 69.46 W, 76, 89 %, 1442 MiB
2026/08/03 17:43:30.648, 75.23 W, 75, 91 %, 1444 MiB
2026/08/03 17:43:31.652, 70.81 W, 76, 89 %, 1444 MiB
2026/08/03 17:43:32.656, 75.32 W, 76, 91 %, 1444 MiB
2026/08/03 17:43:33.661, 68.61 W, 75, 89 %, 1444 MiB
2026/08/03 17:43:34.665, 76.47 W, 75, 90 %, 1444 MiB
2026/08/03 17:43:35.669, 69.05 W, 76, 88 %, 1444 MiB
2026/08/03 17:43:36.673, 75.76 W, 75, 90 %, 1444 MiB
2026/08/03 17:43:37.677, 69.88 W, 76, 89 %, 1444 MiB
2026/08/03 17:43:38.680, 75.95 W, 76, 90 %, 1446 MiB
2026/08/03 17:43:39.684, 69.68 W, 76, 89 %, 1446 MiB
2026/08/03 17:43:40.691, 68.33 W, 75, 89 %, 1446 MiB
2026/08/03 17:43:41.699, 71.05 W, 75, 90 %, 1446 MiB
2026/08/03 17:43:42.702, 69.64 W, 76, 88 %, 1446 MiB
2026/08/03 17:43:43.706, 70.73 W, 74, 91 %, 1446 MiB
2026/08/03 17:43:44.713, 70.34 W, 76, 88 %, 1446 MiB
2026/08/03 17:43:45.717, 70.92 W, 75, 90 %, 1448 MiB
2026/08/03 17:43:46.721, 72.89 W, 76, 88 %, 1448 MiB
2026/08/03 17:43:47.727, 71.73 W, 76, 91 %, 1448 MiB
2026/08/03 17:43:48.732, 70.78 W, 76, 89 %, 1448 MiB
2026/08/03 17:43:49.736, 72.77 W, 76, 90 %, 2090 MiB
2026/08/03 17:43:50.742, 35.06 W, 71, 64 %, 2658 MiB
2026/08/03 17:43:51.745, 76.33 W, 74, 51 %, 1444 MiB
2026/08/03 17:43:52.748, 71.12 W, 76, 89 %, 1444 MiB
2026/08/03 17:43:53.752, 75.38 W, 76, 89 %, 1444 MiB
2026/08/03 17:43:54.756, 69.21 W, 75, 90 %, 1444 MiB
2026/08/03 17:43:55.760, 73.54 W, 75, 89 %, 1444 MiB
2026/08/03 17:43:56.766, 70.11 W, 75, 89 %, 1446 MiB
2026/08/03 17:43:57.769, 74.94 W, 76, 89 %, 1446 MiB
2026/08/03 17:43:58.773, 70.35 W, 75, 89 %, 1446 MiB
2026/08/03 17:43:59.778, 76.29 W, 76, 90 %, 1446 MiB
2026/08/03 17:44:00.782, 70.29 W, 76, 88 %, 1446 MiB
2026/08/03 17:44:01.786, 74.42 W, 76, 90 %, 1446 MiB
2026/08/03 17:44:02.792, 70.26 W, 75, 89 %, 1446 MiB
2026/08/03 17:44:03.796, 75.59 W, 75, 91 %, 1446 MiB
2026/08/03 17:44:04.800, 69.92 W, 75, 89 %, 1446 MiB
2026/08/03 17:44:05.805, 75.87 W, 75, 91 %, 1446 MiB
2026/08/03 17:44:06.809, 69.22 W, 76, 88 %, 1446 MiB
2026/08/03 17:44:07.812, 75.11 W, 74, 90 %, 1446 MiB
2026/08/03 17:44:08.818, 69.53 W, 76, 89 %, 1446 MiB
2026/08/03 17:44:09.821, 74.80 W, 76, 90 %, 1446 MiB
2026/08/03 17:44:10.825, 68.94 W, 76, 89 %, 1446 MiB
2026/08/03 17:44:11.832, 75.24 W, 76, 91 %, 1446 MiB
2026/08/03 17:44:12.835, 56.57 W, 74, 82 %, 2658 MiB
2026/08/03 17:44:13.839, 34.70 W, 70, 82 %, 2658 MiB
2026/08/03 17:44:14.845, 73.49 W, 75, 38 %, 1444 MiB
2026/08/03 17:44:15.849, 69.78 W, 75, 84 %, 1444 MiB
2026/08/03 17:44:16.852, 74.51 W, 75, 88 %, 1444 MiB
2026/08/03 17:44:17.858, 69.61 W, 75, 90 %, 1444 MiB
2026/08/03 17:44:18.862, 76.31 W, 76, 89 %, 1444 MiB
2026/08/03 17:44:19.866, 70.66 W, 75, 90 %, 1444 MiB
2026/08/03 17:44:20.871, 75.96 W, 75, 89 %, 1444 MiB
2026/08/03 17:44:21.874, 68.10 W, 76, 89 %, 1444 MiB
2026/08/03 17:44:22.879, 75.00 W, 75, 89 %, 1444 MiB
2026/08/03 17:44:23.882, 68.53 W, 76, 89 %, 1444 MiB
2026/08/03 17:44:24.886, 74.59 W, 76, 90 %, 1444 MiB
2026/08/03 17:44:25.890, 66.99 W, 75, 89 %, 1444 MiB
2026/08/03 17:44:26.895, 67.45 W, 75, 89 %, 1444 MiB
2026/08/03 17:44:27.901, 71.15 W, 75, 89 %, 1446 MiB
2026/08/03 17:44:28.909, 68.28 W, 76, 90 %, 1446 MiB
2026/08/03 17:44:29.912, 69.14 W, 75, 88 %, 1446 MiB
2026/08/03 17:44:30.916, 73.38 W, 76, 90 %, 1446 MiB
2026/08/03 17:44:31.923, 69.75 W, 76, 89 %, 1446 MiB
2026/08/03 17:44:32.927, 75.08 W, 76, 90 %, 1446 MiB
2026/08/03 17:44:33.931, 71.83 W, 76, 89 %, 1446 MiB
2026/08/03 17:44:34.937, 75.21 W, 76, 91 %, 1446 MiB
2026/08/03 17:44:35.941, 60.74 W, 72, 89 %, 2658 MiB
2026/08/03 17:44:36.944, 65.10 W, 74, 76 %, 1464 MiB
2026/08/03 17:44:37.950, 76.11 W, 76, 38 %, 1464 MiB
2026/08/03 17:44:38.955, 69.16 W, 76, 90 %, 1464 MiB
2026/08/03 17:44:39.959, 74.88 W, 76, 90 %, 1464 MiB
2026/08/03 17:44:40.963, 69.31 W, 76, 89 %, 1464 MiB
2026/08/03 17:44:41.967, 75.64 W, 76, 89 %, 1466 MiB
2026/08/03 17:44:42.972, 71.08 W, 76, 89 %, 1466 MiB
2026/08/03 17:44:43.978, 68.80 W, 76, 89 %, 1466 MiB
2026/08/03 17:44:44.984, 69.30 W, 75, 89 %, 1466 MiB
2026/08/03 17:44:45.987, 71.18 W, 76, 89 %, 1466 MiB
2026/08/03 17:44:46.991, 68.46 W, 76, 90 %, 1466 MiB
2026/08/03 17:44:47.994, 71.68 W, 76, 88 %, 1466 MiB
2026/08/03 17:44:48.998, 69.50 W, 76, 90 %, 1466 MiB
2026/08/03 17:44:50.003, 74.52 W, 75, 89 %, 1468 MiB
2026/08/03 17:44:51.007, 71.42 W, 76, 90 %, 1468 MiB
2026/08/03 17:44:52.013, 75.78 W, 75, 89 %, 1468 MiB
2026/08/03 17:44:53.017, 71.15 W, 76, 90 %, 1468 MiB
2026/08/03 17:44:54.020, 75.80 W, 75, 89 %, 1468 MiB
2026/08/03 17:44:55.025, 71.25 W, 76, 91 %, 1468 MiB
2026/08/03 17:44:56.029, 75.29 W, 76, 89 %, 1468 MiB
2026/08/03 17:44:57.033, 70.68 W, 76, 90 %, 1468 MiB
2026/08/03 17:44:58.037, 68.96 W, 76, 89 %, 1468 MiB
2026/08/03 17:44:59.041, 77.17 W, 74, 89 %, 2676 MiB
2026/08/03 17:45:00.045, 69.73 W, 74, 52 %, 1444 MiB
2026/08/03 17:45:01.050, 77.37 W, 75, 62 %, 1444 MiB
2026/08/03 17:45:02.054, 71.32 W, 76, 90 %, 1444 MiB
2026/08/03 17:45:03.058, 75.50 W, 76, 90 %, 1444 MiB
2026/08/03 17:45:04.066, 68.77 W, 76, 89 %, 1446 MiB
2026/08/03 17:45:05.070, 74.62 W, 75, 90 %, 1446 MiB
2026/08/03 17:45:06.074, 70.37 W, 76, 89 %, 1446 MiB
2026/08/03 17:45:07.080, 74.77 W, 75, 90 %, 1446 MiB
2026/08/03 17:45:08.085, 70.26 W, 76, 89 %, 1446 MiB
2026/08/03 17:45:09.089, 76.61 W, 75, 90 %, 1446 MiB
2026/08/03 17:45:10.094, 68.35 W, 76, 88 %, 1446 MiB
2026/08/03 17:45:11.097, 78.10 W, 76, 90 %, 1446 MiB
2026/08/03 17:45:12.101, 68.07 W, 76, 89 %, 1446 MiB
2026/08/03 17:45:13.108, 76.57 W, 76, 90 %, 1446 MiB
2026/08/03 17:45:14.112, 69.34 W, 75, 89 %, 1446 MiB
2026/08/03 17:45:15.116, 72.14 W, 76, 90 %, 1446 MiB
2026/08/03 17:45:16.121, 69.45 W, 75, 88 %, 1446 MiB
2026/08/03 17:45:17.124, 74.33 W, 76, 89 %, 1446 MiB
2026/08/03 17:45:18.128, 69.41 W, 76, 89 %, 1446 MiB
2026/08/03 17:45:19.131, 76.09 W, 76, 90 %, 1446 MiB
2026/08/03 17:45:20.135, 70.52 W, 76, 89 %, 1446 MiB
2026/08/03 17:45:21.140, 71.85 W, 75, 90 %, 1470 MiB
2026/08/03 17:45:22.147, 37.97 W, 71, 83 %, 2658 MiB
2026/08/03 17:45:23.150, 66.46 W, 75, 31 %, 1462 MiB
2026/08/03 17:45:24.154, 69.13 W, 75, 88 %, 1462 MiB
2026/08/03 17:45:25.159, 72.30 W, 75, 90 %, 1464 MiB
2026/08/03 17:45:26.163, 71.05 W, 76, 88 %, 1464 MiB
2026/08/03 17:45:27.167, 72.26 W, 75, 90 %, 1464 MiB
2026/08/03 17:45:28.173, 69.19 W, 76, 88 %, 1466 MiB
2026/08/03 17:45:29.178, 72.07 W, 75, 90 %, 1466 MiB
2026/08/03 17:45:30.181, 76.08 W, 76, 89 %, 1466 MiB
2026/08/03 17:45:31.185, 70.22 W, 76, 90 %, 1466 MiB
2026/08/03 17:45:32.189, 75.92 W, 76, 89 %, 1466 MiB
2026/08/03 17:45:33.192, 68.08 W, 76, 90 %, 1466 MiB
2026/08/03 17:45:34.198, 75.46 W, 76, 88 %, 1466 MiB
2026/08/03 17:45:35.202, 66.82 W, 76, 90 %, 1466 MiB
2026/08/03 17:45:36.207, 76.58 W, 75, 88 %, 1466 MiB
2026/08/03 17:45:37.214, 68.17 W, 76, 90 %, 1466 MiB
2026/08/03 17:45:38.218, 73.16 W, 76, 89 %, 1466 MiB
2026/08/03 17:45:39.222, 70.09 W, 76, 89 %, 1466 MiB
2026/08/03 17:45:40.228, 74.68 W, 76, 90 %, 1466 MiB
2026/08/03 17:45:41.232, 69.64 W, 75, 89 %, 1466 MiB
2026/08/03 17:45:42.236, 75.04 W, 76, 90 %, 1466 MiB
2026/08/03 17:45:43.245, 66.90 W, 75, 89 %, 1466 MiB
2026/08/03 17:45:44.249, 60.74 W, 74, 90 %, 2676 MiB
2026/08/03 17:45:45.252, 35.13 W, 71, 74 %, 2676 MiB
2026/08/03 17:45:46.255, 69.57 W, 75, 40 %, 1464 MiB
2026/08/03 17:45:47.259, 75.56 W, 75, 91 %, 1464 MiB
2026/08/03 17:45:48.263, 66.92 W, 75, 88 %, 1464 MiB
2026/08/03 17:45:49.270, 74.86 W, 75, 89 %, 1464 MiB
2026/08/03 17:45:50.274, 68.84 W, 76, 88 %, 1464 MiB
2026/08/03 17:45:51.278, 75.23 W, 75, 91 %, 1464 MiB
2026/08/03 17:45:52.282, 66.95 W, 76, 89 %, 1464 MiB
2026/08/03 17:45:53.286, 72.40 W, 76, 90 %, 1464 MiB
2026/08/03 17:45:54.290, 67.63 W, 75, 89 %, 1464 MiB
2026/08/03 17:45:55.293, 70.08 W, 75, 89 %, 1464 MiB
2026/08/03 17:45:56.299, 69.88 W, 75, 90 %, 1464 MiB
2026/08/03 17:45:57.306, 71.20 W, 76, 89 %, 1464 MiB
2026/08/03 17:45:58.309, 73.52 W, 75, 90 %, 1464 MiB
2026/08/03 17:45:59.314, 69.21 W, 76, 87 %, 1464 MiB
2026/08/03 17:46:00.321, 69.27 W, 76, 89 %, 1464 MiB
2026/08/03 17:46:01.326, 74.88 W, 75, 89 %, 1464 MiB
2026/08/03 17:46:02.330, 69.20 W, 76, 90 %, 1464 MiB
2026/08/03 17:46:03.335, 72.10 W, 75, 89 %, 1464 MiB
2026/08/03 17:46:04.339, 69.50 W, 76, 90 %, 1464 MiB
2026/08/03 17:46:05.343, 70.71 W, 75, 89 %, 1464 MiB
2026/08/03 17:46:06.347, 68.16 W, 75, 90 %, 1464 MiB
2026/08/03 17:46:07.352, 60.88 W, 75, 89 %, 2678 MiB
2026/08/03 17:46:08.357, 34.68 W, 71, 48 %, 660 MiB
2026/08/03 17:46:09.362, 76.83 W, 74, 66 %, 1442 MiB
2026/08/03 17:46:10.369, 68.38 W, 75, 90 %, 1444 MiB
2026/08/03 17:46:11.375, 74.37 W, 76, 88 %, 1444 MiB
2026/08/03 17:46:12.378, 68.67 W, 75, 90 %, 1448 MiB
2026/08/03 17:46:13.383, 68.57 W, 75, 88 %, 1448 MiB
2026/08/03 17:46:14.392, 69.32 W, 75, 90 %, 1448 MiB
2026/08/03 17:46:15.396, 69.44 W, 76, 89 %, 1448 MiB
2026/08/03 17:46:16.399, 71.82 W, 75, 90 %, 1448 MiB
2026/08/03 17:46:17.405, 70.37 W, 76, 89 %, 1448 MiB
2026/08/03 17:46:18.409, 69.12 W, 75, 90 %, 1448 MiB
2026/08/03 17:46:19.412, 76.72 W, 75, 89 %, 1448 MiB
2026/08/03 17:46:20.418, 67.64 W, 76, 89 %, 1448 MiB
2026/08/03 17:46:21.422, 77.35 W, 75, 90 %, 1448 MiB
2026/08/03 17:46:22.425, 68.45 W, 76, 88 %, 1448 MiB
2026/08/03 17:46:23.429, 74.04 W, 74, 90 %, 1448 MiB
2026/08/03 17:46:24.432, 68.50 W, 75, 89 %, 1448 MiB
2026/08/03 17:46:25.436, 74.11 W, 76, 90 %, 1448 MiB
2026/08/03 17:46:26.441, 67.45 W, 75, 88 %, 1448 MiB
2026/08/03 17:46:27.445, 69.64 W, 75, 89 %, 1448 MiB
2026/08/03 17:46:28.452, 67.80 W, 75, 89 %, 1448 MiB
2026/08/03 17:46:29.455, 70.41 W, 76, 90 %, 1448 MiB
2026/08/03 17:46:30.460, 35.89 W, 72, 83 %, 2658 MiB
2026/08/03 17:46:31.466, 74.88 W, 74, 31 %, 1442 MiB
2026/08/03 17:46:32.473, 68.23 W, 75, 89 %, 1444 MiB
2026/08/03 17:46:33.476, 69.19 W, 75, 90 %, 1444 MiB
2026/08/03 17:46:34.480, 70.41 W, 75, 88 %, 1444 MiB
2026/08/03 17:46:35.488, 67.41 W, 75, 90 %, 1444 MiB
2026/08/03 17:46:36.492, 70.39 W, 74, 89 %, 1444 MiB
2026/08/03 17:46:37.496, 70.01 W, 75, 90 %, 1444 MiB
2026/08/03 17:46:38.503, 70.20 W, 75, 89 %, 1444 MiB
2026/08/03 17:46:39.507, 73.49 W, 75, 90 %, 1446 MiB
2026/08/03 17:46:40.510, 70.92 W, 75, 88 %, 1446 MiB
2026/08/03 17:46:41.519, 75.03 W, 75, 90 %, 1446 MiB
2026/08/03 17:46:42.523, 70.09 W, 75, 88 %, 1446 MiB
2026/08/03 17:46:43.527, 75.28 W, 74, 90 %, 1446 MiB
2026/08/03 17:46:44.531, 68.54 W, 76, 89 %, 1446 MiB
2026/08/03 17:46:45.536, 77.48 W, 76, 89 %, 1446 MiB
2026/08/03 17:46:46.539, 69.01 W, 75, 89 %, 1446 MiB
2026/08/03 17:46:47.545, 74.65 W, 75, 89 %, 1446 MiB
2026/08/03 17:46:48.555, 68.39 W, 75, 90 %, 1446 MiB
2026/08/03 17:46:49.559, 72.82 W, 75, 89 %, 1446 MiB
2026/08/03 17:46:50.562, 70.06 W, 75, 91 %, 1446 MiB
2026/08/03 17:46:51.568, 73.88 W, 75, 89 %, 1446 MiB
2026/08/03 17:46:52.572, 71.19 W, 74, 90 %, 1446 MiB
2026/08/03 17:46:53.576, 75.46 W, 73, 73 %, 2660 MiB
2026/08/03 17:46:54.580, 76.24 W, 74, 39 %, 1442 MiB
2026/08/03 17:46:55.584, 68.25 W, 75, 90 %, 1444 MiB
2026/08/03 17:46:56.588, 75.69 W, 74, 90 %, 1444 MiB
2026/08/03 17:46:57.596, 69.73 W, 75, 89 %, 1444 MiB
2026/08/03 17:46:58.601, 73.32 W, 75, 90 %, 1444 MiB
2026/08/03 17:46:59.604, 69.54 W, 75, 88 %, 1444 MiB
2026/08/03 17:47:00.610, 75.33 W, 76, 90 %, 1446 MiB
2026/08/03 17:47:01.614, 69.41 W, 75, 89 %, 1446 MiB
2026/08/03 17:47:02.617, 75.07 W, 75, 90 %, 1446 MiB
2026/08/03 17:47:03.622, 69.50 W, 75, 88 %, 1446 MiB
2026/08/03 17:47:04.625, 71.00 W, 76, 90 %, 1446 MiB
2026/08/03 17:47:05.631, 68.98 W, 75, 89 %, 1446 MiB
2026/08/03 17:47:06.635, 76.06 W, 75, 89 %, 1446 MiB
2026/08/03 17:47:07.639, 67.72 W, 75, 90 %, 1446 MiB
2026/08/03 17:47:08.645, 75.77 W, 75, 88 %, 1446 MiB
2026/08/03 17:47:09.650, 68.71 W, 75, 90 %, 1446 MiB
2026/08/03 17:47:10.655, 75.37 W, 75, 89 %, 1446 MiB
2026/08/03 17:47:11.660, 67.93 W, 76, 90 %, 1446 MiB
2026/08/03 17:47:12.664, 74.23 W, 75, 88 %, 1446 MiB
2026/08/03 17:47:13.668, 69.40 W, 76, 90 %, 1446 MiB
2026/08/03 17:47:14.672, 71.29 W, 76, 89 %, 1446 MiB
2026/08/03 17:47:15.676, 69.07 W, 75, 90 %, 1470 MiB
2026/08/03 17:47:16.679, 37.90 W, 71, 89 %, 2658 MiB
2026/08/03 17:47:17.682, 70.14 W, 75, 46 %, 1442 MiB
2026/08/03 17:47:18.686, 75.53 W, 75, 68 %, 1442 MiB
2026/08/03 17:47:19.690, 76.87 W, 75, 90 %, 1444 MiB
2026/08/03 17:47:20.694, 68.31 W, 75, 89 %, 1444 MiB
2026/08/03 17:47:21.698, 73.95 W, 75, 90 %, 1444 MiB
2026/08/03 17:47:22.705, 68.31 W, 75, 88 %, 1444 MiB
2026/08/03 17:47:23.708, 73.20 W, 74, 90 %, 1444 MiB
2026/08/03 17:47:24.716, 66.84 W, 76, 89 %, 1444 MiB
2026/08/03 17:47:25.720, 71.26 W, 76, 89 %, 1444 MiB
2026/08/03 17:47:26.723, 71.98 W, 76, 88 %, 1444 MiB
2026/08/03 17:47:27.726, 70.55 W, 76, 90 %, 1444 MiB
2026/08/03 17:47:28.734, 70.31 W, 75, 89 %, 1446 MiB
2026/08/03 17:47:29.739, 69.87 W, 76, 90 %, 1446 MiB
2026/08/03 17:47:30.743, 72.69 W, 75, 88 %, 1446 MiB
2026/08/03 17:47:31.747, 69.94 W, 76, 90 %, 1446 MiB
2026/08/03 17:47:32.751, 76.14 W, 75, 88 %, 1446 MiB
2026/08/03 17:47:33.754, 70.08 W, 76, 90 %, 1446 MiB
2026/08/03 17:47:34.761, 77.25 W, 76, 89 %, 1446 MiB
2026/08/03 17:47:35.765, 77.03 W, 75, 90 %, 1446 MiB
2026/08/03 17:47:36.769, 68.87 W, 76, 89 %, 1446 MiB
2026/08/03 17:47:37.775, 77.11 W, 75, 90 %, 1446 MiB
2026/08/03 17:47:38.779, 74.65 W, 73, 89 %, 2660 MiB
2026/08/03 17:47:39.782, 34.96 W, 71, 81 %, 2660 MiB
2026/08/03 17:47:40.785, 57.17 W, 74, 27 %, 1720 MiB
2026/08/03 17:47:41.790, 34.74 W, 70, 40 %, 1722 MiB
2026/08/03 17:47:42.793, 34.74 W, 69, 21 %, 1722 MiB
2026/08/03 17:47:43.795, 26.21 W, 68, 0 %, 1722 MiB
2026/08/03 17:47:44.799, 26.27 W, 68, 0 %, 1722 MiB
2026/08/03 17:47:45.802, 26.09 W, 67, 0 %, 1722 MiB
2026/08/03 17:47:46.805, 28.42 W, 67, 0 %, 362 MiB
2026/08/03 17:47:47.808, 26.45 W, 67, 4 %, 7 MiB
